0,5200.37,5724.421,5059.64,5321.594,5086.055,7279.3286,6920.6846,4924.1074,5147.353,6597.3193,5758.804,5212.2964,4904.2305
1,5392.31,5441.949,5144.347,5129.5156,5080.6245,6449.3984,6422.9873,4817.1934,4984.553,5867.3755,5584.37,5082.1147,4929.333
2,5014.48,5215.043,5146.2427,5200.442,5168.621,5404.5664,6002.171,4868.257,4952.526,5311.22,5413.8823,5128.501,4988.222
3,5225.63,5122.4243,5153.1274,5211.5405,5754.475,5533.812,5686.185,4992.4565,5116.6045,5322.154,5377.591,5200.092,5498.654
4,5238.44,5076.0156,5193.1094,5912.5806,6166.752,5390.8447,5475.3745,5372.0713,5401.612,5226.4717,5399.5176,5803.6943,5863.8457
5,6191.19,5129.8228,5672.1304,6211.455,6241.2695,5392.339,5429.0684,5827.147,5710.736,5226.3555,5777.5645,6169.6187,6027.802
6,6198.78,5554.0815,6126.82,6295.092,6027.1343,5391.872,5516.6533,6183.3477,5930.602,5393.7,6120.5,6273.0264,5902.518
7,6185.07,5908.553,6307.3564,5988.492,6203.7783,5672.7974,5688.7925,6282.257,6113.3574,5725.0264,6308.396,6062.4033,6073.9175
8,5830.25,6011.8525,6123.1646,6260.225,6596.1807,5977.761,5832.757,6354.6143,6305.385,5997.8794,6259.1597,6265.4453,6375.981
9,6416.31,5930.0947,6168.9604,6623.6323,6742.926,6327.063,5981.568,6518.5894,6487.092,6138.5337,6383.3423,6614.2993,6532.4634
10,6734.8,6069.51,6483.989,6767.4883,6741.288,6304.884,6146.5835,6690.748,6640.234,6148.2437,6633.154,6749.502,6606.7163
11,6681.06,6376.0244,6721.1865,6782.2373,6608.944,6332.9404,6311.773,6817.688,6719.041,6278.7324,6797.7275,6785.4985,6505.369
12,6716.44,6497.019,6786.7915,6577.483,6381.9775,6434.429,6457.041,6806.5137,6697.9194,6448.1313,6888.9478,6635.8457,6306.952
13,6469.8,6579.7183,6650.49,6335.1157,6086.8486,6759.5234,6555.262,6648.1035,6566.7803,6660.051,6836.067,6401.435,6027.531
14,6242.19,6502.4336,6413.035,6021.42,6209.742,6855.2407,6588.647,6362.949,6446.5913,6677.3804,6682.6143,6095.486,6121.7554
15,5922.04,6313.68,6109.903,6277.7925,6402.994,6776.2075,6550.572,6227.775,6378.993,6558.5596,6441.9834,6253.467,6235.863
16,6429.84,6066.2954,6152.2817,6427.222,6542.503,6640.2837,6499.7803,6247.711,6386.004,6367.029,6457.81,6408.031,6387.111
17,6438.64,6137.0845,6338.955,6618.5547,6710.0684,6450.2866,6458.714,6386.4004,6468.7446,6254.3115,6540.6587,6569.9688,6565.14
18,6606.78,6262.597,6542.1836,6773.181,6774.24,6361.8076,6448.3076,6594.4453,6581.242,6263.025,6668.8364,6753.6255,6632.697
19,6793.62,6370.0605,6720.7554,6785.5645,6837.025,6409.5327,6487.0166,6762.4907,6704.4697,6371.28,6831.163,6799.3745,6711.9478
20,6733.39,6557.0107,6790.549,6863.163,6844.1587,6664.0376,6556.7495,6887.6797,6803.698,6572.805,6918.9727,6873.395,6714.185
21,6867.53,6614.198,6846.095,6832.8438,7082.808,6752.332,6646.953,6938.2227,6930.9707,6664.998,7004.0977,6863.076,6939.0107
22,6791.13,6688.6357,6845.9053,7158.0938,7221.3164,6876.943,6734.1655,7065.2524,7060.3755,6764.1064,7029.166,7129.435,7046.9893
23,7271.78,6710.213,7040.9946,7222.3354,7301.7573,6952.573,6841.1807,7194.955,7189.8696,6812.689,7208.9937,7231.598,7159.8594
24,7176.41,6909.4067,7195.228,7349.9897,7331.707,6996.3555,6948.974,7322.244,7297.347,6909.6724,7327.1,7335.943,7200.406
25,7334.1,7036.463,7311.9487,7336.056,7090.4653,7113.523,7056.9585,7402.927,7310.3384,7039.2534,7441.239,7360.5103,6984.136
26,7302.09,7120.7466,7343.321,7030.8853,6893.714,7227.5513,7157.2295,7306.4683,7241.757,7161.293,7500.32,7092.243,6823.4697
27,6865.49,7191.613,7138.6406,6883.6113,6916.9194,7416.82,7205.0127,7121.875,7149.1816,7280.6885,7357.4775,6923.688,6804.6475
28,6859.08,6993.572,6924.2065,6919.769,6896.446,7384.578,7201.4966,6986.54,7050.475,7208.6646,7214.495,6937.647,6755.992
29,6971.09,6849.0444,6878.259,6893.731,6847.843,7349.4907,7171.152,6895.0947,6964.6846,7106.116,7171.18,6898.079,6725.6235
30,6845.04,6846.2397,6876.104,6876.448,6725.181,7209.0815,7120.6323,6846.77,6874.8633,6995.965,7122.2456,6869.5107,6613.0825
31,6842.43,6790.452,6864.663,6718.857,6907.204,7045.6,7062.941,6775.5405,6855.0537,6905.0146,7086.49,6741.5796,6778.06
32,6642.11,6757.3257,6758.1035,6987.6714,7085.2905,7052.6245,6994.8784,6835.9565,6897.209,6897.962,6993.986,6955.3228,6901.0723
33,7116.8,6662.017,6878.3516,7098.1714,7205.741,7040.0933,6964.474,6966.3022,6993.3413,6846.978,7099.0366,7094.4297,7040.319
34,7096.18,6794.766,7048.069,7263.172,7226.5283,6989.8247,6972.525,7134.0435,7099.6235,6853.374,7211.504,7234.234,7079.65
35,7257.66,6927.9927,7211.0674,7238.846,7043.8354,7019.286,7021,7253.498,7144.9126,6930.57,7339.896,7253.129,6926.6226
36,7189.42,7028.706,7253.3896,7009.1772,6905.414,7097.6294,7085.8936,7217.0464,7127.668,7045.987,7398.0728,7055.197,6812.0303
37,6881.96,7092.377,7094.0146,6897.22,7012.1743,7305.663,7123.7573,7095.597,7105.9634,7179.1895,7299.795,6933.411,6876.456
38,6880.32,6946.577,6929.083,7035.715,7284.0825,7307.975,7129.709,7041.2676,7142.5024,7139.7124,7198.657,7038.025,7098.4233
39,7117.21,6845.3477,6965.4785,7346.178,7497.5493,7289.234,7129.946,7145.819,7243.7505,7066.3486,7226.7925,7307.388,7301.8857
40,7429.72,6911.4834,7217.856,7554.3755,7577.9385,7186.2783,7156.843,7349.7397,7376.7783,7010.599,7395.884,7519.8975,7414.591
41,7550.9,7107.714,7477.714,7617.7593,7652.4985,7137.8457,7217.9863,7544.41,7519.2695,7072.5083,7580.9185,7609.079,7510.761
42,7569.94,7296.626,7606.2324,7680.1787,7764.07,7283.7188,7303.7275,7697.057,7659.282,7253.985,7705.8833,7690.785,7614.6445
43,7679.87,7401.901,7670.48,7776.3887,7824.42,7500.5264,7408.183,7816.2026,7777.51,7433.7607,7809.3203,7791.9717,7673.1963
44,7795.6,7497.8735,7750.1934,7826.371,8376.229,7674.8438,7523.5483,7890.115,8003.5967,7564.39,7913.723,7841.3804,8198.4795
45,7807.06,7600.39,7813.4707,8524.589,8709.453,7760.303,7635.0474,8204.852,8280.441,7651.3843,7982.667,8450.384,8471.98
46,8801.04,7659.3843,8281.368,8713.893,8832.694,7825.9214,7808.678,8554.888,8567.499,7722.4946,8395.449,8710.379,8671.564
47,8658.55,8131.583,8656.957,8899.367,8955.984,7991.993,8014.0615,8851.192,8828.241,7978.3896,8685.489,8873.886,8818.107
48,8864.77,8422.962,8869.435,8969.199,8973.361,8226.154,8236.215,9058.125,9011.279,8267.988,8904.024,8998.887,8830.048
49,8988.6,8576.083,8969.572,8943.24,8941.433,8527.298,8458.894,9127.233,9106.366,8548.935,9071.239,8982.727,8814.294
50,8897.47,8771.471,8969.647,8925.844,8979.504,8923.894,8650.128,9101.645,9141.681,8812.343,9125.572,8955.466,8844.441
51,8912.65,8783.944,8939.904,8978.871,9154.138,8948.37,8793.777,9065.428,9180.172,8856.724,9135.968,8993.514,9000.231
52,9003.07,8790.208,8955.872,9193.349,9641.059,9050.382,8894.335,9121.077,9334.3545,8913.407,9167.716,9177.894,9451.34
53,9268.76,8836.4795,9108.83,9748.801,9881.278,9081.352,8979.749,9419.828,9547.059,8937.313,9295.644,9691.071,9666.775
54,9951.52,8980.732,9551.566,9892.703,9742.344,9090.678,9111.557,9735.36,9708.514,8999.917,9663.224,9883.833,9600.35
55,9842.67,9389.418,9859.342,9729.7,9158.105,9234.331,9281.294,9856.012,9650.832,9239.632,9903.49,9749.027,9078.539
56,9593.9,9612.898,9821.84,9019.25,8703.3125,9476.101,9434.2,9563.628,9398.736,9509.988,9913.307,9126.807,8659.708
57,8756.43,9560.673,9286.147,8629.931,8685.178,9746.113,9477.383,9082.586,9103.911,9678.757,9537.399,8698.962,8567.347
58,8601.8,9145.524,8750.693,8665.486,9020.06,9858.714,9404.549,8745.108,8937.592,9561.784,9159.563,8680.989,8815.383
59,8804.48,8750.731,8602.273,9097.677,9479.498,9563.315,9270.961,8756.5,8987.803,9195.776,9013.752,9024.539,9239.757
60,9269.99,8675.713,8899.523,9606.816,9486.439,9196.327,9161.665,9095.958,9119.6875,8901.864,9161.788,9508.304,9273.06
61,9733.72,8866.749,9411.337,9495.331,9378.854,8900.88,9142.238,9367.601,9256.391,8824.433,9502.249,9481.036,9249.174
62,9328.2,9244.421,9553.397,9407.565,9532.728,9033.788,9173.905,9489.831,9403.335,9073.165,9594.61,9414.422,9374.774
63,9377.01,9290.873,9471.254,9540.364,9698.681,9312.963,9240.972,9586.619,9545.192,9302.668,9607.236,9563.494,9490.518
64,9670.74,9262.476,9507.617,9685.805,9737.075,9560.831,9340.56,9678.433,9659.878,9426.893,9715.609,9691.1045,9544.319
65,9726.57,9405.688,9642.47,9745.764,9617.151,9651.261,9453.484,9742.718,9701.524,9487.208,9827.165,9736.048,9451.817
66,9729.04,9503.2295,9734.825,9598.638,9285.301,9570.865,9550.805,9707.086,9609.579,9507.71,9891.995,9612.752,9150.684
67,9522.98,9559.665,9655.369,9219.139,9141.102,9690.893,9604.077,9489.007,9451.079,9617.108,9838.52,9264.706,9017.16
68,9081.76,9499.07,9348.861,9132.148,9166.306,9805.162,9581.373,9267.12,9296.539,9657.411,9605.057,9148.473,8990.361
69,9182.58,9235.435,9145.729,9154.092,8958.445,9750.154,9515.015,9140.556,9118.031,9524.144,9462.006,9157.554,8778.274
70,9209.29,9106.012,9118.406,8917.017,8845.016,9610.092,9438.188,8982.35,8963.691,9359.315,9411.298,8925.135,8703.685
71,8790.37,9087.347,8980.766,8882.52,8826.285,9416.801,9325.959,8872.363,8847.589,9225.129,9236.159,8862.5,8655.775
72,8906.93,8882.703,8878.593,8823.058,9007.48,9245.731,9207.747,8808.224,8830.595,9081.754,9143.55,8826.264,8818.197
73,8835.05,8801.566,8822.374,9070.421,9338.658,9220.689,9101.704,8889.79,8946.071,9012.98,9083.439,9027.534,9116.682
74,9181.02,8766.1455,8972.034,9407.846,9465.08,9119.284,9047.117,9136.51,9121.2,8921.203,9187.998,9362.337,9243.469
75,9525.75,8873.677,9288.19,9486.939,9594.176,9006.57,9071.607,9369.234,9331.049,8908.804,9427.477,9467.337,9413.025
76,9439.12,9149.656,9475.919,9650.961,9564.908,9127.262,9145.676,9582.177,9487.556,9082.302,9569.884,9630.277,9376.775
77,9700.41,9261.607,9617.928,9524.82,9872.073,9266.026,9257.991,9651.933,9678.853,9246.116,9731.861,9560.178,9691.164
78,9461.06,9415.4,9586.789,9959.558,9793.206,9511.516,9365.668,9828.658,9782.539,9444.826,9743.829,9922.283,9570.5625
79,10167.27,9418.02,9820.738,9695.905,9645.903,9650.147,9509.009,9844.94,9806.105,9524.894,9990.648,9748.567,9503.485
80,9529.8,9672.604,9795.5625,9672.726,9712.54,9708.914,9612.54,9777.745,9800.524,9648.29,9947.965,9660.948,9550.374
81,9656.72,9626.897,9694.647,9712.369,9718.429,9821.923,9674.251,9743.652,9767.713,9717.761,9896.301,9730.193,9521.2295
82,9800.64,9520.48,9688.203,9693.721,9658.231,9830.697,9710.761,9707.988,9720.521,9703.075,9924.858,9698.309,9488.234
83,9665.53,9618.683,9691.88,9663.833,9696.566,9946.796,9724.164,9671.444,9690.532,9744.968,9908.214,9658.81,9526.44
84,9653.68,9568.116,9671.722,9713.448,9746.039,9755.112,9723.192,9676.582,9684.285,9655.667,9880.832,9706.262,9563.645
85,9758.85,9542.523,9690.665,9753.644,9775.047,9820.903,9720.079,9708.731,9698.17,9682.314,9903.578,9747.139,9593.191
86,9771.49,9582.899,9734.708,9783.97,9824.389,9841.977,9724.193,9749.367,9732.6875,9693.388,9935.255,9776.005,9645.64
87,9795.7,9612.189,9774.493,9839.789,9556.364,9807.587,9732.617,9801.852,9685.713,9693.319,9964.388,9831.131,9389.033
88,9870.09,9637.813,9823.367,9482.569,9419.27,9839.632,9760.527,9678.553,9597.55,9728.479,10012.31,9521.466,9292.463
89,9321.78,9689.646,9610.561,9434.931,9440.781,9895.268,9741.906,9532.51,9507.013,9776.663,9828.024,9433.105,9266.393
90,9480.84,9473.669,9447.382,9423.386,9410.411,9876.071,9696.824,9438.781,9424.608,9700.052,9723.323,9433.856,9218.494
91,9475.28,9365.805,9406.659,9407.352,9403.596,9814.2295,9642.666,9380.402,9372.709,9598.883,9681.784,9393.285,9225.804
92,9386.79,9364.806,9399.484,9430.137,9473.328,9706.186,9581.564,9371.895,9366.915,9506.992,9634.825,9410.522,9285.651
93,9450.7,9294.449,9413.7295,9499.062,9487.574,9533.207,9528.712,9419.468,9384.955,9412.071,9629.285,9482.306,9294.157
94,9538.02,9305.299,9468.439,9491.333,9435.687,9581.382,9499.596,9463.176,9398.769,9432.407,9671.228,9485.96,9255.771
95,9480.26,9356.345,9493.696,9432.702,9334.019,9572.013,9488.319,9464.516,9382.004,9442.091,9685.169,9434.6875,9163.011
96,9411.84,9360.139,9457.35,9317.326,9303.089,9569.439,9483.638,9404.002,9350.36,9454.43,9659.4,9330.11,9134.25
97,9288.02,9324.46,9357.808,9306.223,9298.34,9603.936,9471.0625,9343.457,9314.627,9462.723,9586.507,9306.642,9113.439
98,9332.34,9246.47,9303.653,9294.786,9480.223,9596.36,9446.452,9300.723,9339.6455,9421.65,9547.709,9293.946,9285.142
99,9303.63,9211.248,9288.585,9538.549,9611.37,9532.387,9417.507,9385.537,9410.848,9362.7295,9522.884,9501.486,9394.036
100,9648.72,9194.44,9445.963,9625.221,9457.644,9474.112,9418.76,9515.059,9445.55,9320.2705,9645.471,9611.505,9273.759
101,9629.66,9333.436,9594.255,9433.639,9292.441,9462.935,9446.523,9520.437,9424.74,9364.925,9748.515,9444.938,9150.5
102,9313.61,9444.619,9512.186,9282.876,9195.011,9537.5205,9464.149,9428.411,9352.633,9462.718,9679.477,9302.328,9034.847
103,9264.81,9331.727,9340.701,9161.326,9088.544,9601.685,9460.721,9290.875,9243.037,9485.267,9577.389,9188.148,8917.662
104,9162.92,9227.75,9193.408,9065.49,9083.675,9663.894,9429.78,9143.887,9146.548,9454.719,9470.672,9074.124,8911.237
105,9045.39,9129.244,9083.71,9103.978,9141.83,9541.597,9370.363,9069.437,9092.493,9328.086,9358.764,9088.173,8953.656
106,9143.58,9009.458,9073.159,9164.732,9143.888,9373.715,9303.774,9076.257,9071.367,9192.425,9327.469,9145.796,8955.807
107,9190.85,8997.6045,9127.799,9157.572,9177.033,9308.622,9249.276,9105.0625,9085.561,9138.456,9347.232,9145.013,8999.213
108,9137.99,9031.284,9153.878,9203.528,9155.736,9256.12,9208.714,9156.063,9103.698,9120.882,9349.87,9191.246,8973.972
109,9228.33,9024.733,9187.382,9147.231,9101.722,9245.273,9194.862,9172.713,9108.778,9125.812,9382.843,9155.356,8931.349
110,9123.41,9060.382,9167.674,9101.135,9102.861,9295.293,9192.624,9150.591,9108.65,9163.079,9369.977,9104.884,8930.691
111,9087.3,9042.816,9118.244,9109.459,9088.656,9306.406,9187.891,9130.212,9098.602,9164.225,9335.6455,9110.415,8907.67
112,9132.49,8995.79,9102.029,9084.819,9232.952,9289.857,9182.812,9104.955,9130.8,9140.405,9328.281,9086.545,9049.276
113,9073.94,8999.7295,9086.893,9284.184,9287.05,9289.582,9172.411,9174.158,9177.492,9129.337,9307.737,9255.904,9083.986
114,9375.47,8976.321,9209.003,9281.983,9355.358,9241.534,9182.703,9245.126,9247.178,9097.738,9408.868,9282.618,9175.16
115,9252.28,9093.044,9280.876,9396.148,9333.262,9255.252,9204.137,9336.048,9298.671,9144.733,9453.116,9375.33,9151.159
116,9428.33,9139.451,9362.847,9315.206,9286.623,9303.799,9244.434,9367.344,9321.28,9201.384,9532.317,9333.05,9119.418
117,9277.97,9203.69,9347.654,9287.486,9250.318,9364.134,9282.003,9350.166,9313.875,9271.786,9531.55,9292.281,9082.566
118,9278.81,9209.136,9301.27,9238.967,9255.514,9465.6875,9310.192,9304.767,9294.592,9325.0205,9510.986,9252.557,9082.216
119,9240.35,9166.399,9252.254,9259.88,9246.641,9442.241,9322.179,9272.1875,9269.875,9303.832,9479.749,9257.854,9070.363
120,9276.5,9147.912,9245.859,9248.15,9235.506,9461.609,9322.992,9250.21,9246.711,9293.162,9472.259,9247.056,9062.951
121,9243.61,9138.238,9244.623,9244.271,9203.955,9398.817,9315.194,9238.569,9221.4375,9256.326,9460.771,9239.362,9033.863
122,9243.21,9131.87,9240.074,9204.308,9151.29,9391.681,9302.116,9219.707,9188.015,9249.757,9451.921,9206.431,8983.967
123,9192.84,9121.033,9213.197,9147.34,9133.002,9381.292,9287.516,9182.47,9156.149,9241.815,9428.352,9151.965,8965.846
124,9132.23,9097.797,9162.625,9138.786,9141.937,9380.962,9266.077,9151.877,9133.705,9230.551,9386.238,9138.36,8966.308
125,9151.39,9050.434,9135.539,9147.69,9162.34,9353.02,9245.012,9139.487,9126.69,9196.72,9364.408,9144.854,8983.714
126,9159.04,9032.549,9137.269,9175.537,9162.518,9327.114,9225.757,9149.322,9128.353,9168.759,9359.078,9167.224,8984.981
127,9185.82,9031.733,9160.3955,9169.848,9271.677,9293.294,9212.963,9160.957,9166.913,9147.774,9370.136,9166.37,9092.13
128,9164.23,9043.351,9168.472,9309.836,9441.548,9279.31,9204.834,9231.335,9253.089,9147.285,9372.22,9290.904,9241.137
129,9374.89,9045.382,9258.865,9471.119,9551.789,9292.573,9218.815,9362.631,9367.126,9157.151,9453.503,9454.863,9351.307
130,9525.36,9135.843,9415.191,9573.841,9558.13,9317.294,9263.167,9501.887,9469.228,9201.465,9581.652,9560.485,9375.235
131,9581.07,9275.875,9546.886,9561.585,9617.831,9375.195,9331.383,9583.1045,9560.871,9291.843,9691.326,9565.314,9445.377
132,9536.89,9373.898,9578.337,9635.56,9796.281,9465.632,9403.6455,9645.822,9668.75,9400.4795,9734.979,9635.297,9604.087
133,9677.11,9407.473,9618.264,9821.446,10494.591,9600.884,9478.08,9755.117,9950.428,9496.246,9800.46,9812.952,10264.85
134,9905.17,9473.707,9760.023,10649.308,10916.007,9679.544,9565.976,10190.629,10321.956,9559.603,9936.167,10566.502,10630.754
135,10990.87,9624.011,10367.7705,10929.044,11057.995,9734.327,9750.207,10664.03,10699.873,9644.795,10463.341,10913.087,10858.857
136,10912.82,10199.615,10859.349,11115.233,11115.026,9895.939,9997.432,11026.168,11000.884,9953.112,10844.619,11089.976,10946.586
137,11100.47,10574.878,11106.319,11095.445,11248.84,10225.408,10272.845,11206.219,11218.255,10345.345,11104.058,11136.358,11072.093
138,11111.21,10768.146,11145.159,11234.903,11563.588,10643.832,10535.213,11297.898,11417.191,10711.552,11237.206,11258.038,11363.385
139,11323.47,10919.374,11214.721,11585.113,11363.196,11074.629,10770.609,11461.516,11465.505,10982.934,11372.359,11581.442,11149.162
140,11759.59,11031.422,11479.568,11252.591,11187.798,11121.098,10996.724,11406.35,11410.564,11062.61,11628.903,11295.5205,11064.491
141,11053.61,11315.373,11387.084,11206.038,11181.581,11273.471,11133.65,11283.537,11303.621,11252.803,11522.249,11197.089,11015.821
142,11246.35,11173.969,11235.344,11134.838,11481.988,11367.162,11195.691,11173.515,11284.349,11301.084,11448.804,11164.111,11282.818
143,11205.89,11082.154,11146.839,11538.1045,11712.154,11459.267,11202.038,11277.62,11356.333,11302.993,11402.659,11491.936,11477.159
144,11747.02,11090.602,11389.056,11719.198,11664.33,11447.254,11240.823,11479.861,11438.313,11249.806,11599.497,11697.093,11462.97
145,11779.77,11280.076,11660.791,11659.058,11664.195,11272.51,11307.904,11591.629,11517.147,11243.811,11784.35,11642.104,11500.574
146,11601.47,11491.787,11705.072,11676.575,11676.412,11441.201,11377.896,11650.65,11563.158,11436.361,11814.595,11672.362,11480.462
147,11754.05,11478.222,11691.192,11631.577,11765.886,11580,11447.971,11649.223,11608.882,11551.854,11858.905,11648.14,11566.609
148,11675.74,11533.335,11658.728,11769.989,11582.062,11774.292,11507.269,11681.709,11573.401,11657.179,11859.377,11752.512,11371.793
149,11878.11,11534.348,11732.106,11502.794,11493.053,11756.159,11573.634,11586.717,11506.265,11643.453,11931.066,11521.478,11324.659
150,11410.53,11599.232,11603.688,11508.659,11635.155,11735.709,11580.83,11496.823,11477.312,11664.009,11798.663,11483.572,11427.053
151,11584.93,11464.557,11510.1875,11639.073,11731.415,11770.574,11560.524,11515.598,11488.971,11642.124,11743.446,11625.457,11489.089
152,11784.14,11397.245,11584.205,11724.26,11786.72,11725.958,11543.589,11584.2295,11539.022,11581.043,11812.47,11698.604,11567.223
153,11768.87,11512.389,11696.687,11804.534,11837.657,11712.766,11549.54,11675.142,11606.905,11584.685,11874.977,11775.444,11619.388
154,11865.7,11553.836,11789.816,11835.624,12054.078,11624.035,11577.032,11753.121,11730.725,11585.491,11947.281,11822.903,11832.693
155,11892.8,11627.445,11839.14,12091.042,12063.486,11755.321,11615.517,11907.24,11829.54,11693.018,12003.34,12060.83,11816.293
156,12254.4,11687.465,12016.878,12011.797,11850.923,11847.387,11692.762,11976.674,11836.948,11765.111,12179.794,12018.417,11647.0205
157,11991.23,11866.734,12058.563,11808.309,11791.1875,11905.64,11767.38,11893.992,11794.36,11866.971,12203.911,11808.8955,11606.648
158,11758.28,11884.205,11902.045,11776.859,11672.189,11998.213,11807.553,11799.112,11689.914,11947.647,12086.345,11776.05,11449.824
159,11878.37,11731.359,11792.406,11602.564,11611.337,12046.964,11809.411,11658.105,11579.609,11932.444,12035.123,11613.365,11405.048
160,11592.49,11706.804,11657.256,11610.98,11613.592,12070.736,11768.8955,11563.428,11494.696,11894.931,11906.395,11582.958,11390.475
161,11681.83,11574.077,11603.224,11601.449,11676.78,11900.586,11711.726,11525.293,11465.181,11752.068,11847.582,11583.737,11449.883
162,11664.85,11509.576,11596.672,11693.298,11499.393,11800.443,11650.772,11558.923,11409.8125,11670.183,11823.433,11657.78,11273.441
163,11774.6,11511.95,11659.64,11442.445,11407.61,11776.209,11609.742,11490.946,11351.434,11639.538,11860.793,11445.537,11217.365
164,11366.14,11540.945,11535.271,11416.198,11338.591,11699.969,11555.934,11415.953,11279.223,11618.733,11731.495,11393.322,11121.778
165,11488.36,11402.196,11431.39,11294.657,11408.03,11716.238,11509.98,11324.051,11247.332,11585.062,11666.534,11299.746,11187.262
166,11323.4,11327.033,11332.156,11429.843,11465.118,11674.225,11452.872,11319.925,11251.769,11518.432,11578.997,11392.077,11227.986
167,11542.5,11260.738,11380.329,11459.023,11582.222,11603.295,11409.021,11358.308,11311.511,11432.094,11609.03,11438.272,11352.462
168,11506.87,11281.105,11448.442,11617.101,11646.04,11470.545,11386.501,11460.822,11393.242,11372.613,11640.908,11576.057,11409.887
169,11711.51,11332.769,11570.84,11640.7705,11810.799,11506.885,11393.248,11553.386,11516.386,11409.466,11740.484,11627.486,11582.058
170,11680.82,11421.552,11645.051,11843.743,11622.774,11519.888,11424.775,11692.678,11552.186,11464.031,11803.585,11812.902,11384.033
171,11970.48,11492.306,11790.91,11533.511,10775.473,11629.625,11492.535,11645.085,11300.027,11554.532,11948.596,11560.709,10609.235
172,11414.03,11629.728,11660.198,10597.193,10385.256,11695.535,11533.848,11140.546,10922.34,11651.208,11828.351,10665.706,10285.79
173,10245.3,11494.778,10938.264,10371.501,10232.879,11773.954,11425.391,10639.717,10516.801,11661.462,11222.308,10379.491,10020.195
174,10511.81,10811.66,10423.882,10135.781,10186.69,11645.504,11227.423,10249.215,10205.266,11346.557,10864.843,10159.476,9964.289
175,10169.57,10493.472,10157.707,10221.163,10250.463,11385.62,10965.898,10073.663,10043.767,10971.802,10580.184,10150.256,10023.598
176,10280.35,10259.997,10149.129,10301.838,10178.633,10842.788,10712.019,10088.703,9970.96,10535.935,10466.719,10243.084,9954.233
177,10369.56,10122.932,10245.255,10188.129,10157.661,10416.314,10510.865,10111.601,9968.611,10277.87,10475.002,10155.826,9961.589
178,10131.52,10186.177,10220.547,10191.302,10265.576,10444.177,10362.661,10144.674,10026.826,10290.332,10413.794,10164.588,10044.125
179,10242.35,10093.884,10195.113,10276.696,10353.788,10343.234,10272.73,10214.066,10118.613,10225.368,10404.123,10263.538,10119.211
180,10363.14,10080.381,10251.88,10363.278,10402.432,10376.013,10248.524,10296.3,10218.619,10227.519,10462.241,10342.94,10179.671
181,10400.91,10154.211,10342.297,10416.625,10357.202,10369.781,10263.306,10370.332,10283.722,10236.412,10526.744,10397.763,10144.338
182,10442.17,10204.757,10409.448,10345.503,10507.009,10338.278,10287.993,10379.587,10367.455,10257.435,10580.645,10344.066,10300.612
183,10323.76,10258.531,10379.829,10551.673,10712.069,10428.588,10313.888,10458.046,10481.594,10334.28,10564.906,10525.28,10468.057
184,10680.84,10234.011,10485.137,10721.33,10884.374,10484.786,10357.732,10597.164,10628.008,10359.882,10680.083,10708.702,10646.854
185,10796.95,10360.3955,10666.864,10917.611,10944.314,10518.675,10428.395,10773.9795,10765.693,10415.48,10828.408,10888.93,10720.891
186,10974.9,10525.719,10865.216,10944.315,10941.554,10577.806,10528.475,10902.163,10864.258,10517.213,10993.288,10941.896,10737.104
187,10948.99,10673.75,10954.727,10933.709,11014.976,10677.948,10632.474,10954.286,10939.887,10658.918,11084.094,10937.378,10812.912
188,10944.59,10765.607,10956.15,11015.813,10990.049,10882.798,10726.176,10997.229,10965.766,10815.279,11118.634,11016.653,10777.983
189,11094.35,10783.582,10998.303,10950.622,10670.171,10975.801,10813.381,10981.987,10869.728,10881.688,11186.898,10962.606,10491.648
190,10938.27,10860.894,10980.866,10595.559,10494.753,11047.847,10873.664,10790.755,10711.172,10941.355,11172.996,10622.406,10348.613
191,10462.26,10840.066,10725.297,10486.176,10332.291,11052.596,10863.165,10585.576,10505.981,10947.002,10953.313,10488.011,10148.491
192,10538.46,10589.805,10515.294,10269.581,10503.394,11026.323,10798.628,10368.324,10396.31,10849.47,10805.574,10289.834,10312.163
193,10246.19,10455.852,10321.594,10574.144,10657.143,10950.734,10689.644,10369.12,10383.13,10716.738,10621.887,10516.296,10417.3125
194,10760.07,10287.146,10448.193,10661.157,10704.848,10737.132,10606.891,10478.356,10439.446,10515.122,10706.392,10637.341,10493.383
195,10692.72,10384.63,10619.226,10744.146,10732.714,10563.076,10564.114,10607.266,10526.205,10448.846,10795.543,10702.614,10537.968
196,10750.72,10506.084,10726.574,10743.08,10719.569,10598.065,10560.333,10703.568,10597.489,10519.081,10868.452,10736.788,10519.374
197,10775.27,10539.931,10757.748,10700.651,10767.825,10633.138,10586.396,10730.124,10660.435,10590.062,10919.134,10705.345,10570.421
198,10709.65,10606.406,10729.487,10772.452,10785.963,10823.728,10624.915,10754.246,10700.373,10705.075,10918.891,10764.853,10573.317
199,10844.64,10586.198,10757.015,10766.643,10677.675,10814.694,10670.734,10759.94,10689.048,10700.698,10960.546,10765.878,10479.315
200,10784.49,10631.378,10773.694,10654.599,10577.11,10842.934,10703.558,10701.81,10634.852,10727.729,10971.053,10653.331,10393.095
201,10619.45,10645.895,10698.371,10563.557,10533.042,10853.684,10710.559,10612.416,10561.336,10741.934,10903.2295,10563.56,10338.284
202,10575.98,10560.643,10594.275,10517.496,10586.6,10843.901,10685.955,10531.8955,10513.894,10715.459,10826.662,10516.1875,10380.058
203,10549.33,10489.259,10526.308,10597.985,10702.578,10841.924,10650.611,10521.919,10520.898,10672.182,10770.764,10578.484,10482.645
204,10669.58,10439.586,10562.725,10723.608,10659.925,10758.172,10620.055,10593.115,10534.192,10595.46,10789.635,10697.674,10443.692
205,10793.34,10465.659,10677.209,10644.801,10624.84,10686.364,10612.848,10622.762,10548.401,10563.232,10867.986,10637.664,10436.713
206,10604.41,10555.763,10678.287,10636.404,10773.224,10695.247,10610.533,10628.909,10601.03,10605.215,10852.321,10624.135,10569.3545
207,10668.97,10524.719,10647.794,10795.465,10966.484,10729.713,10612.012,10701.013,10702.2,10631.436,10845.6,10780.398,10735.565
208,10915.69,10511.97,10742.174,10983.265,11170.878,10782.148,10639.89,10838.861,10857.199,10650.323,10944.628,10961.016,10943.427
209,11064.46,10634.231,10924.108,11210.183,11320.6455,10805.619,10698.725,11034.496,11034.66,10691.772,11087.777,11177.898,11097.106
210,11296.36,10776.632,11147.146,11337.132,11464.615,10812.83,10792.259,11221.347,11217.178,10768.629,11274.211,11322.475,11249.747
211,11384.18,10963.134,11314.344,11483.252,11467.632,10960.45,10909.603,11389.279,11345.329,10939.429,11429.929,11471.081,11252.884
212,11555.36,11118.393,11456.7295,11432.702,11423.627,11152.202,11043.58,11454.2,11404.755,11118.351,11582.996,11447.199,11228.993
213,11425.9,11262.072,11473.313,11403.024,11443.268,11310.263,11164.286,11440.872,11419.439,11273.756,11621.098,11408.439,11244.976
214,11429.51,11291.716,11431.673,11426.002,11373.797,11447.633,11257.08,11418.224,11379.658,11372.384,11617.585,11429.527,11164.5
215,11495.35,11274.575,11424.125,11332.021,11320.602,11507.9795,11317.842,11352.182,11316.456,11402.413,11633.081,11337.124,11128.005
216,11322.12,11305.443,11366.619,11314.925,11386.948,11540.532,11337.284,11292.333,11277.321,11417.718,11576.613,11302.4375,11183.422
217,11358.1,11240.491,11321.276,11391.439,11583.9795,11490.553,11331.364,11298.008,11313.139,11375.582,11540.408,11375.791,11362.208
218,11483.36,11204.488,11360.973,11614.901,11794.66,11481.3125,11323.515,11417.765,11427.93,11351.891,11575.334,11581.559,11560.225
219,11742.04,11259.5205,11538.042,11820.893,12377.616,11471.667,11346.938,11610.565,11725.438,11353.088,11716.781,11790.367,12142.771
220,11916.34,11407.225,11761.401,12505.26,12840.006,11461.94,11412.032,12048.495,12128.935,11411.927,11894.577,12435.426,12555.511
221,12823.69,11589.871,12291.005,12859.708,12943.015,11577.632,11584.5205,12521.755,12500.248,11562.745,12375.284,12843.016,12703.337
222,12965.89,12091.253,12776.508,12940.071,13016.297,11811.561,11836.242,12820.306,12783.227,11888.737,12785.616,12931.835,12820.933
223,12931.54,12504.238,12975.524,13003.563,13039.187,12147.766,12108.87,12971.86,12934.621,12280.515,12989.168,13021.102,12820.397
224,13108.06,12648.118,13033.78,12968.459,13035.616,12508.509,12368.715,12987.676,12975.954,12602.193,13134.073,13001.414,12818.354
225,13031.17,12803.964,13013.052,12989.766,13347.696,12900.385,12570.626,12950.665,13048.606,12861.984,13174.407,12996.301,13124.547
226,13075.25,12837.9375,13002.762,13384.448,13371.684,12970.866,12706.212,13087.399,13087.784,12918.611,13191.076,13354.451,13103.072
227,13654.22,12847.158,13256.258,13298.201,13337.596,12999.197,12832.404,13161.767,13110.557,12946.335,13434.441,13302.829,13131.541
228,13271.29,13125.104,13342.247,13347.528,13424.47,13098.261,12920.956,13205.79,13139.679,13088.645,13466.25,13316.321,13206.02
229,13437.88,13150.697,13355.977,13396.844,13612.988,13160.925,12984.02,13260.414,13211.4375,13174.602,13502.105,13399.237,13372.585
230,13546.52,13158.887,13393.748,13606.838,13686.502,13289.323,13055.409,13378.463,13293.109,13266.21,13573.449,13584.404,13436.937
231,13780.99,13270.344,13550.1875,13651.726,13577.755,13433.236,13140.599,13477.285,13323.265,13354.499,13718.207,13638.875,13347.413
232,13737.11,13397.53,13658.507,13528.727,13705.566,13378.778,13222.231,13468.403,13374.15,13394.293,13798.081,13517.671,13496.812
233,13550.49,13482.638,13597.405,13722.805,13957.876,13513.62,13277.15,13529.477,13475.536,13518.085,13750.749,13693.853,13697.444
234,13950.3,13418.547,13671.404,13938.836,14843.438,13599.616,13332.545,13676.793,13848.923,13556.836,13862.378,13921.637,14585.394
235,14133.71,13546.525,13876.41,15013.992,15431.867,13671.329,13407.73,14254.835,14353.124,13619.919,14039.191,14924.231,15087.111
236,15579.85,13740.17,14668.379,15413.734,15127.208,13690.32,13637.781,14854.54,14670.067,13708.781,14758.454,15408.482,14851.004
237,15565.88,14467.789,15330.565,15024.882,15146.656,13889.443,13955.01,14989.983,14860.065,14110.939,15279.929,15029.3125,14977.362
238,14833.75,15000.896,15251.697,15154.726,15280.639,14360.439,14229.079,15030.084,14927.11,14653.77,15213.006,15161.75,14995.928
239,15479.57,14837.97,15169.451,15138.867,15244.306,14786.165,14468.087,15016.052,14901.6,14940.449,15326.689,15191.31,14960.445
240,15332.32,14989.303,15164.704,15169.014,15409.648,15227.309,14644.999,14975.036,14905.927,15163.275,15372.164,15147.539,15156.996
241,15290.9,15065.365,15182.274,15411.439,15873.58,15119.06,14741.909,15064.39,15053.018,15115.587,15358.944,15375.971,15594.427
242,15701.34,15005.95,15341.493,15906.511,16157.365,15006.916,14801.527,15368.402,15279.207,15085.193,15512.439,15864.357,15847.004
243,16276.34,15208.674,15748.712,16124.542,16073.273,15225.464,14906.609,15678.39,15442.537,15250.615,15879.016,16103.199,15790.685
244,16317.81,15583.341,16086.677,15995.019,15898.998,15281.113,15048.802,15788.41,15485.533,15435.052,16143.48,15985.954,15654.268
245,16068.14,15833.139,16097.5,15809.908,16241.604,15492.814,15218.453,15727.552,15576.588,15707.366,16161.715,15813.037,15993.013
246,15955.59,15828.504,15918.064,16244.971,17040.479,15793.909,15335.401,15854.287,15878.88,15913.363,16072.78,16222.237,16724.64
247,16716.11,15744.919,16113.385,17082.125,17547.26,15959.127,15437.76,16330.912,16297.051,15954.528,16327.706,17048.396,17193.684
248,17645.41,16018.526,16812.777,17529.293,17660.629,15942.261,15649.992,16846.127,16671.547,16011.136,16941.83,17501.723,17366.85
249,17804.01,16648.49,17433.21,17622.736,18088.55,16031.762,15927.074,17170.068,17052.229,16320.73,17417.521,17607.082,17839.672
250,17817.09,17095.293,17674.035,18094.566,18422.652,16388.113,16211.931,17527.273,17368.443,16792.695,17650.707,18102.705,18085.426
251,18621.31,17305.703,18001.025,18292.656,18331.28,16951,16541.816,17806.35,17515.447,17249.428,18082.018,18338.723,17997.23
252,18642.23,17747.297,18284.5,18185.936,18188.154,17389.047,16875.871,17868.488,17512.512,17645.334,18365.695,18192.303,17893.799
253,18370,18035.588,18288.676,18073.256,18549.09,17593.457,17121.656,17815.21,17565.871,17910.082,18363.639,18070.824,18258.799
254,18364.12,18004.754,18153.447,18519.752,18644.086,17803.668,17246.45,17972.45,17609.04,18080.877,18302.543,18503.543,18266.705
255,19107.46,17975.574,18378.73,18485.773,17691.814,18042.566,17336.027,18079.959,17334.363,18177.877,18584.988,18486.447,17326.377
256,18732.12,18270.926,18517.129,17414.053,16981.54,18030.324,17401.912,17640.584,16876.195,18250.533,18636.934,17385.541,16762.049
257,17150.62,18331.816,17822.572,16875.148,17187.26,18036.201,17310.137,17089.598,16555.742,18326.643,17919.34,16813.46,16899.95
258,17108.4,17594.273,17057.79,17127.045,17702.22,18052.482,17072.379,16913.406,16526.174,18115.812,17369.975,17084.213,17320.785
259,17717.42,17072.043,16983.912,17689.877,18694.518,17926.576,16824.234,17122.828,16950.434,17723.027,17376.203,17600.752,18365.541
260,18177.48,17137.139,17465.64,18869.51,18861.783,17395.357,16703.887,17833.29,17413.352,17327.324,17688.139,18755.178,18451.773
261,19625.84,17413.797,18488.414,18736.479,18845.932,16967.383,16825.19,18252.234,17784.268,17242.098,18549.525,18727.89,18578.188
262,18803,18253.084,18860.025,18840.666,19069.951,17316.564,17039.332,18455.014,18045.254,17802.328,18761.174,18792.959,18760.412
263,19201.09,18465.326,18905.389,18937.71,18815.562,17853.238,17306.926,18589.25,18053.516,18297.865,18919.434,18986.953,18413.53
264,19445.4,18543.986,18965.088,18568.66,18750.719,18297.611,17613.459,18447.56,17976.783,18626.914,19110.86,18580.73,18439.89
265,18699.77,18808.982,18745.648,18688.07,18966.314,18663.508,17792.062,18367.785,17938.666,18867.432,18884.574,18637.21,18604.756
266,19154.23,18543.613,18672.826,18866.672,18994.314,18473.613,17824.945,18431.021,17923.176,18726.795,18879.65,18847.059,18607.863
267,19345.12,18549.227,18802.855,18888.605,18473.352,18582.125,17811.88,18489.752,17760.432,18754.836,19006.383,18836.934,18094.016
268,19191.63,18726.63,18894.344,18277.021,18230.69,18557.146,17790.42,18257.55,17562.076,18770.367,19027.332,18237.531,17933.438
269,18321.14,18711.186,18513.688,18159.31,18114.33,18444.465,17691.672,18041.652,17358.346,18759.111,18631.584,18094.52,17748.617
270,18553.92,18336.787,18206.867,17954.46,17920.45,18561.848,17607.158,17853.314,17164.674,18695.43,18447.58,17927.166,17553.08
271,18264.99,18150.629,18009.72,17811.7,18204.566,18451.293,17453.979,17678.412,17156.29,18497.69,18263.676,17730.697,17886.566
272,18058.9,18004.83,17857.26,18232.13,18678.506,18178.334,17294.334,17785.846,17346.6,18243.668,18072.605,18141.791,18304.455
273,18803.66,17776.807,18083.924,18653.654,18930.363,17871.354,17223.146,18085.922,17622.406,18003.898,18297.291,18599.41,18564.826
274,19142.38,18021.402,18521.268,18889.734,19080.2,17893.424,17238.195,18373,17891.178,18061.059,18649.098,18833.691,18745.605
275,19246.64,18371.637,18858.967,19020.014,20156.123,17892.809,17367.049,18585.627,18421.973,18217.596,18907.123,18991.158,19871.863
276,19417.08,18585.8,19038.908,20276.162,21708.158,18093.654,17564.76,19248.33,19299.227,18486.627,19103.096,20259.408,21319.646
277,21310.6,18783.037,19899.875,21751.998,22587.303,18477.03,17939.783,20333.85,20239.951,18793.428,20039.086,21824.2,22149.875
278,22805.16,19691.363,21322.791,22512.984,23148.463,18794.615,18518.03,21284.05,21074.98,19299.775,21347.9,22589.803,22814.719
279,23137.96,20972.031,22394.07,23087.645,23218.602,19315.807,19228.156,22012.396,21557.219,20171.666,22243.434,23184.703,22808.566
280,23869.83,21785.746,23044.984,22932.148,22744.703,20159.312,19956.049,22293.42,21575.148,21175.54,22954.852,23075.527,22308.535
281,23477.3,22475.477,23101.879,22404.334,22927.693,21290.14,20531.227,22116.922,21493.008,22180.912,23099.969,22470.336,22579.996
282,22803.08,22676.996,22657.033,22781.357,22960.041,21957.7,20855.086,22139.5,21347.018,22695.373,22756.613,22824.654,22464.406
283,23783.03,22356.984,22656.168,22658.232,23050.516,22141.252,21015.637,22140.234,21290.395,22718.887,22945.762,22704.756,22649.166
284,23241.34,22572.775,22676.215,22957.543,23655.531,22237,20997.484,22265.252,21482.225,22767.732,22878.518,22906.242,23289.96
285,23735.95,22566.328,22846.902,23592.72,24965.596,22059.822,20907.56,22677.248,22097.545,22677.52,23018.932,23621.398,24619.973
286,24664.79,22645.248,23366.066,24990.65,25610.258,22037.303,20965.326,23568.174,22791.084,22740.059,23558.057,25079.914,25137.871
287,26437.04,23212.572,24536.73,25387.738,26051.893,22361.71,21314.578,24280.51,23440.076,23106.484,24718.729,25524.346,25692.467
288,26272.29,24255.098,25331.785,25939.824,26454.459,22585.08,21789.271,24859.98,23941.021,23704.795,25319.314,26035.846,26046.607
289,27084.81,24853.531,25853.637,26194.7,27359.076,23246.9,22355.209,25283.236,24483.662,24485.23,25895.092,26368.023,26979.012
290,27362.44,25354.17,26170.13,27211.24,27980.092,24003.314,22867.617,25930.23,24980.977,25227.705,26300.074,27396.22,27481.672
291,28840.95,25820.725,26904.477,27666.889,28285.824,24654.184,23364.332,26510.297,25380.947,25804.75,27158.768,27886.889,27814.49
292,29001.72,26571.48,27543.756,28033.818,29759.32,24937.184,23855.926,26955.87,26087.945,26321.729,27711.512,28179.59,29465.45
293,29374.15,27160.059,27942.889,29726.447,31103.713,25481.936,24229.848,27974.17,26958.531,26968.986,28089.396,30042.748,30586.74
294,32127.27,27497.398,29152.387,30766.523,31070.588,25958.215,24747.55,29063.342,27541.953,27501.502,29556.521,31206.895,30450.006
295,32782.02,28826.686,30430.764,30628.28,31732.176,26656.107,25392.84,29538.7,28094.168,28426.584,30710.178,30868.398,31364.314
296,31971.91,29937.562,30727.285,31552.553,33759.5,27222.34,25986.795,30170.752,29000.588,29377.145,30776.25,31884.432,33386.02
297,33992.43,30033.76,31226.053,33535.297,36072.492,27983.48,26530.268,31472.375,30329.033,30141.361,31625.455,34192.176,35644.08
298,36824.36,30804.693,32795.504,35789.645,37685.4,28896.186,27257,33247.66,31770.09,30979.27,33494.266,36632.26,37213.547
299,39371.04,32467.623,35008.57,37279.367,37953.22,29334.605,28219.105,34906.19,32784.73,31920.572,35688.42,38185.273,37302.984
300,40797.61,34330.77,36793.055,37326.69,36897.91,30052.926,29363.996,35772.35,32978.496,33400.117,37348.95,38054.02,36037.645
301,40254.55,35838.83,37273.49,36115.56,34873.766,31541.76,30319.736,35574.04,32233.59,35305.668,37666.004,36487.066,33814.707
302,38356.44,36298.46,36357.152,34017.5,32990.844,32872.797,30783.775,34393.777,30914.947,36655.145,36649.668,34000.902,31970.062
303,35566.66,35649.61,34403.715,32332.719,33863.54,33589.484,30660.89,32909.56,30191.035,36981.32,34657.438,32106.246,33300.12
304,33922.96,34131.78,32453.416,33781.21,35850.23,33475.418,29919.203,32806.91,30399.287,36178.62,32882.992,33918.598,35232.22
305,37316.36,32600.7,32795.41,35614.766,35565.496,32581.877,29119.764,33746.52,30693.68,34682.516,33841.215,36134.074,34679.305
306,39187.33,33174.03,34621.035,35045.41,34493.934,31544.125,28756.53,33987.49,30725.188,33876.977,35540.332,35211.28,33832.01
307,36825.37,34572.914,35053.273,34168.125,33972.133,31028.582,28643.672,33643.465,30510.5,34141.33,35174.438,34148.406,33253.14
308,36178.14,34318.77,34285.17,33481.8,34273.836,31392.375,28679.65,33156.24,30362.34,34678.023,34447.47,33594.836,33553.54
309,35791.28,33716.86,33428.613,33865.156,34276.695,32283.41,28762.572,33051.863,30244.771,35041.81,33914.387,34053.844,33451.977
310,36630.08,33333.78,33426.38,33780.074,33853.348,32194.596,28860,32982.477,30080.594,34611.477,34128.125,33934.18,33078.973
311,36069.81,33388.86,33531.36,33477.547,31347.012,31472.707,28826.615,32782.46,29175.24,34080.406,34034.977,33487.113,30227.598
312,35547.75,33346.84,33328.793,30561.707,30720.229,31306.764,28583.568,31334.918,28340.287,33980.113,33695.207,30199.324,30171.37
313,30825.7,33027.26,31284.158,30680.303,30798.086,31277.15,27824.61,30534.914,27718.54,33875.324,31178.018,30391.816,29952.26
314,33005.76,31055.219,30305.54,30286.223,30768.188,31064.264,27219.465,30085.668,27402.818,32938.06,30893.76,30304.62,30022.775
315,32067.64,30503.215,30064.873,30571.566,30783.262,30327.23,26756.807,29925.062,27339.822,31915.453,30620.768,30409.262,30151.361
316,32289.38,30390.494,30248.436,30580.463,30966.04,29440.582,26318.781,29913.348,27443.25,31073.791,30607.549,30548.453,30338.262
317,32366.39,30101.096,30398.514,30741.125,30022.05,28500.248,26045.209,29987.299,27246.271,30506.014,30692.158,30744.39,29201.61
318,32569.85,30250.414,30543.744,29503.719,30777.922,28933.729,25971.787,29469.906,27366.043,30764.166,30852.227,29403.592,30367.117
319,30432.55,30316.555,29802.107,30796.209,32169.715,28745.814,25920.09,29731.996,27859.867,30695.58,29897.2,30845.906,31559.379
320,33466.1,29544.355,30214.342,31843.387,32661.217,28727.6,26086.193,30467.969,28421.918,30424.861,30796.756,32199.488,31980.02
321,34316.39,30150.07,31344.904,32334.055,32070.479,28676.73,26478.016,31046.354,28649.447,30488.031,31887.748,32526.955,31359.74
322,34269.52,31215.66,32119.494,31626.025,31856.824,28735.06,26748.053,31014.78,28662.613,30933.541,32360.525,31713.29,31233.299
323,33114.36,31538.662,31808.092,31517.936,32909.855,28911.215,27038.846,30899.574,28904.787,31463.906,31917.217,31613.783,32358.23
324,33537.18,31298.74,31423.273,32648.488,34587.676,29838.7,27187.684,31379.857,29584.953,32022.021,31802.688,32979.62,34012.344
325,35510.29,31179.297,32082.094,34314.02,35077.348,29927.373,27434.51,32449.514,30263.674,31955.115,32764.195,34838.734,34345.22
326,37472.09,31987.33,33609.6,34606.715,35519.008,29839.838,27898.36,33166.434,30898.475,32126.916,34291.258,35020.027,34968.184
327,36926.06,33268.566,34426.324,35231.715,36409.098,29986.674,28398.137,33790.285,31530.94,32849.086,34742.85,35641.06,35811.934
328,38144.31,33753.836,34920.586,35970.965,36695.992,30723.322,28817.023,34490.027,31964.262,33783.145,35385.555,36577.36,35896.1
329,39266.01,34294.633,35553.113,36085.793,39940.254,31613.582,29425.219,34888,33265.2,34681.54,36233.715,36584.746,39858.38
330,38903.44,35108.85,35861.207,40041.33,42377.11,32203.088,29956.979,36948.395,34872.93,35404.227,36413.055,41241.266,41698.1
331,46196.46,35321.117,38504.34,41607.363,42072.71,32417.875,30945.293,38949.676,35932.957,35794.54,40028.465,43125.98,41170.387
332,46481.1,38043.562,40899.832,41329.062,42754.848,33237.605,32084.887,39710.703,36778.89,37418.6,42017.387,42128.645,42274.28
333,44918.18,40012.77,41266.094,42336.773,43431.836,34270.035,33009.46,40550.56,37321.363,39299.277,41757.64,43441.344,42509.94
334,47909.33,39875.78,41650.55,42523.89,43258.562,35413.78,33923.11,41101.547,37519.01,40644.15,42899.96,43697.1,42233.28
335,47504.85,40831.188,41970.31,42483.406,43707.543,36983.04,34660.562,41247.902,37715.434,42084.387,43243.594,43301.344,42926.137
336,47105.52,41341.773,41968.215,43153.816,43811.703,37070.402,35009.797,41611.324,37803.496,42408.734,43047.652,44140.16,42795.188
337,48717.29,41185.785,42317.684,43058.22,44176.324,37165.918,35228.98,41733.43,37969.047,42624.438,43719.664,43941.023,43324.73
338,47945.06,41731.78,42432.344,43650.94,45736.484,37735.17,35267.633,42013.027,38555.254,43209.43,43647.055,44554.832,45104.71
339,49199.87,41812.746,42792.19,45264.79,46465.832,37715.1,35234.105,42971.062,39190.75,43293.48,44165.484,46679.938,45517.45
340,52149.01,42116.32,44050.895,45670.05,48152.406,37858.094,35727.285,43661.88,40204.14,43593.16,45902.047,46995.8,47648.59
341,51679.8,43419.84,44879.137,47765.277,49364.188,38288.41,36264.03,44986.773,41239.51,44441.824,46388.973,49508.84,48506.56
342,55888.13,43949.83,46402.22,48491.51,50152.03,38575.863,37012.03,46093.766,42185.465,45143.176,48536.383,50389.168,49298.688
343,56099.52,45367.1,47512.97,49436.523,49144.53,39350.996,37952.363,47024.777,42444.543,46495.574,49515.668,51220.227,47757.99
344,57539.94,46393.258,48333.08,48045.312,46039.223,40188.727,38864.168,46810,41546.21,47794.043,50420.74,49222.62,44181.48
345,54207.32,47005.74,47577.79,44955.887,44640.37,40735.793,39304.797,45000.945,40317.895,48807.016,48999.188,44968.773,43328.305
346,48824.43,46360.887,44917.566,44135.414,43582.36,41493.07,38956.086,43546.1,38959.11,49299.74,45546.96,44330.37,42000.387
347,49705.33,43984.156,43210.19,42726.285,42541.07,41284.473,38137.33,42141.33,37745.04,48104.72,44640.85,42933.78,41188.95
348,47093.85,43021.07,42029.918,42071.074,42083.977,40693.96,36990.81,41003.457,36879.312,46670.98,43238.97,42069.84,40980.7
349,46339.76,42038.85,41284.67,41682.824,41599.777,39328.16,35809.32,40299.61,36255.01,44832.31,42327.246,41894.62,40467.33
350,46188.45,41037.438,40909.246,41114.234,43277.06,38159.52,34704.336,39709.004,36495.1,43438.043,42000.895,41301.848,42736.44
351,45137.77,40723.285,40510.27,43200.906,44116.824,37860.83,33937.168,40473.242,37017.79,42844.53,41435.56,44083.656,43105.812
352,49631.24,40194.812,41806.293,43358.5,44884.703,37158.223,33870.293,41101.043,37772.086,42043.688,43502.785,44346.566,44170.215
353,48378.99,41471.46,42705.656,44524.684,44589.3,37057.11,34285.117,41938.17,38199.285,42373.223,43927.516,45505.73,43486.19
354,50538.24,42045.79,43597.125,43736,44282.348,37246.996,34952.8,42080.57,38349.824,42931.28,44999.652,44584.312,43255.934
355,48561.17,42643.57,43382.957,43682.77,44267.805,37697.082,35366.902,42058.36,38343.88,43764.703,44443.758,44344.91,43198.332
356,48927.3,42563.84,43021.094,43560.3,45275.45,38519.23,35731.195,42040.19,38591.285,44410.004,44254.895,44349.535,44413.49
357,48912.38,42282.215,42843.223,44779.746,46362.742,38430.266,35863.043,42620.285,39099.734,44274.555,44209.094,45861.773,45470.15
358,51206.69,42350.36,43621.055,45736.098,47818.94,38588.625,36046.324,43434.215,39955.527,44298.598,45362.023,47047.152,47094.113
359,52246.52,43072.59,44690.29,47315.74,49036.73,38343.133,36337.64,44611.938,40947.582,44408.51,46412.49,48900.434,48209.95
360,54824.12,43946.69,46092.605,48333.27,50172.85,38658.836,36831.145,45761.812,41980.93,45129.027,48056.31,50106.055,49343.207
361,56008.55,45104.2,47263.273,49473.36,50472.746,39174.445,37678.707,46884.15,42732.777,46217.008,49258.066,51371.758,49377.773
362,57805.12,46134.152,48310.215,49558.047,51899.344,40005.082,38595.332,47484.17,43625.14,47520.453,50492.24,51285.254,51180.582
363,57332.09,47053.06,48640.605,51319.94,52124.977,40695.133,39460.926,48602.383,44206.77,48709,50634.168,53509.16,50847.31
364,61243.08,47365.35,49753.35,51029.254,50404.637,41419.53,40325.7,49042.72,44036.78,49637.63,52508.367,52939.55,48787.176
365,59302.32,48545.523,50045.91,49407.125,49670.7,41927.363,40937.3,48300.152,43587.258,50640.043,52254.703,50321.113,48431.37
366,55907.2,48747.086,48785.94,49047.906,50617.22,42392.97,40971.32,47645.73,43413.49,51323.164,50248.555,50092.965,49554.76
367,56804.9,47416.84,47871.66,49970.582,50848.55,42549.8,40767.21,47763.914,43353.18,51103.21,49907.273,51614.6,49547.996
368,58870.89,47049.81,48358.06,50001.543,50799.95,42721.293,40607.562,47789.15,43390.438,50776.68,50980.133,51480.95,49675.31
369,57858.92,47736.61,48787.17,50184.67,50843.992,42122.688,40481.227,47826.246,43457.98,50326.867,50939.23,51577.11,49703.727
370,58346.65,47787.598,48962.383,50143.863,50585.6,41799.27,40410.445,47829.645,43418.58,50250.2,51077.508,51598.4,49288.348
371,58313.64,47808.73,48957.082,49796.766,49187.7,42142.598,40421.07,47631.277,42948.93,50646.594,51122.7,51084.637,47596.742
372,57523.42,47913.453,48703.96,48268.824,48397.832,42388.81,40379.14,46731.81,42351.96,50861.098,50726.324,49013.703,47079.668
373,54529.15,47655.332,47549.02,47800.977,47546.848,42258.89,40205.906,45992.406,41614.863,50677.97,49045.47,48545.734,46056.99
374,54738.94,46577.652,46703.887,46746.598,46598.605,42186.57,39843.824,45128.863,40825.727,50143.555,48500.836,47393.77,45177.4
375,52774.26,46006.293,45857.773,45968.17,47608.47,41865.133,39177.496,44269.402,40633.156,49407.535,47432.69,46408.914,46762.617
376,51704.16,45314.688,45064.727,47306.734,48927.023,41306.184,38423.87,44550.89,40965.215,48453.72,46497.77,48453.105,47951.465
377,55137.31,44478.69,45762.44,48285.758,49315.684,40623.45,38086.664,45313.883,41460.973,47452.69,47959.27,49810.105,48261.67
378,55973.51,45300.85,46971.902,48656.52,50019.09,40422.938,38097.73,45887.008,42106.4,47395.383,49114.176,50013.312,49150.35
379,55950.75,46212.305,47632.902,49450.637,50980.26,40237.9,38378.605,46606.703,42829.9,47721.844,49460.855,51056.973,50019.67
380,57750.2,46457.973,48247,50239.645,51373.86,40578.406,38934.45,47423.258,43426.465,48400.6,50405.875,52078.68,50226.613
381,58917.69,47125.207,48978.41,50526.832,51441.81,41337.668,39652.137,47990.312,43830.098,49362.1,51340.633,52251.668,50273.824
382,58918.83,47868.84,49394.26,50644.836,51562.348,41650.188,40257.355,48317.543,44082.227,50025.902,51619.137,52267.684,50384.492
383,59095.81,48147.188,49496.95,50781.766,50945.906,41959.887,40757.8,48540.055,43996.453,50601.277,51721.637,52405.258,49503.97
384,59384.31,48267.97,49547.688,50032.406,50909.844,42401.426,41045.676,48245.465,43879.83,51120.133,51866.266,51304.523,49719.72
385,57603.89,48414.074,49042.242,50274.94,51251.36,42609.75,41002.504,48150.43,43848.67,51373.01,51004.043,51658.69,50046.58
386,58758.56,47932.945,48927.105,50498.96,51055.28,42600.41,40976.074,48216.297,43771.348,51204.66,51222.746,52077.957,49723.152
387,59057.88,47945.62,49150.44,50265.594,49967.383,42568.367,40948.73,48083.598,43405.586,51097.95,51534.473,51624.984,48478.86
388,58192.36,48226.34,49104.543,49144.9,50240.99,42492.195,40831.836,47404.18,43223.516,51081.492,51202.55,50081.883,49182.973
389,56048.94,48012.832,48266.96,49754.645,50770.484,42342.156,40552.902,47320.77,43222.574,50964.277,49960.477,51080.477,49563.363
390,58323.95,47214.145,48284.582,49987.656,51468.164,42438.406,40408.414,47464.023,43494.85,50706.65,50640.086,51531.9,50428.926
391,58245,47471.348,48673.914,50861.336,51993.86,42291.484,40360.652,47945.062,43900.66,50490.67,50991.31,52535.35,50925.188
392,59793.24,47827.227,49410.918,51264.863,52047.457,42052.746,40515.5,48441.324,44227.156,50400.71,51853.117,53054.95,50853.65
393,60204.96,48297.82,49965.35,51268.246,53340.03,42023.18,40813.84,48688.58,44850.98,50717.285,52376.086,52893.406,52519.47
394,59893.45,48770.246,50076.383,52792.855,54110.938,42507.9,41063.465,49601.08,45486.023,51415.27,52344.54,55010.69,52935.152
395,63503.46,48790.47,51059.19,53161.613,54194.87,42701.52,41610.76,50312.9,45976.566,51729.2,54079.34,55405.156,52991.715
396,63109.7,49846.086,51780.89,53397.637,53516.41,43072.87,42216.703,50725.31,46072.02,52491.043,54547.71,55379.297,52077.51
397,63314.01,50405.97,52028.586,52585.957,52741.707,43338.76,42723.5,50520.01,45821.152,53141.04,54665.57,54224.996,51260.508
398,61572.79,50456.54,51453.94,51923.64,50723.805,43680.633,42883.42,49991.637,44930.68,53703.746,53787.7,53293.434,48800.734
399,60683.82,50039.234,50668.61,49681.61,49297.438,44140.676,42829.363,48548.258,43808.32,53950.38,52985.492,50326.285,47697.105
400,56216.19,49452.22,48908.965,48685.05,49273.523,43967.562,42239.94,47200.945,42950.555,53470.21,50485.027,49200.188,47955.16
401,55724.27,47911.14,47510.957,48707.188,48499.824,43623.33,41397.74,46552.305,42146.523,52369.082,49322.61,49694.79,46925.37
402,56473.03,46820.58,47253.246,47711.445,46940.457,42928.36,40574.062,45714.742,41234.305,50987.746,49467.406,48389.574,45419.277
403,53906.09,46813.824,46747.88,46316.344,45946.188,42234.242,39666.37,44578.625,40354.816,50021.496,48348.47,46584.258,44603.746
404,51762.27,46042.35,45580.94,45412.27,45293.84,41408.68,38787.57,43606.375,39566.062,49013.64,46801.934,45755.652,43927.67
405,51093.65,44828.34,44535.887,44675.07,44568.766,41152.58,37955.164,42818.45,38863.984,48226.04,45930.027,45059.707,43235.97
406,50050.87,44084.57,43810.773,43972.395,46334.07,40751.504,37243.574,42125.363,39023.492,47285.438,45187.008,44289.457,45717.883
407,49004.25,43446.254,43198.59,46207.613,48208.566,39910.703,36594.38,42958.504,39803.21,46146.887,44431.39,47391.89,47353.883
408,54021.75,42775.07,44542.145,47562.67,48647.703,39293.57,36538.41,44255.766,40644.883,45277.87,46735.21,49206.637,47643.523
409,55033.12,44150.56,46304.234,47972.457,48048.637,39105.93,36855.9,45120.586,41096.816,45513.21,48360.508,49308.887,46890.43
410,54824.7,45512.195,47110.125,47264.562,49382.273,39235.117,37430.76,45251.082,41744.33,46365.957,48735.504,48312.75,48667.258
411,53555.11,45798.395,46672.203,48930.324,50544.44,39827.46,38005.44,46150.582,42435.9,47386.844,48094.39,50618.836,49448.8
412,57750.18,45510.133,47440.9,49605.875,50240.383,40800.086,38716.594,47042.395,42826.09,48143.438,49887.652,51500.855,48946.74
413,57828.05,46596.387,48413.73,49368.34,50034.777,40982.438,39387.473,47284.023,43011.15,48628.06,50723.496,50724.39,48917.684
414,56631.08,47440.793,48479.297,49360.668,48604.527,41114.418,39817.15,47376.047,42589.16,49225.547,50282.027,50712.156,46951.51
415,57200.29,47170.613,48283.914,47563.2,49201.2,41407.555,40022.184,46508.87,42418.676,49677.26,50299.49,48320.434,48274.32
416,53333.54,47202.44,46995.35,48850.676,49755.844,42042.98,39713.402,46590.664,42392.914,50175.66,48369.535,50139.688,48494.31
417,57424.01,46076.43,47242.77,48848.883,50043.02,41831.86,39652.977,46723.117,42540.41,49499.152,49637.023,50356.03,48950.11
418,56396.51,46556.125,47693.516,49462.938,50765.363,41534.61,39619.895,46978.906,42919.562,49242.2,49826.105,50821.47,49825.66
419,57356.4,46976.43,48193.47,50151.957,51001.734,41420.42,39643.844,47501.3,43263.832,49270.54,50271.12,51860.465,49819.773
420,58803.78,47091.86,48835.605,50186.793,49961.92,41239.71,39784.34,47767.227,43189.54,49395.746,51167.543,51752.203,48505.71
421,58232.32,47798.438,49075.13,49060.47,49601.574,41913.97,40105.816,47308.105,42983.363,50236.383,51200.523,50083.66,48400.89
422,55859.8,47913.84,48292.484,48969.605,46693.62,41955.234,40211.816,46987.6,41850.754,50471.06,49927.723,50088.652,44576.895
423,56704.57,47126.332,47793.273,45432.41,44801.594,42177.734,40182.777,45061.477,40458.305,50426.934,49829.258,45450.215,43353.95
424,49150.53,46926.87,45363.8,44424.28,44674.895,42192.918,39479.71,43410.168,39349.99,50182.53,46043.234,44285.773,43391.094
425,49716.19,44623.562,43515.73,44111.156,43532.598,41634.25,38328.258,42568.79,38277.414,48677.066,44747.234,44594.492,41955.727
426,49880.53,43139.51,42989.137,42805.465,42439.746,40758.895,37314.105,41489.12,37373.105,46973.645,44644.47,42859.848,41251.207
427,46760.19,43066.918,42215.46,42082.03,40944.01,39935.13,36175.6,40599.414,36367.938,45741.793,43152.438,42086.402,39563.527
428,46456.06,41840.785,41415.832,40291.254,39810.508,38497.19,35168.445,39389.895,35408.47,44177.227,42361.465,40176.992,38610.89
429,43537.51,41036.8,40025.605,39403.266,36823.953,38334.535,34224.37,38338.758,33862.914,43566.234,40686.09,39213.266,35136.242
430,42909.4,39817.793,38902.02,35904.93,36619.637,37751.97,33393.125,36257,32828.527,42399.51,39676.27,35251.98,35874.926
431,37002.44,38756.215,36342.664,36749.234,35996.797,36755.285,32201.832,35545.305,31936.123,41044.12,36380.07,36446.215,34710.004
432,40782.74,36299.64,35752.82,35243.56,35240.984,35897.555,31374.684,34737.332,31292.607,39228.6,36778.785,35158.875,34311.79
433,37304.69,36005.094,35119.746,35094.145,33783.45,34680.785,30331.457,34170.016,30517.64,37828.586,35641.066,34720.67,32726.504
434,37536.63,35334.18,34691.484,33244.25,34812.1,33740.004,29567.154,33177.08,30406.904,36699.984,35133.97,32948.668,34308.5
435,34770.58,34446.277,33438.883,34934.445,35914.465,32635.6,28900.771,33424.97,30731.443,35701.94,33651.113,34961.914,35080.906
436,38705.98,33423.65,33970.93,35430.332,36510.246,32788.156,28627.639,33984.85,31294.912,35165.633,34887.605,35831.65,35784.87
437,38402.22,34013.89,34942.22,36254.305,36332.09,31841.297,28787.9,34597.594,31687.67,34593.67,35624.664,36513.805,35532.965
438,39294.2,34803.07,35792.203,35843.293,34842.312,31826.564,29169.855,34780.062,31429.537,34905.44,36312.414,36120.773,33779.28
439,38436.97,35168.61,35777.16,34141.04,33333.05,31908.215,29621.533,34026.598,30671.22,35389.13,36171.18,34068.22,32367.508
440,35697.61,35252.965,34465.13,32808.797,33329.97,32880.22,29519.848,32951.14,30031.105,36102.066,34630.004,32598.627,32532.332
441,34616.07,34030.17,32911.977,32989.207,34454.19,32737.71,29299.98,32493.555,29951.857,35571.74,33284.81,32997.484,33733.883
442,35678.13,32860.625,32517.238,34224.473,34783.914,32412.375,28833.27,32880.066,30132.258,34680.316,33267.637,34459.355,33947.21
443,37332.85,32748.26,33450.57,34388.934,35051.03,31590.648,28570.188,33212.863,30485.928,33807.52,34256.664,34584.57,34428.047
444,36684.92,33467.36,34098.152,34843.09,36095.65,30896.355,28323.322,33577.47,31083.3,33601.652,34488.5,35042.273,35530.543
445,37575.18,33689.12,34505.04,35805.934,35655.586,31005.05,28493.045,34270.906,31319.27,33945.855,34941,36301.812,34675.445
446,39208.77,34011.973,35278.145,34918.844,34291.242,31569.4,28938.162,34216.84,31021.379,34522.355,35977.68,35185.21,33379.355
447,36894.41,34912.67,35029.715,33749.293,33808.266,32050.475,29347.395,33539.227,30552.748,35174.902,35322.234,33687.977,33048.85
448,35551.96,34502.15,33915.848,33393.695,32773.93,32141.322,29427.365,33011.332,29805.055,35260.23,34161.832,33440.344,31726.537
449,35862.38,33510.953,33174.094,32115.328,31941.932,32327.93,29172.441,32155.91,29056.232,35001.867,33766.613,32007.955,31130.375
450,33560.71,33194.703,32191.545,31640.365,33631.332,32141.014,28569.9,31440.541,29135.348,34489.992,32548.14,31415.996,33216.664
451,33472.63,32187.371,31468.723,33692.664,34726.1,31213.74,27894.748,32092.941,29634.408,33426.727,31880.588,33960.418,33945.1
452,37345.12,31458.107,32673.053,34270.78,35021.203,30633.568,27695.285,32820.57,30251.664,32663.135,33588.137,34656.637,34400.047
453,36702.6,32797.02,33871.83,34789.188,34309.984,30444.836,27773.572,33380.043,30462.072,32837.207,34333.74,35020.953,33505.734
454,37334.4,33499.902,34519.953,33718.277,35441.906,30286.988,28151.863,33201.387,30894.836,33238.047,34835.1,33895.44,35010.66
455,35552.52,33815.215,33937.312,35331.305,37092.887,30999.701,28556.693,33781.902,31611.396,34081.625,34136.56,35739.016,36419.633
456,39097.86,33459.703,34575.69,36579.3,37747.777,31840.512,29032.773,34784.383,32332.184,34489.027,35443.41,37334.555,36994.28
457,40218.48,34333.383,35933.67,37262.89,36815.223,31766.92,29613.754,35578.277,32529.348,34696.473,36803.625,37808.79,35913.42
458,40406.27,35630.855,36877.133,36152.402,35974.61,32067.875,30233.305,35454.96,32297.53,35457.37,37446.766,36406.387,35152.945
459,38347.06,36127.902,36322.992,35467.63,34698.234,32451.15,30449.488,34995.07,31578.203,36250.066,36573.93,35598.547,33624.266
460,38053.5,35639.742,35387.09,33947.3,33835.734,33435.785,30370.338,34041.555,30742.082,36836.492,35879.797,33943.703,32919.516
461,35787.24,35047.805,34062.16,33398.965,33658.05,33485.07,30078.49,33220.355,30107.584,36535.145,34477.734,33279.652,32831.8
462,35615.87,33997.91,33168.73,33292.58,31765.893,33004.043,29499.047,32786.477,29134.352,35638.906,33718.414,33300.906,30612.328
463,35698.3,33196.906,32913.21,31077.488,30740.94,32166.62,28883.24,31543.81,28255.111,34616.113,33527.324,30738.27,30080.914
464,31676.69,33019.17,31484.635,30650.152,31426.945,31636.05,27894.566,30629.666,27894.252,34008.715,31524.904,30274.803,30805.55
465,32505.66,31354.604,30460.479,31222.678,32456.416,30820.457,27098.352,30541.637,28094.95,32863.85,30854.314,31266.281,31793.473
466,33723.03,30535.6,30683.582,32264.209,31384.977,30321.545,26657.13,31005.441,28047.9,31992.037,31354.426,32379.463,30492.72
467,34662.44,30969.91,31694.496,30830.22,30614.191,29686.527,26633.084,30620.145,27846.453,31474.965,32205.61,30721.793,30065.004
468,31637.78,31524.262,31204.84,30461.125,31863.494,28988.77,26538.574,30157.451,28036.916,31389.53,31147.236,30274.74,31398.973
469,32186.28,30735.666,30447.77,31720.271,32756.375,29426.12,26484.139,30565.588,28434.871,31536.387,30702.605,31960.777,31989.324
470,34649.64,30220.121,31078.125,32310.85,33480.746,29580.51,26600.137,31096.514,29037.605,31324.473,31804.951,32573.002,32931.63
471,34434.34,31183.275,31971.67,33315.516,33528.656,29409.217,26895.154,31806.586,29469.193,31354.752,32401.324,33553.637,32830.1
472,35867.78,31673.531,32904.992,33055.31,32624.045,29021.885,27390.822,32102.137,29421.459,31498.62,33294.742,33322.926,31805.729
473,35040.84,32373.865,33051.727,32087.11,32201.303,29741.074,27670.1,31737.28,29151.406,32388.918,33311.57,32114.762,31498.568
474,33572.12,32570.07,32288.098,31803.133,32613.031,30488.53,27777.197,31379.89,28999.402,33010.12,32468.635,31862.275,31905.014
475,33897.05,31854.65,31691.611,32242.37,33203.793,30538.307,27783.117,31412.87,29092.629,32843.555,32149.748,32424.719,32501.668
476,34668.55,31587.074,31844.9,32884.223,32699.697,30573.525,27790.771,31744.998,29056.873,32605.852,32458.926,33097.2,31867.979
477,35287.78,31833.943,32455.926,32211.316,32405.744,30139.896,27687.201,31621.66,28981.07,32321.686,32975.625,32268.61,31780.277
478,33746,32236.428,32272.39,32149.154,32315.965,29952.541,27522.684,31485.082,28858.648,32426.512,32465.578,32172.338,31587.047
479,34235.19,31880.91,31988.268,31868.672,31768.068,30193.5,27475.996,31323.941,28584.56,32552.686,32352.912,31992.166,30953.957
480,33855.33,31721.28,31747.318,31297.812,31824.48,30350.79,27399.379,30945.607,28429.002,32544.299,32172.617,31281.9,31215.732
481,32877.37,31637.3,31290.5,31587.504,31967.137,30240.1,27300.455,30867.096,28367.908,32349.957,31602.148,31627.643,31255.795
482,33798.01,31097.629,31277.768,31582.822,32287.232,29828.877,27186.332,30867.115,28479.566,31909.158,31754.588,31684.16,31663.902
483,33520.52,31180.523,31378.662,32048.305,31994.375,29803.016,27027.584,31067.057,28489.953,31827.969,31785.936,32144.037,31239.197
484,34240.19,31243.713,31721.92,31533.648,31435.588,29603.002,27000.26,30968.822,28329.832,31705.85,32137.375,31609.674,30738.527
485,33155.85,31458.727,31555.1,31069.504,31264.408,29536.785,27007.512,30656.885,28130.943,31799.494,31806.076,31033.777,30605.5
486,32702.03,31268.723,31069.658,30916.25,30796.516,29760.05,26986.523,30429.336,27814.123,31894.92,31345.805,30952.855,30005.477
487,32822.35,30817.357,30772.88,30334.623,30249.26,29667.67,26858.352,30043.66,27439.838,31660.893,31186.623,30304.734,29539.588
488,31780.73,30697.072,30336.615,29923.57,30110.63,29580.434,26663.383,29627.498,27151.668,31444.24,30648.094,29814.66,29452.926
489,31421.54,30226.85,29873.924,29828.25,30282.854,29148.367,26378.559,29385.63,27041.305,30975.586,30181.816,29784.17,29636.207
490,31533.07,29766.33,29663.414,30022.75,29917.342,28888.793,26058.531,29364.738,26899.408,30589.846,30042.406,30024.842,29192.639
491,31796.81,29636.076,29780.793,29535.357,29078.604,28655.51,25883.758,29147.656,26573.152,30289.852,30159.53,29489.672,28380.188
492,30817.83,29687.076,29564.15,28719.562,29797.566,28319.324,25716.5,28634.379,26587.453,30080.37,29775.102,28575.293,29354.287
493,29807.35,29360.84,28869.197,29757.482,30713.873,28222.375,25527.812,28833.002,26892.443,29930.19,29044.682,29800.74,30055.584
494,32110.69,28695.508,29245.062,30381.797,31559.67,28115.932,25480.78,29306.695,27467.742,29582.594,29785.586,30582.383,31021.293
495,32313.11,29263.33,30042.945,31417.953,32333.56,27970.598,25608.96,30005.865,28153.643,29550.959,30439.434,31586.543,31797.309
496,33581.55,29884.49,31020.836,32065.463,33178.125,27805.627,25977.918,30715.668,28877.89,29744.12,31336.025,32371.89,32640.203
497,34292.45,30560.398,31811.092,32890.418,34530,28131.092,26467.018,31451.96,29755.244,30388.926,32120.906,33250.67,34047.684
498,35350.19,31348.979,32573.795,34255.406,36240.69,29026.078,27065.416,32478.807,30842.193,31324.129,32964.91,34799.164,35736.508
499,37337.53,32065.256,33737.992,35904.66,37281.477,29504.084,27828.463,33808.61,31871.322,32031.934,34312.96,36642.65,36647.72
500,39406.94,33247.547,35288.8,36781.348,37531.562,30237.502,28767.416,34921.81,32585.533,33051.72,35971.402,37514.758,36827.746
501,39995.91,34690.03,36421.863,36972.55,38533.65,31000.863,29654.11,35555.746,33272.562,34282.945,36980.57,37576.668,37995.586
502,40008.42,35644.402,36793.363,38133.676,38963.773,31945.457,30314.008,36404.863,33736.48,35543.91,37295.992,38913.453,38114.74
503,42235.55,36022.035,37531.797,38224.668,38078.74,32897.438,31021.682,36914.207,33702.85,36521.77,38436.4,38960.3,37085.418
504,41626.2,36976.375,37923.777,37360.637,37064.562,33608.492,31518.502,36684.293,33270.91,37406.727,38665.117,37675.297,36150.438
505,39974.9,37354.27,37344.504,36478.93,36221.24,33971.535,31666.443,36094.695,32595.59,37939.83,37793.125,36647.027,35241.727
506,39201.95,36716.094,36367.7,35613.645,36577.707,34228.082,31449.984,35353.996,32213.781,38017.363,36917.973,35700.79,35841.15
507,38152.98,36065.926,35429.32,36271.51,37575.35,34412.465,30948.502,35258.03,32311.578,37752.47,36031.44,36518.16,36864.01
508,39747.51,35350.453,35579.293,37209.06,38926.973,33839.973,30536.121,35715.47,32934.77,36910.797,36469.96,37697.84,38358.383
509,40869.55,35547.152,36486.938,38669.56,40389.047,33264.777,30410.121,36660.48,33927.69,36461.6,37378.734,39329.84,39857.297
510,42816.5,36288.297,37868.203,40024.125,40702.895,33124.96,30653.87,37845.375,34734.02,36659.008,38782.07,40929.82,39895.895
511,44555.8,37343.164,39305.496,40039.758,41659.008,33392.863,31263.482,38463.67,35552.996,37429.62,40273.66,40791.688,41106.547
512,43798.12,38602.137,39770.15,41262.844,42063.727,34268.523,32053.92,39315.324,36110.36,38714.96,40475.133,42189.97,41147.883
513,46365.4,38913,40520.754,41243.008,41927.83,35018.55,32930.5,39789.777,36373.457,39621.797,41685.383,42163.55,41002.574
514,45585.03,39802.785,40835.703,41286.09,41307.188,35775.035,33583.57,39957.08,36263.32,40587.023,41845.496,41944.05,40262.598
515,45593.64,40182.496,40811.95,40568.94,42412.85,36253.89,33962.676,39689.14,36456.203,41181.613,41770.938,41075.773,41767.5
516,44428.29,40089.71,40259.258,42094.027,43091.277,36433.914,33954.83,40239.39,36749.56,41428.133,41112.223,42972.875,42103.035
517,47793.32,39740.29,40986.51,42324.258,43003.71,36799.9,34071.33,40708.15,36981.37,41509.125,42495.17,43285.51,42050.676
518,47096.95,40610.426,41666.023,42428.793,42428.12,36660.312,34210.656,40906.836,36960.24,41661.332,42872.754,43112.56,41402.93
519,47047,41119.85,41855.125,41750.723,41545.34,36780.41,34373.438,40679.508,36609.777,42062.473,42868.03,42322.23,40396.19
520,46004.48,41046.695,41372.293,40848.105,41128.793,37004.586,34444.555,40064.137,36180.54,42416.44,42294.11,41185.277,40093.793
521,44695.36,40760.87,40494.836,40570,41952.152,37536.93,34241.84,39582.742,36113.918,42655.195,41348.723,40936.43,41135.188
522,44801.19,40028.383,39974.67,41536.562,43702.348,37234.64,34022.71,39816.824,36664.855,42080.92,41012.547,42241.746,43044.723
523,46717.58,39698.668,40544.383,43322.418,44401.074,36935.234,33895.766,40852.43,37359.61,41570.86,41925.785,44450.82,43509.73
524,49339.18,40297.527,42135.42,43737.492,44531.816,36596.273,34115.645,41627.008,37953.25,41450.062,43730.863,44784.785,43689.55
525,48905.49,41624.996,43082.145,43969.5,44708.484,36637.363,34456.88,42092.152,38363.46,42108.535,44266.297,44883.64,43789.51
526,49321.65,42177.93,43353.336,44023.71,44024.637,37203.93,35020.883,42373.707,38334.69,43050.934,44531.15,45002.04,42791.656
527,49546.15,42392.29,43371.547,43156.703,43987.168,37970.266,35532.766,42053.78,38233.97,43890.055,44700.992,43803.71,43015.996
528,47706.12,42630.55,42751.066,43452.305,43392.586,38466.742,35771.25,41968.67,37898.18,44359.97,43800.96,44171.055,42131.39
529,48960.79,42061.63,42604.363,42563.754,43752.195,38395.82,35832.207,41513.36,37783.875,44132.414,43998.707,43116.562,42877.434
530,46942.22,42086.816,42082.375,43385.723,44216.22,38389.08,35564.215,41611.906,37844.688,44041.312,43149.42,44083.367,43213.516
531,49058.67,41619.65,42354.008,43555.746,44262.2,38196.316,35331.926,41826.484,37955.805,43651.445,43809.395,44452.723,43242.758
532,48902.4,41865.523,42758.035,43675.645,43437.023,37915.3,35239.47,41946.31,37806.14,43498.715,44130.086,44417.543,42261.12
533,48829.83,42259.95,42947.93,42704.938,42950.164,38049.254,35305.63,41538.1,37534.375,43729.418,44173.027,43209.03,41889.266
534,47054.98,42220.445,42321.758,42397.188,43634.81,37953.09,35228.07,41128.516,37516.348,43790.195,43258.566,42860.984,42751.117
535,47166.69,41661.84,41755.996,43150.26,44389.67,38272.645,35099.78,41313.207,37743.58,43809.055,42888.633,43977.83,43423.863
536,48847.03,41278.004,42140.434,43775.348,44888.21,38070.6,35109.656,41747.496,38129.246,43392.395,43666.89,44721.836,43991.78
537,49327.72,41802.254,42870.69,44346.82,45058.715,37861.14,35180.13,42250.766,38481.117,43302.53,44311.734,45300.57,44100.156
538,50025.37,42302.223,43503.58,44418.406,45832.18,37700.227,35433.758,42562.293,38954.418,43480.582,44883.86,45352.676,45017.453
539,49944.63,42721.83,43722.37,45304.973,46728.62,38050.766,35645.496,43147.613,39519.793,44066.6,45035.05,46455.08,45816.57
540,51753.41,42926.16,44303.2,46031.688,44608.484,38512.793,36087.457,43840.95,39225.95,44583.414,45956.35,47370.88,42936.31
541,52633.54,43554.855,45060.867,43453.164,42530.61,38767.68,36625.883,42877.652,38344.312,45071.793,46791.17,43758.316,41233.215
542,46811.13,44266.51,43558.32,41991.652,42152.69,39081.336,36624.59,41527.21,37449.79,45697.453,44091.71,41931.42,40988.105
543,46091.39,42590.582,41613.633,41569.152,41637.598,39194.164,36097.594,40680.242,36617.984,45331.652,42424.984,41923.688,40299.85
544,46391.42,41106.832,40750.082,40956.375,41300.582,39122.207,35391.15,39938.277,36050.145,44420.438,42083.74,41171.62,40263.4
545,44883.91,40822.574,40307.652,40914.684,41697.38,38381.24,34623.47,39532,35885.65,43246.926,41334.7,41150.44,40825.965
546,45201.46,40133.047,40187.195,41328.184,41551.76,37070.285,33940.85,39592.855,35819.863,41947.766,41194.83,41842.465,40504.934
547,46063.27,39868.29,40506.86,40969.133,42212.652,36833.367,33535.816,39484.777,36072.9,41600.09,41666.527,41395.125,41469.2
548,44963.07,40187.977,40478.984,41888.434,43304.082,36720.867,33297.23,39878.7,36610.152,41540.875,41362.938,42558.797,42500.773
549,47092.49,39969.293,41008.617,42757.29,43591.34,36496.047,33491.96,40595.06,37104.87,41369.348,42256.8,43743.695,42616.18
550,48176.35,40502.2,41904.55,42931.67,43262.434,36680.117,34047.883,41041.582,37352.09,41704.63,43274.836,43754.742,42257.574
551,47783.36,41367.863,42342.824,42613.887,43508.516,36938.26,34438.016,41105.168,37537.387,42272.266,43453.41,43269.156,42610.273
552,47267.52,41543.383,42146.805,42955.37,43364.74,37138.746,34721.5,41298.75,37540.06,42718.574,43162.566,43740.207,42233.3
553,48278.36,41393.906,42194.625,42599.63,41162.586,37682.27,34996.016,41246.758,36823.277,43133.164,43514.152,43287.836,39627.027
554,47260.22,41640.14,42043.184,40225.324,38709.957,37829.633,35058.664,40016.844,35526.113,43278.246,43182.035,40181.434,37349.066
555,42843.8,41491.742,40335.168,38108.04,39103.37,37727.71,34624.617,38272.805,34662.555,43166.645,40730.79,37712.734,38263.316
556,40693.68,39743.598,38058.613,38895.816,40597.457,37509.207,33739.508,37780.457,34544.57,42351.363,38508.93,39111.633,39699.523
557,43574.51,37889.883,37826.43,40172.836,40261.633,37039.74,32883.574,38247.36,34560.867,40947.91,39155.21,40831.41,39153.79
558,44895.1,38123.594,39082.18,39670.34,39558.98,36009.984,32466.312,38254.023,34529.26,39799.758,40410.637,39967.023,38711.105
559,42839.75,39031.81,39368.47,39205.406,39665.785,35037.113,32240.904,38015.684,34531.16,39452.594,39935.87,39386.535,38835.32
560,42716.59,38685.645,38905.523,39198.62,39459.418,35103.51,32121.02,37944.414,34425.86,39677.19,39512.996,39619.613,38405.55
561,43208.54,38311.633,38681.53,38797.805,38620.855,35739.844,32145.94,37723.312,34098.816,39968.93,39614.41,39132.18,37549.156
562,42235.73,38404.98,38428.098,38021,,35690.785,32253.719,37220.586,,39801.336,39222.047,38139.016,
563,41034.54,38088.562,37792.8,,,35226.89,32200.162,,,39370.668,38408.773,,
564,41564.36,37428.004,,,,35126.68,,,,39029.727,,,
