,Prices_10_1,Strategy_Returns_10_1,F_t_10_1
0,495.77,-0.039996367,0.0
1,487.92,-3.4196925,-0.9999092
2,491.3,-12.5795145,-0.99998057
3,500.46,26.35039,-0.99999756
4,461.45,23.476946,0.9999817
5,458.6,14.257296,0.41256872
6,436.39,10.330564,-0.9999212
7,440.29,8.064748,-0.32394445
8,447.21,7.663299,-0.92695
9,447.64,-2.441049,-0.99844736
10,457.76,5.9369893,-0.99998486
11,449.38,16.945608,-0.9541121
12,437.76,15.584985,0.99996316
13,436.4,12.713638,0.9831113
14,433.48,8.141691,0.9996358
15,428.96,4.7626476,-0.34019002
16,438.82,3.4661257,-0.95944625
17,440.17,-5.7422075,-0.9911862
18,449.46,-10.774623,-0.9965232
19,454.43,-26.250294,0.9958584
20,438.89,-23.689219,0.9966421
21,441.46,-24.47116,0.98928595
22,440.67,-21.173023,0.99947083
23,443.97,-17.951109,0.9965662
24,447.25,-18.103434,-0.17401081
25,448.06,-18.509968,-0.458402
26,448.9,-15.960434,-0.99532807
27,446.26,-16.038744,0.9579574
28,446.18,23.486856,0.9997959
29,485.72,28.573036,0.8415301
30,491.77,60.347206,0.9684471
31,524.58,56.186306,0.95393455
32,520.22,61.094513,0.99762225
33,525.14,107.54394,0.9999877
34,571.59,119.37394,0.99999964
35,583.42,107.19394,0.99999994
36,571.24,113.01041,0.9999994
37,577.06,104.91054,0.9117507
38,568.18,152.023,0.99973065
39,615.33,155.16028,0.37869892
40,623.68,161.6653,0.99999976
41,630.23,157.84778,-0.124465294
42,660.62,150.7879,-0.99999636
43,667.6,124.859314,0.9976335
44,641.61,142.50931,0.99999946
45,659.26,136.94931,0.9999998
46,653.7,138.13972,0.99999654
47,654.97,136.90268,-0.9893599
48,656.14,129.85556,0.998164
49,649.16,125.86597,-0.9998982
50,653.15,145.91603,-0.9999915
51,633.02,100.124016,0.9939625
52,586.95,113.22913,0.9981082
53,600.16,136.00137,-0.9991607
54,577.36,123.78784,-0.78336847
55,592.94,124.53747,-0.9995224
56,592.19,105.868614,-0.99993855
57,610.86,108.76855,-0.9999779
58,607.96,118.57774,-0.99991834
59,598.07,114.65776,0.99999475
60,594.15,115.48952,0.9999819
61,594.99,121.26388,0.794311
62,602.27,112.89806,0.99991834
63,593.98,123.49997,-0.9124216
64,582.36,138.28645,-0.92319274
65,566.34,123.4108,-0.99988055
66,581.14,138.49222,0.93563944
67,597.26,137.752,0.9629308
68,596.55,134.9504,-0.45052478
69,602.72,97.97324,-0.99720514
70,639.8,96.90668,-0.97768074
71,640.81,106.975914,0.99992394
72,650.88,101.25591,0.99999964
73,645.16,86.78572,0.99999857
74,630.69,87.551445,0.9947185
75,631.46,91.90117,0.9999361
76,635.81,80.128654,0.9999949
77,624.09,79.871704,-0.31441563
78,624.82,80.18145,-0.9999915
79,624.51,87.883095,-0.99379104
80,616.76,72.568085,-0.99970084
81,632.0,74.25966,0.9896134
82,633.71,67.168335,0.97307634
83,626.5,73.66861,-0.91310084
84,619.32,74.74112,0.4815768
85,621.59,69.95537,0.99825656
86,616.8,75.585365,0.8957
87,623.09,81.2266,0.99476737
88,628.78,81.03058,0.520121
89,628.52,85.58872,-0.99963915
90,623.9,84.7154,0.50512093
91,622.21,84.05732,0.9968667
92,621.55,81.93094,0.993272
93,619.41,64.71505,0.973741
94,601.73,64.01269,0.9775224
95,601.09,68.9821,-0.9411846
96,595.81,70.803375,-0.94221014
97,593.85,73.28983,-0.30570558
98,585.69,73.76353,-0.50802404
99,584.72,90.93714,-0.98530495
100,567.29,72.10449,-0.99161965
101,586.23,74.623375,0.2927924
102,594.92,69.35198,0.92975336
103,589.33,71.78171,-0.92205024
104,586.67,71.00363,-0.34877318
105,588.78,68.636185,0.7053133
106,585.44,67.847855,0.9977765
107,584.65,72.06743,0.99990493
108,588.87,75.694214,0.9991194
109,592.58,78.89094,-0.999506
110,589.37,77.628075,-0.7073015
111,591.06,63.214336,0.980856
112,576.37,57.446987,0.8567537
113,569.64,36.95292,0.89166206
114,546.66,-3.105252,0.983499
115,505.97,-3.087021,-0.00644964
116,497.01,-25.682674,-0.9953958
117,519.71,2.2165067,-0.99961287
118,491.8,32.554897,-0.999947
119,461.46,8.77511,-0.9999908
120,485.24,-17.961828,-0.99988425
121,511.98,-23.29675,-0.99904686
122,517.24,-26.494535,0.9992989
123,514.04,-42.50968,0.99852425
124,498.08,-52.403355,-0.96891314
125,508.29,-46.718132,-0.9956907
126,502.5,-37.648136,0.99999994
127,511.57,-38.147964,0.99999374
128,511.15,-34.832077,-0.9958127
129,507.82,-35.532833,-0.9999964
130,508.52,-31.423294,-0.9809589
131,504.25,-57.857723,0.99790037
132,477.76,-60.797844,0.99910134
133,474.88,-62.28579,-0.568694
134,477.43,-62.28061,0.37565917
135,477.59,-74.32151,-0.99747
136,489.66,-68.24612,-0.9615128
137,483.34,-69.72982,-0.9957481
138,484.83,-67.268005,-0.996707
139,482.28,-74.932526,0.9979738
140,474.6,-74.27459,0.9999834
141,475.26,-70.40642,0.94872606
142,479.36,-70.28571,0.40852717
143,479.75,-69.18825,-0.55698884
144,477.75,-70.47453,-0.96974885
145,479.0,-71.49648,0.8827658
146,477.89,-71.1162,-0.16930556
147,475.37,-80.33221,0.989881
148,466.06,-89.05076,0.9950746
149,457.33,-95.86263,0.20622182
150,424.44,-80.323364,-0.5247842
151,394.8,-82.35155,-0.14153682
152,408.9,-72.7316,-0.95453876
153,398.82,-76.060104,-0.99954563
154,402.15,-109.69855,-0.9999537
155,435.79,-97.108864,-0.9999754
156,423.2,-85.55622,-0.9997831
157,411.57,-91.789986,0.87113446
158,404.42,-96.68999,0.99999845
159,399.52,-119.035675,0.99986494
160,377.18,-120.382065,0.78228736
161,375.47,-108.99942,0.99935615
162,386.94,-105.66966,-0.9999294
163,383.61,-97.18331,-0.9999972
164,375.07,-102.5318,0.3406352
165,359.51,-76.046364,-0.8644472
166,328.87,-68.63772,-0.89513326
167,320.51,-59.340324,0.97159076
168,330.08,-53.37197,0.9898402
169,336.19,-70.11221,-0.9994162
170,352.94,-82.20219,-0.9999959
171,365.03,-78.74446,-0.99952185
172,361.56,-79.357025,-0.7340558
173,362.3,-63.107216,0.9999884
174,378.55,-51.247223,0.99999934
175,390.41,-40.787727,0.9999627
176,400.87,-46.870453,0.99716026
177,394.77,-59.09012,0.995973
178,382.56,-59.718895,-0.47490716
179,383.76,-52.05927,0.99736094
180,391.44,-53.94948,0.99998325
181,389.55,-60.68872,0.9940011
182,382.85,-64.289734,-0.9919345
183,386.48,-60.97285,-0.9992155
184,383.16,-36.64682,-0.986477
185,358.42,-36.71687,0.9988135
186,358.35,-47.82519,0.99551064
187,347.27,-54.93064,-0.95611393
188,354.7,-53.24159,-0.9941305
189,352.99,-56.591854,-0.7212752
190,357.62,-34.77756,-0.99022543
191,335.59,-44.561565,-0.9996423
192,345.3,-51.106403,0.9373016
193,338.32,-63.681717,0.9991148
194,325.75,-63.59959,0.5880635
195,325.89,-62.694904,0.583073
196,327.55,-65.62797,-0.99732614
197,330.49,-74.445564,-0.97428113
198,339.49,-72.000084,0.25247446
199,349.29,-78.75454,0.9717497
200,342.42,-81.87804,-0.99148506
201,345.49,-64.117325,0.9994783
202,363.26,-60.457813,0.99988437
203,366.92,-59.67928,0.9981742
204,367.7,-3.8612535,0.9992556
205,423.56,-6.6679125,0.98950064
206,420.73,-25.694439,0.8301937
207,397.82,-47.38354,0.9999585
208,376.13,-35.633553,0.99999934
209,387.88,-36.10353,0.99992675
210,387.41,-48.308933,0.9996224
211,375.2,-43.039055,0.9999764
212,380.55,-20.33132,-0.9999006
213,357.84,-13.343052,-0.99999464
214,350.85,-15.403543,-0.95761836
215,352.92,-0.81764203,0.9979127
216,367.57,0.6280754,0.15992065
217,376.9,2.1708665,-0.9986335
218,375.35,8.226515,-0.871363
219,368.37,7.90841,-0.20973937
220,369.67,14.186156,0.9263557
221,376.45,13.226149,0.9999978
222,375.49,15.765357,0.9997461
223,378.05,16.296135,0.49619973
224,379.24,14.211986,-0.9962665
225,381.32,18.550814,-0.69835395
226,375.01,13.160814,0.9962863
227,369.6,20.385752,0.99853146
228,376.85,19.050377,0.6381502
229,374.79,19.057775,0.11851578
230,375.1,7.7691784,0.8520864
231,361.91,11.518557,-0.3873239
232,352.22,14.305241,-0.48208985
233,346.36,16.264637,0.47697404
234,350.51,18.185112,0.97812176
235,352.54,21.52343,-0.64966893
236,347.38,17.276905,-0.9990396
237,351.63,23.439192,-0.9838791
238,345.35,33.838806,-0.5720295
239,327.06,26.57243,0.99809
240,319.78,18.238876,0.9910966
241,311.4,20.03659,0.28700632
242,317.84,8.18043,-0.9781782
243,329.96,16.954165,-0.9621658
244,320.84,5.985431,-0.99262124
245,331.89,3.2292023,-0.9993128
246,334.57,-8.240213,0.9524517
247,322.53,-11.759766,0.9998698
248,319.01,-2.8533647,0.9996108
249,327.92,-14.933812,0.99632466
250,315.86,-15.820616,-0.6229775
251,317.24,-16.100527,0.0543858
252,312.67,-17.79248,0.8385776
253,310.74,-27.296162,-0.99889684
254,320.19,-30.8982,0.60377765
255,314.25,-30.193434,0.99370575
256,315.03,-4.2426376,-0.7644285
257,281.08,9.24439,-0.8032545
258,264.2,19.412006,0.9944387
259,274.47,17.796587,-0.13730095
260,286.19,17.910608,0.018986
261,294.34,28.888418,-0.99889493
262,283.35,21.828463,-0.99998343
263,290.41,37.33057,-0.99818045
264,274.8,28.290049,0.9890682
265,265.66,30.429985,0.99999946
266,267.8,-11.524604,0.9984451
267,225.86,36.07304,-0.9966033
268,178.1,4.3418093,-0.9997214
269,209.84,6.078086,-0.9978794
270,208.1,14.906658,-0.998713
271,199.26,3.826909,-0.9999746
272,210.34,-0.6895074,-0.9992004
273,214.86,2.8392043,-0.99996763
274,211.32,-8.457028,-0.7206296
275,226.9,-1.9470376,0.9999999
276,233.41,-2.4780593,0.99979156
277,232.88,12.064037,0.97149
278,247.85,17.929636,0.99925095
279,253.72,37.661114,0.999126
280,273.47,27.993402,0.96760935
281,263.48,-1.5754231,0.9999602
282,233.91,-1.9792726,0.99990875
283,233.51,-8.374671,0.9027592
284,226.43,-17.340218,0.99935913
285,217.46,-8.222602,0.96700907
286,226.97,-19.47168,-0.99902654
287,238.23,-8.511824,-0.99998677
288,227.27,-8.171761,-0.9999971
289,226.85,-17.896063,0.99838454
290,217.11,-12.751961,0.99930847
291,222.27,-8.97718,0.69107246
292,227.75,-13.312369,0.9984633
293,223.41,-16.531961,0.95198756
294,220.11,-16.264576,-0.99886644
295,219.84,-15.720807,-0.941169
296,219.18,-13.1574335,0.9938894
297,221.76,0.13409029,0.97235334
298,235.43,21.64125,0.98600304
299,257.32,42.409878,-0.92514986
300,234.82,42.129353,0.25591767
301,233.84,51.89022,0.9990656
302,243.61,44.616146,0.99918264
303,236.33,48.56542,0.99981654
304,240.28,52.043278,0.9998356
305,243.78,52.33039,0.46070865
306,244.53,60.87725,-0.9998377
307,235.98,58.016895,-0.9560531
308,238.89,57.80963,0.9999823
309,238.74,58.356083,-0.43170196
310,237.47,58.702915,-0.38650158
311,236.43,75.88651,0.99174136
312,253.83,75.518654,-0.8258025
313,254.26,72.44899,-0.50675935
314,260.2,87.62562,0.9810806
315,275.67,93.64436,0.99827635
316,281.7,85.23434,0.97666615
317,273.09,88.32399,0.9998877
318,276.18,84.86404,0.99997693
319,272.72,88.397285,0.99915737
320,276.26,86.665115,0.90491647
321,274.35,101.84555,0.99944097
322,289.61,100.167625,-0.7763172
323,291.76,95.485954,-0.9974104
324,296.38,93.767586,0.84343576
325,294.35,84.771996,0.9983593
326,285.34,81.35945,0.98902017
327,281.89,85.85762,0.9996119
328,286.39,90.04463,0.997538
329,290.59,85.23655,0.93132776
330,285.51,114.20831,-0.9921958
331,256.3,110.79546,-0.7354338
332,260.93,109.96081,-0.93013525
333,261.75,108.4543,0.8685654
334,260.02,116.046844,0.9659006
335,267.96,117.20603,-0.95173496
336,266.74,138.34317,-0.99986845
337,245.6,137.66466,-0.99769527
338,246.2,139.99368,0.99959046
339,248.53,138.42677,0.9998832
340,247.03,134.51721,-0.6773462
341,252.8,141.66245,-0.70920503
342,242.71,136.9603,-0.97535765
343,247.53,140.18611,-0.9986383
344,244.22,143.21458,0.9930269
345,247.27,148.90898,0.99981284
346,253.01,148.75964,-0.1133502
347,254.32,148.79437,-0.092092
348,253.7,152.00073,0.46698463
349,260.6,147.58585,0.8629046
350,255.49,145.27599,0.9989722
351,253.18,137.57814,0.9431009
352,245.02,136.22734,0.9964079
353,243.68,131.59525,0.6059245
354,236.07,131.61757,0.08084665
355,236.55,131.36534,0.4930362
356,236.15,141.56104,-0.88233966
357,224.59,146.87793,-0.9860557
358,219.16,146.63197,-0.05126321
359,223.83,145.58603,-0.21507466
360,228.57,143.01643,0.44725266
361,222.88,142.92015,-0.17106275
362,223.36,142.73706,0.18315288
363,222.6,140.80807,-0.9141629
364,224.63,150.56137,0.9169742
365,235.27,149.46829,0.9995258
366,234.18,151.47758,0.9094461
367,236.46,155.03069,-0.69667506
368,231.27,150.78279,0.8694091
369,226.39,143.8314,0.99873036
370,219.43,153.6227,0.99305105
371,229.29,150.16965,0.9882068
372,225.85,150.1588,-0.3519108
373,225.81,140.04915,-0.9752873
374,236.15,141.45467,-0.34582144
375,232.08,140.55751,-0.29669365
376,234.93,145.94922,0.99299055
377,240.36,144.61072,0.99853855
378,239.02,141.73235,0.98685855
379,236.12,138.0708,0.57485414
380,229.78,145.60144,0.99892443
381,237.33,150.25978,0.7175814
382,243.86,150.15837,0.031107906
383,241.83,148.58629,0.9877802
384,240.3,147.58907,-0.53157026
385,242.16,147.87206,-0.31919143
386,241.11,143.21315,0.9848512
387,236.38,143.76231,0.99909407
388,236.93,144.35065,0.9906739
389,237.6,145.62535,-0.89454716
390,236.15,145.35857,-0.3347691
391,236.8,142.05226,0.895111
392,233.13,141.60692,0.36413634
393,231.95,141.5127,-0.02738664
394,234.02,142.71442,0.91118824
395,235.34,147.38289,0.93708694
396,240.35,146.95972,0.27872762
397,238.87,148.08328,0.54512715
398,240.95,144.99634,0.8025283
399,237.11,145.00322,0.9336616
400,237.12,145.16151,0.9949997
401,237.28,145.28317,0.97239846
402,237.41,145.00323,0.8536365
403,237.1,143.21507,0.47094503
404,233.35,143.44249,-0.08203314
405,230.19,138.25806,0.7133777
406,222.93,139.91064,0.5805578
407,225.8,139.94312,0.9205362
408,225.87,139.73766,0.12112863
409,224.32,139.52377,-0.32153052
410,224.95,139.10112,-0.6046637
411,225.62,139.51822,-0.16667947
412,222.88,144.13089,0.8233078
413,228.49,144.67714,0.9757787
414,229.05,144.40344,0.97119576
415,228.8,144.55586,0.19879931
416,229.71,144.80052,0.9111322
417,229.98,147.08539,0.9446421
418,232.4,148.12645,0.9154422
419,233.54,151.3369,0.9790983
420,236.82,164.74512,0.95429933
421,250.9,164.3172,0.24632478
422,249.28,164.05513,0.9677963
423,249.01,159.7124,0.9869319
424,244.61,160.3079,0.99279296
425,245.21,159.04172,0.99699867
426,243.94,162.08281,0.99713975
427,246.99,159.35075,0.9927694
428,244.3,161.39899,-0.5450959
429,240.51,159.06737,-0.9868472
430,242.8,159.7044,0.80667126
431,243.59,165.623,0.80062366
432,250.99,163.7275,0.9511522
433,249.01,168.9234,0.6455255
434,257.06,172.71422,0.6312057
435,263.07,169.59059,0.6992544
436,258.62,166.38702,0.99798936
437,255.41,167.31516,0.99841815
438,256.34,171.8127,0.9885564
439,260.89,182.59662,0.9787986
440,271.91,179.95189,0.91781366
441,269.03,177.18866,0.9536167
442,266.21,173.01357,-0.89731145
443,270.79,171.8521,0.73782283
444,269.23,187.50183,0.9993457
445,284.89,195.71243,0.9989679
446,293.11,213.00421,0.97582304
447,310.87,212.89426,0.004817836
448,292.05,210.63919,0.48682788
449,287.46,209.00931,0.9999234
450,285.83,201.27042,0.9998566
451,278.09,202.65001,0.9997898
452,279.47,198.01479,0.9968187
453,274.9,199.30115,-0.9972575
454,273.61,193.93173,-0.99988526
455,278.98,196.99944,-0.9992365
456,275.83,198.33224,0.9981309
457,277.22,198.72705,-0.3665431
458,276.05,204.6369,0.48477703
459,288.28,205.0347,0.9590802
460,288.7,208.35533,0.83384836
461,292.69,209.27693,0.9946912
462,293.62,210.01163,0.90830606
463,294.43,205.48726,0.934248
464,289.59,203.61835,0.9993834
465,287.72,200.55338,0.9978632
466,284.65,197.55916,0.9595404
467,281.6,196.76456,-0.7310357
468,282.61,195.77536,0.67511487
469,281.23,192.72054,-0.7634188
470,285.22,194.51357,-0.5438752
471,281.88,194.33572,0.04399727
472,278.58,195.19272,0.8605523
473,279.58,180.84477,0.7718515
474,261.0,184.70021,0.94568205
475,265.08,184.13493,0.87235165
476,264.47,184.36578,0.043444064
477,270.39,186.81784,-0.6147988
478,266.38,188.96898,-0.94711584
479,264.08,188.52977,-0.26671878
480,265.68,190.85597,-0.5783632
481,261.55,187.86774,0.9827468
482,258.51,187.27979,0.99971277
483,257.98,208.52512,-0.4530255
484,211.08,202.04909,-0.41408587
485,226.68,194.89536,-0.8212707
486,235.35,194.82388,0.011633556
487,232.57,196.92978,-0.966588
488,230.39,199.14624,-0.9984537
489,228.17,216.75064,-0.99574006
490,210.49,205.67654,-0.98871857
491,221.61,209.89642,0.9999726
492,225.83,208.76201,0.9999929
493,224.77,203.05081,-0.8605776
494,231.4,204.62755,-0.9997952
495,229.78,204.52457,0.073287256
496,228.76,205.52878,0.7792606
497,230.06,203.58916,0.99980307
498,228.12,204.67848,0.9998442
499,229.28,206.21664,-0.7627273
500,227.18,208.78726,0.82608426
501,230.3,211.84589,0.6566689
502,235.02,210.03699,-0.36440787
503,239.84,210.04297,0.94721997
504,239.85,213.27428,0.86002696
505,243.61,208.26706,0.9199328
506,238.17,208.57358,0.98939776
507,238.48,210.19382,0.9940696
508,240.11,205.3251,0.9966067
509,235.23,201.21733,0.86491823
510,230.51,201.23634,0.23092137
511,230.64,201.24971,-0.04440131
512,230.3,201.25014,-0.001430898
513,229.09,201.23961,0.031260643
514,229.81,203.89452,0.8571694
515,232.98,204.90868,-0.70075786
516,231.49,204.85785,0.048465665
517,231.21,200.8191,0.9799874
518,227.09,204.16632,0.9501515
519,230.62,203.89552,0.7795003
520,230.28,207.81976,0.92351556
521,234.53,208.34961,0.9057518
522,235.14,208.07744,0.33927625
523,234.34,207.5462,0.32054436
524,232.76,213.54068,0.93982977
525,239.14,211.13757,0.98074204
526,236.69,210.5088,0.9879332
527,236.06,211.74144,0.8284776
528,237.55,211.49432,0.8732044
529,237.29,212.00569,0.3710495
530,238.73,211.56064,0.9446874
531,238.26,213.61029,0.97109056
532,240.38,217.81253,0.74475026
533,246.06,217.63272,0.046061534
534,242.97,216.97191,0.98276
535,242.3,218.47678,0.92366445
536,243.93,219.38934,0.90574497
537,244.94,221.4175,0.961256
538,247.05,219.74908,0.9586142
539,245.31,223.7016,0.94813687
540,249.51,224.20325,0.20671462
541,251.99,225.3055,0.4818184
542,254.32,233.78275,0.99167275
543,262.87,241.18437,0.95272034
544,270.64,232.83273,0.92774206
545,261.64,234.59041,0.97689235
546,263.44,240.58142,0.9952011
547,269.46,237.39807,0.99778694
548,266.27,245.05283,0.9877425
549,274.02,247.50653,0.9938962
550,276.5,251.12424,0.71480775
551,281.65,249.27759,-0.87405777
552,283.68,250.78745,0.9336448
553,285.3,259.27344,0.9997618
554,293.79,269.56458,0.95039076
555,304.62,278.7151,0.99035114
556,313.86,292.8595,0.99902636
557,328.02,279.6412,0.9542632
558,314.17,290.88214,0.9983113
559,325.43,326.61746,0.99931073
560,361.19,368.84518,0.9999457
561,403.42,376.9847,0.99994624
562,411.56,351.78458,0.9996091
563,386.35,339.90918,0.999611
564,374.47,351.9181,0.9999084
565,386.48,338.80807,0.99999946
566,373.37,345.69788,0.99999994
567,380.26,302.42496,0.9943172
568,336.82,328.16473,-0.99999195
569,311.08,301.09476,-0.999999
570,338.15,302.41663,-0.999951
571,336.75,298.68408,0.9517042
572,332.91,311.4052,-0.99852455
573,320.17,300.82523,-0.99999845
574,330.75,296.41888,-0.9995774
575,335.09,296.0547,0.70476687
576,334.59,287.6082,0.99999976
577,326.15,284.0767,0.83742666
578,322.02,279.16446,-0.9859045
579,326.93,277.24408,0.80020183
580,324.54,275.7574,0.9975703
581,323.05,272.70743,0.99015456
582,320.05,264.56473,-0.99745953
583,328.21,242.17467,-0.9120942
584,352.68,246.81203,0.8661593
585,358.04,246.1519,0.9977293
586,357.38,259.4688,0.9573856
587,371.29,265.18927,0.9490036
588,377.32,250.35986,0.9999589
589,362.49,247.05988,0.9999972
590,359.19,248.91447,0.9999937
591,361.05,250.68399,0.86542314
592,363.18,225.34044,-0.9804594
593,388.95,225.10927,0.9473387
594,388.78,219.65463,-0.8057539
595,395.54,199.56984,-0.99926996
596,415.56,201.54132,0.98601735
597,417.56,199.46132,0.9999968
598,415.48,235.92105,0.99999255
599,451.94,218.98123,0.9999884
600,435.0,217.73907,0.99955857
601,433.76,227.44984,0.9321945
602,444.18,248.5863,0.9999872
603,465.32,239.04355,0.9184288
604,454.93,240.08807,0.9113684
605,456.08,247.57356,0.99997205
606,463.62,248.01303,-0.35776278
607,462.32,267.53378,-0.9979965
608,442.68,263.4896,0.9999989
609,438.64,261.55978,0.89572865
610,436.57,255.7562,-0.9954715
611,442.4,243.15495,-0.99545115
612,454.98,243.72366,0.9661018
613,455.65,282.04465,-0.998463
614,417.27,276.41895,-0.9993207
615,422.82,275.88538,0.9871555
616,422.28,286.58258,0.9998403
617,432.98,280.33124,0.9723507
618,426.62,277.52484,-0.7075128
619,430.57,273.76508,-0.9999424
620,434.33,274.57507,-0.99997866
621,433.44,271.14578,0.99978703
622,430.01,274.17526,0.99999714
623,433.09,274.46106,-0.26264265
624,431.96,275.96362,-0.53730524
625,429.11,281.18726,0.1816213
626,458.05,276.34152,0.99383885
627,453.23,278.49524,-0.39170435
628,447.61,278.79147,0.8003093
629,447.99,279.23007,0.9969516
630,448.43,266.50705,0.99866515
631,435.69,263.1893,0.9993168
632,432.37,261.0599,0.9998316
633,430.31,310.12256,-0.74375415
634,364.33,286.85028,-0.99997634
635,387.54,283.79886,0.5704358
636,382.3,278.98633,-0.9881108
637,387.17,286.0027,-0.9994865
638,380.15,245.92932,-0.99983394
639,420.23,255.88991,-0.9990592
640,410.26,283.52823,-0.99813634
641,382.49,288.52823,0.9999987
642,387.49,303.9755,0.9999996
643,402.97,301.8996,0.18209064
644,391.73,302.27963,0.9122449
645,392.15,304.99033,0.9893826
646,394.97,319.60062,-0.9952653
647,380.29,320.3406,-0.9999847
648,379.47,319.1306,0.99997777
649,378.26,309.56583,0.99953
650,368.77,305.3525,-0.9819627
651,373.06,303.88828,-0.99902564
652,374.45,299.80365,0.89098096
653,369.95,280.34277,-0.9893596
654,389.59,281.03204,-0.24298981
655,386.55,271.05386,0.9924465
656,376.52,271.0692,0.39372742
657,376.62,267.919,0.9936958
658,373.45,270.49335,0.99884486
659,376.03,275.7266,0.9316133
660,381.65,273.6795,0.9922048
661,379.65,271.01352,-0.5746124
662,384.26,263.33542,-0.9997965
663,391.86,278.5761,0.9916002
664,407.23,271.54782,0.9968841
665,400.18,278.79056,0.9908399
666,407.49,287.609,0.99874485
667,416.32,293.58252,0.98743165
668,422.37,292.0039,0.9991035
669,420.79,308.37277,0.99994314
670,437.16,309.99478,0.99552715
671,438.8,309.2195,0.7287879
672,437.75,292.55817,0.9794561
673,420.74,296.76474,0.99997133
674,424.95,296.3877,0.91767836
675,424.54,303.21368,0.8973965
676,432.15,303.52356,0.9771664
677,432.52,303.18787,-0.31459123
678,433.5,298.97202,-0.9997821
679,437.7,300.4072,-0.58074117
680,435.12,289.3028,0.9976919
681,423.99,286.95593,0.99991953
682,421.65,278.12625,0.8242515
683,410.94,270.03116,0.7752353
684,400.57,265.57413,-0.6221324
685,407.71,263.9144,-0.24660106
686,414.32,264.26007,-0.9885624
687,413.97,263.34705,-0.9972402
688,414.86,262.48587,-0.36017832
689,417.13,265.80124,0.7288264
690,421.69,256.4248,0.9308513
691,411.62,258.87457,0.99992687
692,414.07,261.17728,0.9986199
693,416.44,260.90268,-0.6017647
694,416.83,260.9526,0.39590922
695,417.01,264.2864,0.9297744
696,420.62,260.23938,0.36281025
697,409.55,259.82617,-0.404835
698,410.44,262.8703,0.9178699
699,413.76,262.3849,0.9977904
700,413.31,262.79996,0.08767575
701,418.09,262.78864,0.18863095
702,418.04,262.38095,0.2355894
703,416.39,262.1451,-0.23860951
704,417.18,262.8702,0.9445131
705,417.95,271.67853,0.9994747
706,426.77,269.58652,0.8235075
707,424.23,263.17816,0.83089477
708,416.52,261.65643,0.88509035
709,414.82,262.51074,0.45811698
710,416.73,263.71008,0.9752125
711,417.96,266.55252,0.9791216
712,420.87,266.51385,0.808233
713,420.9,266.0935,-0.76412326
714,421.44,263.53632,-0.9572841
715,424.03,262.92325,0.98823386
716,423.41,262.25342,0.9975922
717,422.74,259.9519,0.96138626
718,420.35,259.13583,0.8670269
719,419.41,260.93732,0.8397178
720,421.56,261.6152,0.742638
721,422.48,263.9739,0.8763704
722,425.19,263.2774,0.46996954
723,423.73,263.36826,0.21081905
724,424.28,267.9159,0.8382962
725,429.71,268.728,0.94611114
726,430.57,265.60458,0.9849637
727,427.4,266.74097,0.9581585
728,428.59,272.70886,0.8625405
729,435.51,277.9087,0.8847027
730,441.39,285.4564,0.9401898
731,449.42,281.80698,0.9903662
732,445.74,285.74695,0.86845374
733,450.28,292.3417,0.79839885
734,458.55,295.21793,0.99870384
735,461.43,299.8769,0.99980205
736,466.09,278.53296,0.99724805
737,444.69,282.53223,0.9266534
738,449.01,287.57812,0.82932776
739,455.1,281.15677,0.9468107
740,448.32,284.63715,0.99658185
741,451.88,289.59497,-0.6892997
742,444.67,284.01978,-0.9901134
743,450.3,287.4105,-0.9688071
744,446.72,288.6339,0.97186977
745,447.98,300.1742,0.9998138
746,459.6,301.14856,-0.9390675
747,458.54,301.08856,-0.41299576
748,458.55,302.9851,0.9838974
749,460.48,294.11484,0.9246477
750,450.89,295.94858,0.99730325
751,452.73,297.91486,0.964526
752,454.77,298.77386,0.9982172
753,455.67,298.73523,0.013263729
754,455.67,296.8611,-0.95202196
755,457.57,294.51077,0.6802769
756,454.16,294.50122,-0.08439963
757,453.78,295.30252,0.95591307
758,454.62,279.40604,0.997823
759,438.71,281.27026,0.4698045
760,442.68,281.49213,0.44760543
761,443.19,280.35968,0.2867439
762,439.32,278.9883,-0.28177541
763,444.15,277.98502,-0.54123974
764,445.98,277.16754,-0.21993527
765,449.6,274.255,-0.7522025
766,453.38,293.89978,0.9783682
767,473.46,350.42944,0.99941456
768,530.04,348.24506,0.5688082
769,526.23,355.8705,0.99940574
770,533.86,353.40054,0.9999886
771,531.39,358.9305,0.9999932
772,536.92,359.9805,0.99999976
773,537.97,391.2005,0.9999999
774,569.19,394.66373,0.9999992
775,572.73,392.59302,-0.9188834
776,574.98,381.96893,-0.99999505
777,585.54,376.57706,0.6028203
778,576.6,379.94543,0.66962266
779,581.65,372.92545,0.999997
780,574.63,375.76492,0.9999799
781,577.47,404.60666,0.98842293
782,606.73,338.50516,-0.9996379
783,672.78,366.45987,0.8864243
784,704.38,376.20502,-0.5210397
785,685.56,385.10696,0.9990993
786,694.47,456.94693,0.9999998
787,766.31,439.54694,0.99999994
788,748.91,446.86694,1.0
789,756.23,454.41653,1.0
790,763.78,428.06268,0.9896139
791,737.23,498.64172,-0.99998665
792,666.65,569.0414,-0.9992856
793,596.12,596.8201,0.99995625
794,623.98,555.4938,-0.99975926
795,665.3,555.58386,-0.5912968
796,665.12,591.3338,-0.99999833
797,629.37,565.4238,-0.99999964
798,655.28,573.6238,-0.99999946
799,647.0,566.5139,0.9999855
800,639.89,599.96387,0.99999994
801,673.34,602.9234,0.9999064
802,676.3,630.10925,0.9950616
803,703.7,674.03094,-0.97692764
804,658.66,699.0286,0.99990666
805,683.66,685.9761,0.9999911
806,670.63,688.85626,0.43326434
807,677.33,652.08575,0.9999993
808,640.56,677.5978,0.98580414
809,666.52,693.1576,-0.9999893
810,650.96,694.757,-0.9999151
811,649.36,696.3578,-0.9884097
812,647.66,713.1646,0.9998105
813,664.55,723.24097,-0.99993086
814,654.47,719.81683,-0.92725724
815,658.08,724.95404,0.9918012
816,663.26,722.3848,0.9997624
817,660.77,703.7047,-0.99520224
818,679.46,697.3544,0.99993426
819,673.11,697.09766,0.98078394
820,672.86,692.0933,0.6928785
821,665.68,692.08026,-0.042683907
822,665.01,677.6881,0.99992585
823,650.62,682.2318,0.91999555
824,655.56,687.5754,0.94619375
825,661.28,693.09717,-0.7703223
826,654.1,695.3594,-0.9997176
827,651.78,696.41595,0.4281792
828,654.35,695.9044,-0.6678741
829,655.03,697.3993,0.767119
830,656.99,695.4905,0.98366827
831,655.05,665.14734,0.99655724
832,624.68,682.5138,-0.94530135
833,606.27,684.32654,-0.03151151
834,547.47,702.60706,0.9722041
835,566.35,691.92554,-0.8942493
836,578.29,695.175,-0.9998421
837,575.04,682.4351,-0.99999124
838,587.78,677.5251,-0.99999934
839,592.69,679.0852,-0.999803
840,591.05,675.8708,0.9889154
841,587.8,680.1708,0.9999991
842,592.1,677.18054,0.999999
843,589.12,675.9521,0.7436912
844,587.56,677.7753,-0.96388453
845,585.59,663.6866,0.9267304
846,570.47,666.83673,-0.9875072
847,567.24,666.81274,0.00061115617
848,577.44,663.5789,0.75588655
849,573.22,663.1766,-0.34327742
850,574.32,661.9035,-0.96195525
851,575.63,658.0249,-0.63881385
852,581.7,658.2173,-0.66302466
853,581.31,663.6181,0.99285513
854,586.75,660.26825,0.9998841
855,583.41,657.83484,0.7433574
856,580.18,657.9496,-0.064976245
857,577.76,659.83527,0.99858177
858,579.65,650.5291,0.9586076
859,569.95,653.5267,0.7667349
860,573.91,653.4829,-0.2006968
861,574.11,652.4729,-0.29171598
862,577.5,654.0689,-0.8190018
863,575.47,651.3862,0.8450049
864,572.3,653.789,0.7443018
865,575.54,665.6738,0.5250091
866,598.21,675.6013,0.95290655
867,608.63,673.55524,0.9978251
868,606.59,676.37555,0.73510766
869,610.44,680.4015,0.9821064
870,614.54,692.1659,0.99868155
871,626.32,688.70593,0.9999932
872,622.86,689.3556,0.9999941
873,623.51,672.64185,0.9907354
874,606.72,671.0605,-0.99050653
875,608.24,671.9616,0.9045457
876,609.24,673.3707,0.99081403
877,610.68,671.37274,0.5503543
878,607.16,671.55566,-0.9689081
879,606.97,672.51917,-0.99804443
880,605.98,670.9699,-0.38457665
881,609.87,670.3615,0.9473939
882,609.23,669.39246,0.9992834
883,608.31,672.08887,-0.24262662
884,597.15,672.02466,0.040005155
885,596.3,677.22003,0.7953635
886,602.84,677.0001,0.95350623
887,602.62,675.7114,0.7009368
888,600.83,674.6052,-0.14927797
889,608.04,676.2458,-0.89787084
890,606.17,676.1167,0.06384822
891,604.73,677.0685,0.9917688
892,605.69,681.0976,0.99957985
893,609.73,684.3475,0.76888597
894,613.98,683.3265,0.32180482
895,610.89,684.5449,0.9873202
896,612.13,682.894,0.84157985
897,610.2,683.26483,0.17474882
898,612.51,683.7717,0.9946215
899,613.02,687.8014,0.98456407
900,617.12,689.374,0.8089235
901,619.11,689.62463,-0.12001337
902,616.75,691.16907,0.69458723
903,618.99,712.82733,0.98094666
904,641.07,708.1685,0.9543736
905,636.19,708.7625,0.9905957
906,636.79,712.2884,0.98218906
907,640.38,710.5814,0.9866814
908,638.65,713.52264,0.9871443
909,641.63,711.0832,0.9997618
910,639.19,709.8103,0.99979156
911,637.96,710.3636,-0.07929182
912,630.52,709.9459,-0.99450237
913,630.86,711.8623,0.9944028
914,632.83,710.134,-0.070596576
915,657.29,710.1253,-0.031668648
916,657.07,708.9223,0.3593279
917,653.76,708.96045,0.019992698
918,657.59,729.27423,0.9809046
919,678.3,739.2809,0.99966335
920,688.31,740.62085,0.9999908
921,689.65,765.4479,0.9999452
922,714.48,753.27124,0.9592049
923,701.86,753.93463,-0.82751876
924,700.97,782.7545,0.99999636
925,729.79,793.79443,0.99999404
926,740.83,741.6838,0.99944335
927,688.7,752.6888,0.75805867
928,703.23,752.82916,0.99780357
929,703.42,750.9304,-0.23267289
930,711.52,755.7772,-0.58524776
931,703.13,762.417,0.99996233
932,709.85,748.99866,-0.9998748
933,723.27,756.6571,-0.99979967
934,715.53,757.5369,0.99977523
935,716.41,746.0987,0.99999917
936,705.05,748.9782,-0.95550054
937,702.03,746.5091,-0.80243486
938,705.02,752.7263,0.94232315
939,711.62,785.09247,0.99588215
940,744.2,788.3006,-0.9963395
941,740.98,777.6765,-0.9938696
942,751.59,777.70544,0.98436534
943,751.62,757.13916,0.9988471
944,731.03,765.35913,0.99999833
945,739.25,777.45905,0.9999959
946,751.35,770.66565,0.99992573
947,744.59,769.96515,0.1521969
948,740.29,768.5789,-0.9999187
949,741.65,770.6938,-0.34148908
950,735.38,773.95807,-0.99827206
951,732.03,777.7368,0.9996692
952,735.81,777.447,0.9996898
953,735.6,767.38824,-0.996895
954,745.69,756.2969,-0.99393225
955,756.77,776.8344,0.9706781
956,777.94,772.2267,0.6778753
957,771.16,774.8556,0.9705009
958,773.87,759.6864,0.9999471
959,758.7,765.206,0.99993193
960,764.22,769.11584,0.99994856
961,768.13,771.7857,0.99991524
962,770.81,773.20703,0.75318235
963,772.79,771.3528,-0.9968478
964,774.65,776.19403,-0.99959636
965,769.73,785.71936,0.91970617
966,780.09,786.1842,0.9899398
967,780.56,787.0822,0.9998721
968,781.48,785.53613,0.45227897
969,778.09,790.81305,0.77433383
970,784.91,795.9849,0.8741072
971,790.83,795.6993,0.94542027
972,790.53,797.8696,0.9957518
973,792.71,805.8682,0.98617053
974,800.88,789.9377,-0.47520614
975,834.28,819.9343,0.9913071
976,864.54,877.3229,0.99910516
977,921.98,854.16583,0.99987143
978,898.82,851.5264,0.9997655
979,896.18,862.9564,0.9999996
980,907.61,888.54645,0.99999994
981,933.2,931.2664,0.99999994
982,975.92,928.8453,0.9999998
983,973.5,916.86957,0.9703826
984,961.24,914.3698,-0.99990374
985,963.74,879.6998,-0.99999934
986,998.33,903.1198,0.99999976
987,1021.75,925.2097,0.9999972
988,1043.84,1036.0089,0.99990124
989,1154.73,1177.1459,-0.9984935
990,1013.38,1288.2416,-0.9999611
991,902.2,1294.6315,0.9999999
992,908.59,1297.2415,0.9999994
993,911.2,1288.8698,0.99930096
994,902.83,1292.7284,0.81049097
995,907.68,1422.0988,-0.9963562
996,777.76,1446.7217,0.9096714
997,804.83,1463.218,0.86171496
998,823.98,1457.5798,0.9979095
999,818.41,1454.1199,-0.99709284
1000,821.8,1463.7695,0.99997044
1001,831.53,1387.3503,-1.0
1002,907.94,1403.724,-0.77131516
1003,886.62,1416.174,1.0
1004,899.07,1412.1293,1.0
1005,895.03,1435.699,0.88358843
1006,921.79,1432.7488,-0.9966476
1007,924.67,1429.0887,0.99999994
1008,921.01,1400.7451,0.99999976
1009,892.69,1404.3087,0.40903652
1010,901.54,1388.1792,-0.9999976
1011,917.59,1390.2375,0.98977834
1012,919.75,1388.3821,-0.9995438
1013,921.59,1389.6039,-0.59240365
1014,919.5,1388.7109,-0.99999666
1015,920.38,1354.8589,-0.6754304
1016,970.4,1373.4786,0.9999849
1017,989.02,1396.2472,0.9999987
1018,1011.8,1409.2347,0.7172173
1019,1029.91,1418.1167,0.6847206
1020,1042.9,1402.5566,0.99999857
1021,1027.34,1413.3667,0.99999994
1022,1038.15,1436.5667,1.0
1023,1061.35,1438.2113,0.9999993
1024,1063.07,1498.9131,-0.88449645
1025,994.38,1496.1609,0.47168863
1026,988.67,1480.3811,-0.99998933
1027,1004.45,1485.6305,-0.99971664
1028,999.18,1490.0638,-0.5227811
1029,990.64,1493.5779,0.25623623
1030,1004.55,1490.6478,-0.9999993
1031,1007.48,1470.6085,-0.99997073
1032,1027.44,1489.377,0.9999184
1033,1046.21,1497.581,0.9999998
1034,1054.42,1491.9141,0.8538897
1035,1047.87,1459.7751,-0.99840856
1036,1079.98,1495.0951,0.9999993
1037,1115.3,1497.2351,0.99999833
1038,1117.44,1546.5146,0.99999094
1039,1166.72,1553.4745,0.99999785
1040,1173.68,1523.7747,0.9952966
1041,1143.84,1545.1345,0.99999523
1042,1165.2,1559.9045,0.99999994
1043,1179.97,1559.9044,0.9999999
1044,1179.97,1602.2609,0.99593407
1045,1222.5,1630.1147,0.97975886
1046,1251.01,1606.2584,-0.99483645
1047,1274.99,1626.0181,-0.99998283
1048,1255.15,1637.988,0.99999964
1049,1267.12,1643.698,0.99999994
1050,1272.83,1594.4084,0.9999922
1051,1223.54,1520.8684,0.9999998
1052,1150.0,1559.278,0.9999879
1053,1188.49,1631.0474,-0.99999225
1054,1116.72,1571.9384,-0.999985
1055,1175.83,1526.3884,-0.9999976
1056,1221.38,1515.8486,-0.99997324
1057,1231.92,1507.7742,-0.99931407
1058,1240.0,1498.0844,-0.9999851
1059,1249.61,1436.2843,1.0
1060,1187.81,1348.7043,0.99999994
1061,1100.23,1222.2948,0.9999964
1062,973.82,1285.1443,0.99999976
1063,1036.74,1271.7694,-0.760746
1064,1054.23,1336.3969,0.9758171
1065,1120.54,1407.7928,-0.9999448
1066,1049.14,1418.3423,-0.9999492
1067,1038.59,1519.3318,-0.9999951
1068,937.52,1554.5918,0.9999997
1069,972.78,1548.5314,0.9999994
1070,966.72,1626.6089,0.98770434
1071,1045.77,1627.9756,0.99951285
1072,1047.15,1622.9995,0.68367195
1073,1039.97,1636.4458,-0.9989804
1074,1026.43,1681.8052,0.99998623
1075,1071.79,1690.5151,0.99999994
1076,1080.5,1712.185,1.0
1077,1102.17,1753.6881,0.9986311
1078,1143.81,1764.2477,-0.9999587
1079,1133.25,1772.6371,-0.9999238
1080,1124.78,1830.4435,0.9983849
1081,1182.68,1824.6636,0.9999992
1082,1176.9,1823.7133,0.9999999
1083,1175.95,1835.5662,0.9943827
1084,1187.87,1834.7461,0.99999416
1085,1187.13,1816.8652,-0.9998111
1086,1205.01,1820.9313,-0.8926076
1087,1200.37,1789.8317,0.9999999
1088,1169.28,1788.437,0.76104444
1089,1167.54,1783.3771,-0.99998885
1090,1172.52,1793.7024,0.9985168
1091,1182.94,1782.908,-0.98398805
1092,1193.91,1765.4604,-0.9823641
1093,1211.67,1766.8394,-0.9992155
1094,1210.29,1747.9697,-0.9999823
1095,1229.08,1740.9398,0.99998903
1096,1222.05,1750.5999,0.9999997
1097,1231.71,1726.1005,0.9999715
1098,1207.21,1769.0306,0.99977183
1099,1250.15,1784.3395,0.99862385
1100,1265.49,1796.0062,0.7486595
1101,1281.08,1818.9164,0.6254941
1102,1317.73,1817.6816,0.9810014
1103,1316.48,1821.7583,0.7694714
1104,1321.79,1847.8583,0.99999964
1105,1347.89,1921.5682,0.99999994
1106,1421.6,1952.7878,0.99999994
1107,1452.82,1989.6703,0.9896105
1108,1490.09,2037.2501,0.9999995
1109,1537.67,2055.0032,0.9984894
1110,1555.45,2078.3533,0.9999996
1111,1578.8,2096.2632,1.0
1112,1596.71,2222.9033,1.0
1113,1723.35,2254.9133,1.0
1114,1755.36,2286.6826,0.99997854
1115,1787.13,2348.0437,0.9999929
1116,1848.57,2467.27,-0.95958066
1117,1724.24,2547.94,0.9999999
1118,1804.91,2551.94,1.0
1119,1808.91,2481.46,1.0
1120,1738.43,2477.4,0.9999997
1121,1734.45,2372.7932,-0.99968237
1122,1839.09,2323.282,-0.9974009
1123,1888.65,2422.3416,0.99999875
1124,1987.71,2518.3853,0.98994076
1125,2084.73,2474.8552,1.0
1126,2041.2,2607.0535,0.9999878
1127,2173.4,2754.0735,1.0
1128,2320.42,2877.2935,1.0
1129,2443.64,2738.6335,1.0
1130,2304.98,2636.0735,1.0
1131,2202.42,2472.5234,1.0
1132,2038.87,2588.9128,0.9953796
1133,2155.8,2688.6345,0.9999068
1134,2255.61,2766.8894,-0.97746426
1135,2175.47,2877.8289,0.99999577
1136,2286.41,2999.2988,1.0
1137,2407.88,3079.969,1.0
1138,2488.55,3106.769,1.0
1139,2515.35,3103.229,1.0
1140,2511.81,3278.229,1.0
1141,2686.81,3454.539,0.9999996
1142,2863.2,3585.2046,-0.99775374
1143,2732.16,3658.6648,1.0
1144,2805.62,3676.8542,1.0
1145,2823.81,3799.3987,0.98970217
1146,2947.71,3788.919,-0.99999416
1147,2958.11,3490.4658,0.9999096
1148,2659.63,3547.776,0.99999917
1149,2717.02,3758.4253,-0.9999978
1150,2506.37,3800.1108,-0.99941206
1151,2464.58,3854.0903,0.99999297
1152,2518.56,3991.3289,0.9999884
1153,2655.88,4098.8384,-0.9999972
1154,2548.29,4140.1484,1.0
1155,2589.6,4272.3384,1.0
1156,2721.79,4239.6484,1.0
1157,2689.1,4255.9585,1.0
1158,2705.41,4295.3784,1.0
1159,2744.91,4431.495,-0.99999326
1160,2608.72,4415.7285,0.8127364
1161,2589.41,4526.417,-0.9982711
1162,2478.45,4600.4165,0.9999983
1163,2552.45,4622.7544,0.9998873
1164,2574.79,4587.2095,0.99989974
1165,2539.32,4643.044,-0.95478
1166,2480.84,4688.3315,-0.9783579
1167,2434.55,4616.3745,-0.9993996
1168,2506.47,4673.9614,0.9999918
1169,2564.06,4708.7705,0.9283187
1170,2601.64,4708.3433,-0.9940845
1171,2601.99,4714.8223,0.99823487
1172,2608.56,4803.551,-0.9878581
1173,2518.66,4856.231,1.0
1174,2571.34,4803.331,1.0
1175,2518.44,4657.3774,0.99999946
1176,2372.56,4686.557,-0.84129184
1177,2337.79,4745.243,0.96256745
1178,2398.84,4786.1807,-0.9999441
1179,2357.9,4910.3433,-0.99681014
1180,2233.34,5144.8213,-0.9999925
1181,1998.86,5213.732,-0.99927855
1182,1929.82,5511.9707,0.99909097
1183,2228.41,5421.895,-0.9956394
1184,2318.88,5467.2456,-0.99957895
1185,2273.43,6011.088,0.9995446
1186,2817.6,6160.8477,-0.99999714
1187,2667.76,6303.2075,1.0
1188,2810.12,6223.488,1.0
1189,2730.4,6247.9478,1.0
1190,2754.86,6069.5674,1.0
1191,2576.48,6022.5376,0.99999976
1192,2529.45,6164.8677,0.9999994
1193,2671.78,6301.9756,0.99969274
1194,2809.01,6384.437,-0.9997801
1195,2726.45,6415.167,1.0
1196,2757.18,6533.247,1.0
1197,2875.34,6690.2305,-0.9998926
1198,2718.26,6682.64,1.0
1199,2710.67,6776.699,1.0
1200,2804.73,6865.8335,0.9777829
1201,2895.89,7219.5034,0.99061656
1202,3252.91,7180.533,1.0
1203,3213.94,7345.5327,0.9999977
1204,3378.94,7386.5327,0.9999998
1205,3419.94,7309.063,1.0
1206,3342.47,7347.873,1.0
1207,3381.28,7617.213,1.0
1208,3650.62,7851.3027,1.0
1209,3884.71,8039.853,1.0
1210,4073.26,8291.643,0.9999987
1211,4325.13,8434.34,-0.997044
1212,4181.93,8628.989,0.9997402
1213,4376.63,8584.049,1.0
1214,4331.69,8412.979,1.0
1215,4160.62,8446.059,1.0
1216,4193.7,8339.938,0.99999976
1217,4087.66,8425.857,-0.99998325
1218,4001.74,8327.025,-0.9999996
1219,4100.52,8342.813,0.31011838
1220,4151.52,8525.974,0.99999994
1221,4334.68,8562.894,1.0
1222,4371.6,8543.693,0.99999994
1223,4352.4,8574.174,1.0
1224,4382.88,8573.953,1.0
1225,4382.66,8770.313,1.0
1226,4579.02,8756.594,1.0
1227,4565.3,8894.684,1.0
1228,4703.39,9083.222,0.99999267
1229,4892.01,9396.398,-0.999811
1230,4578.77,9392.655,-0.8923762
1231,4582.96,9738.746,-0.99861723
1232,4236.31,9878.966,0.99999994
1233,4376.53,10099.475,0.9999953
1234,4597.12,10096.635,-0.9999973
1235,4599.88,9725.505,1.0
1236,4228.75,9722.814,1.0
1237,4226.06,9619.695,1.0
1238,4122.94,9658.024,0.99999917
1239,4161.27,9627.485,1.0
1240,4130.81,9875.584,-0.99951255
1241,3882.59,10602.039,-0.9984818
1242,3154.95,11084.531,1.0
1243,3637.52,11096.363,-0.9481155
1244,3625.04,11136.43,-0.95218027
1245,3582.88,11618.549,0.99975044
1246,4065.2,11758.778,-0.999995
1247,3924.97,11777.719,-0.9999997
1248,3905.95,11502.809,1.0
1249,3631.04,11502.469,1.0
1250,3630.7,11664.088,0.9999989
1251,3792.4,11773.511,-0.9994731
1252,3682.84,12016.66,1.0
1253,3926.07,12050.3,-0.9999699
1254,3892.35,12358.619,0.9999991
1255,4200.67,12332.68,1.0
1256,4174.73,12321.02,1.0
1257,4163.07,12496.659,1.0
1258,4338.71,12561.689,1.0
1259,4403.74,12567.27,1.0
1260,4409.32,12475.43,1.0
1261,4317.48,12387.31,1.0
1262,4229.36,12486.279,0.99999994
1263,4328.41,12443.879,-0.99999964
1264,4370.81,12387.8125,-0.9983379
1265,4426.89,12570.979,0.9976887
1266,4610.48,12732.519,0.99999994
1267,4772.02,12742.488,0.99999994
1268,4781.99,12786.979,1.0
1269,4826.48,13407.408,1.0
1270,5446.91,13607.708,1.0
1271,5647.21,13792.288,1.0
1272,5831.79,13638.688,1.0
1273,5678.19,13686.088,1.0
1274,5725.59,13566.008,1.0
1275,5605.51,13551.188,1.0
1276,5590.69,13669.019,0.99999994
1277,5708.52,13971.859,0.9999708
1278,6011.45,13951.709,-1.0
1279,6031.6,13974.754,-0.9976269
1280,6008.42,13896.654,0.99999994
1281,5930.32,13492.975,1.0
1282,5526.64,13717.135,1.0
1283,5750.8,13871.084,0.99999833
1284,5904.83,13994.921,-0.99989283
1285,5780.9,13967.111,0.99999136
1286,5753.09,14367.871,1.0
1287,6153.85,14344.551,0.99999934
1288,6130.53,14682.421,1.0
1289,6468.4,14981.331,1.0
1290,6767.31,15292.521,1.0
1291,7078.5,15421.781,1.0
1292,7207.76,15593.971,1.0
1293,7379.95,15621.431,1.0
1294,7407.41,15236.781,1.0
1295,7022.76,15358.401,1.0
1296,7144.38,15673.631,0.99999917
1297,7459.69,15989.624,-0.9996312
1298,7143.58,16515.064,-0.99999994
1299,6618.14,16775.604,-0.9999972
1300,6357.6,17183.053,-0.9999965
1301,5950.07,17791.582,0.99853927
1302,6559.49,17867.697,0.99810666
1303,6635.75,18547.486,0.99999726
1304,7315.54,19103.16,0.9992882
1305,7871.69,19265.78,-0.9999992
1306,7708.99,19346.94,1.0
1307,7790.15,19593.178,0.999913
1308,8036.49,19429.027,-0.9999998
1309,8200.64,19558.328,-0.9999998
1310,8071.26,19739.912,0.9965639
1311,8253.55,19954.57,-0.99980825
1312,8038.77,20169.365,0.99941826
1313,8253.69,20706.338,0.9995203
1314,8790.92,21245.852,0.99978393
1315,9330.55,21733.65,0.9999997
1316,9818.35,21973.451,0.9972998
1317,10058.8,21803.262,0.99999946
1318,9888.61,22148.252,1.0
1319,10233.6,22890.252,1.0
1320,10975.6,22989.252,1.0
1321,11074.6,23237.826,0.9998955
1322,11323.2,23569.637,0.9934494
1323,11657.2,23828.35,0.9970089
1324,11916.7,25512.33,0.7091079
1325,14291.5,27219.748,0.47322133
1326,17899.7,28537.96,-0.99091405
1327,16569.4,29927.025,-0.99852204
1328,15178.2,30203.414,0.9970712
1329,15455.4,31684.436,0.9997453
1330,16936.8,32162.955,0.9999993
1331,17415.4,33170.074,-0.9999984
1332,16408.2,33325.777,0.99938536
1333,16564.0,34468.676,0.9999995
1334,17706.9,36181.27,0.95653236
1335,19497.4,36537.85,-0.9999546
1336,19140.8,36564.453,-0.9999871
1337,19114.2,37901.953,-1.0
1338,17776.7,39054.05,-1.0
1339,16624.6,39875.75,-0.99999475
1340,15802.9,41846.7,-0.9999651
1341,13831.8,42713.61,0.99952877
1342,14699.2,43481.07,-0.9924242
1343,13925.8,43581.87,0.9999992
1344,14026.6,45654.992,1.0
1345,16099.8,45915.95,-0.998691
1346,15838.5,47147.95,-0.9999999
1347,14606.5,47098.25,-0.99998647
1348,14656.2,48801.86,-0.99981666
1349,12952.2,50003.777,0.9981729
1350,14156.4,50501.01,-0.9962201
1351,13657.2,51825.906,0.999995
1352,14982.1,52044.805,1.0
1353,15201.0,52442.77,0.9994119
1354,15599.2,54272.695,0.9997954
1355,17429.5,54369.89,0.9976886
1356,17527.0,55419.29,-1.0
1357,16477.6,56726.79,-1.0
1358,15170.1,57301.45,-0.9999264
1359,14595.4,56923.547,-0.99999875
1360,14973.3,58482.914,-0.9948619
1361,13405.8,59057.71,0.99999255
1362,13980.6,59437.23,1.0
1363,14360.2,60024.758,-0.99885577
1364,13772.0,59976.957,-0.99999946
1365,13819.8,62306.258,-1.0
1366,11490.5,62608.156,-0.9999994
1367,11188.6,62323.04,-0.995591
1368,11474.9,62454.85,0.99479884
1369,11607.4,63746.562,0.9999951
1370,12899.2,65043.508,-0.9983389
1371,11600.1,65712.2,-1.0
1372,10931.4,65775.2,-0.9999999
1373,10868.4,65284.21,-0.9999928
1374,11359.4,65383.82,-0.996122
1375,11259.4,65471.82,-0.9999998
1376,11171.4,65202.44,-1.0
1377,11440.7,65547.96,0.99999994
1378,11786.3,66037.86,-0.9999968
1379,11296.4,67227.875,-0.999995
1380,10106.3,67342.59,0.9999998
1381,10221.1,68393.16,-1.0
1382,9170.54,68732.52,-0.9990028
1383,8830.75,69076.12,0.998571
1384,9174.91,69968.84,-0.9942398
1385,8277.01,71290.5,-0.99999624
1386,6955.27,72088.836,0.999607
1387,7754.0,72221.336,-0.9990947
1388,7621.3,72865.61,0.99997395
1389,8265.59,73336.914,0.99999446
1390,8736.98,73451.91,-0.99925894
1391,8621.9,73943.836,-0.9999941
1392,8129.97,73147.234,-0.9999996
1393,8926.57,73475.37,-0.9998547
1394,8598.31,74368.34,0.9962674
1395,9494.63,75040.11,1.0
1396,10166.4,75107.61,0.9999989
1397,10233.9,75985.87,0.99946886
1398,11112.7,76546.01,-0.99879515
1399,10551.8,77219.33,0.99973255
1400,11225.3,77397.65,0.99999213
1401,11403.7,78109.51,-0.99798447
1402,10690.4,78794.91,-0.9999992
1403,10005.0,78498.81,-0.9999994
1404,10301.1,78986.836,-0.99999994
1405,9813.07,79133.195,-0.98717976
1406,9664.73,79835.164,0.9999997
1407,10366.7,80190.125,0.9892435
1408,10725.6,80514.2,-0.98918486
1409,10397.9,81067.305,1.0
1410,10951.0,81202.7,0.99999183
1411,11086.4,81605.83,0.99976116
1412,11489.7,81582.84,-0.99999994
1413,11512.6,81643.47,1.0
1414,11573.3,82436.08,-0.99900633
1415,10779.9,83250.41,-0.9999991
1416,9965.57,83820.97,-0.9999995
1417,9395.01,83878.43,-1.0
1418,9337.55,84349.766,-0.9997218
1419,8866.0,85060.625,0.99762875
1420,9578.63,85433.46,-0.99819124
1421,9205.12,85442.95,-0.9245439
1422,9194.85,86367.89,-0.99998206
1423,8269.81,86398.62,0.99191886
1424,8300.86,86361.234,-0.9969758
1425,8338.35,86781.86,-0.99818003
1426,7916.88,87088.445,0.9992923
1427,8223.68,87495.41,0.99998635
1428,8630.65,87778.23,0.9999971
1429,8913.47,87793.95,1.0
1430,8929.28,87994.69,-0.9999885
1431,8728.47,88145.76,0.9999999
1432,8879.62,88357.26,-0.9999999
1433,8668.12,88529.516,-1.0
1434,8495.78,88243.055,1.0
1435,8209.4,88619.33,-0.9999769
1436,7833.04,88739.69,0.9917461
1437,7954.48,89508.84,-0.9752251
1438,7165.7,89233.664,0.99999994
1439,6890.52,89316.59,0.9999898
1440,6973.53,89441.75,-0.96856713
1441,6844.23,89680.93,0.9983683
1442,7083.8,90052.12,0.9971925
1443,7456.11,90654.38,-0.99999917
1444,6853.84,90696.195,-0.98688614
1445,6811.47,90871.266,-0.9999981
1446,6636.32,91146.04,0.99999994
1447,6911.09,91258.38,0.9999783
1448,7023.52,91511.09,-0.9999986
1449,6770.73,91575.12,0.999919
1450,6834.76,91708.68,0.99999994
1451,6968.32,92629.61,0.9999999
1452,7889.25,92636.32,0.99999565
1453,7895.96,92726.6,1.0
1454,7986.24,93069.47,1.0
1455,8329.11,92799.03,1.0
1456,8058.67,92642.45,0.99999994
1457,7902.09,92903.78,1.0
1458,8163.42,93034.67,0.99999976
1459,8294.31,93586.1,0.9999849
1460,8845.83,93536.27,-0.99999994
1461,8895.58,93443.15,0.9999999
1462,8802.46,93571.57,0.99999976
1463,8930.88,94337.55,0.9991621
1464,9697.5,93485.79,1.0
1465,8845.74,93921.56,1.0
1466,9281.51,93627.1,0.9999998
1467,8987.05,93988.39,0.99984664
1468,9348.48,93917.8,-0.9999989
1469,9419.08,94096.32,-1.0
1470,9240.55,94216.89,-0.9926243
1471,9119.01,94333.8,0.99999684
1472,9235.92,94841.53,0.999754
1473,9743.86,94884.555,-0.99999934
1474,9700.76,95041.945,0.99999994
1475,9858.15,94838.59,1.0
1476,9654.8,94556.805,1.0
1477,9373.01,94418.61,1.0
1478,9234.82,94508.89,0.9999686
1479,9325.18,94787.766,-0.9916
1480,9043.94,95390.125,-0.9999809
1481,8441.49,95453.516,0.9998471
1482,8504.89,95669.22,0.9847375
1483,8723.94,95662.016,0.99697566
1484,8716.79,95867.01,-0.9931292
1485,8510.38,96008.04,-0.9963518
1486,8368.83,96282.06,-0.99851596
1487,8094.32,96437.25,0.99101496
1488,8250.97,96438.86,-0.44186318
1489,8247.18,96704.93,0.9999887
1490,8513.25,96610.67,1.0
1491,8418.99,96233.46,1.0
1492,8041.78,95749.5,1.0
1493,7557.82,95778.94,0.9999998
1494,7587.34,95885.52,-0.99424595
1495,7480.14,96009.22,-0.9960662
1496,7355.88,96021.48,0.99983245
1497,7368.22,96253.625,-0.99999976
1498,7135.99,96590.055,0.9994894
1499,7472.59,96523.984,1.0
1500,7406.52,96611.63,0.99999994
1501,7494.17,96658.914,1.0
1502,7541.45,96760.914,1.0
1503,7643.45,96837.71,1.0
1504,7720.25,96631.93,1.0
1505,7514.47,96751.22,1.0
1506,7633.76,96771.44,1.0
1507,7653.98,96795.62,0.99999905
1508,7678.24,96848.914,-0.9995359
1509,7624.92,96934.164,-0.91731554
1510,7531.98,97680.02,-0.9999676
1511,6786.02,97800.83,0.99987704
1512,6906.92,98125.1,-0.999121
1513,6582.36,98357.305,-0.999228
1514,6349.9,98682.04,0.99805033
1515,6675.35,98900.73,-1.0
1516,6456.58,98994.125,0.9980369
1517,6550.16,98943.234,1.0
1518,6499.27,99178.78,0.99999726
1519,6734.82,99213.91,0.9999998
1520,6769.94,99220.43,0.99999976
1521,6776.55,99267.164,-0.9999863
1522,6729.74,98621.11,1.0
1523,6083.69,98699.9,0.99999994
1524,6162.48,98710.57,0.9999136
1525,6173.23,98634.54,-0.99998575
1526,6249.18,98479.03,0.9999947
1527,6093.67,98542.414,0.9999832
1528,6157.13,98794.75,-0.99497944
1529,5903.44,99109.61,1.0
1530,6218.3,99295.305,0.9999982
1531,6404.0,99277.125,0.99999994
1532,6385.82,99505.484,1.0
1533,6614.18,99420.9,1.0
1534,6529.59,99488.86,1.0
1535,6597.55,99530.445,1.0
1536,6639.14,99564.805,1.0
1537,6673.5,99748.234,1.0
1538,6856.93,99665.11,0.99999976
1539,6773.88,99697.234,-0.9999781
1540,6741.75,100109.03,-0.9999854
1541,6329.95,100044.27,-0.99999624
1542,6394.71,100210.17,-0.9999999
1543,6228.81,100201.07,-0.9761911
1544,6238.05,100239.14,0.999993
1545,6276.12,100322.664,0.99999547
1546,6359.64,100704.19,0.9984681
1547,6741.75,101283.48,1.0
1548,7321.04,101333.22,1.0
1549,7370.78,101429.3,1.0
1550,7466.86,101316.56,1.0
1551,7354.13,101381.73,1.0
1552,7419.29,101380.92,1.0
1553,7418.49,101673.55,1.0
1554,7711.11,102386.625,0.99999475
1555,8424.27,102629.5,-1.0
1556,8181.39,102859.19,-0.9998226
1557,7951.58,103072.62,1.0
1558,8165.01,103099.76,0.99999905
1559,8192.15,103126.07,1.0
1560,8218.46,103088.01,1.0
1561,8180.48,103488.055,-1.0
1562,7780.44,103643.58,-0.99999994
1563,7624.91,103699.72,-0.9719611
1564,7567.15,103832.48,-0.9999999
1565,7434.39,104233.94,-0.9999975
1566,7032.85,104269.445,0.9987819
1567,7068.48,104386.05,-0.9999971
1568,6951.8,104187.31,0.9998473
1569,6753.12,104630.914,-0.9918544
1570,6305.8,104890.14,0.9880972
1571,6568.23,105269.81,-0.9901783
1572,6184.71,105380.16,0.9939361
1573,6295.73,105406.93,0.9958942
1574,6322.69,105431.836,-0.9915956
1575,6297.57,105529.61,-0.999911
1576,6199.71,105638.37,0.9995326
1577,6308.52,105664.58,0.9999999
1578,6334.73,105910.47,0.9999736
1579,6580.63,105753.6,1.0
1580,6423.76,105835.914,1.0
1581,6506.07,105638.375,1.0
1582,6308.53,105818.6,1.0
1583,6488.76,105706.555,1.0
1584,6376.71,105864.72,1.0
1585,6534.88,106049.69,0.9993668
1586,6719.96,106091.664,0.97113615
1587,6763.19,106035.734,1.0
1588,6707.26,106213.12,0.99999976
1589,6884.64,106424.76,1.0
1590,7096.28,106375.63,1.0
1591,7047.16,106306.7,1.0
1592,6978.23,106366.055,1.0
1593,7037.58,106521.64,0.999997
1594,7193.25,106442.17,-1.0
1595,7272.72,106454.76,-0.9999805
1596,7260.06,106554.445,0.982007
1597,7361.66,107123.27,-0.99999493
1598,6792.83,107380.125,-0.9741775
1599,6529.17,107442.2,-0.99971896
1600,6467.07,107683.22,-0.9999882
1601,6225.98,107756.19,0.97455907
1602,6300.86,107785.03,0.99999994
1603,6329.7,107776.53,0.99962956
1604,6321.2,107807.13,1.0
1605,6351.8,107972.64,1.0
1606,6517.31,107968.04,1.0
1607,6512.71,107998.45,0.99999994
1608,6543.2,108024.14,-0.9903657
1609,6517.18,107788.164,1.0
1610,6281.2,107878.266,0.9999998
1611,6371.3,107905.5,0.9999965
1612,6398.54,108026.625,0.99993473
1613,6519.67,108241.664,0.9988956
1614,6734.95,108228.695,1.0
1615,6721.98,108217.34,1.0
1616,6710.63,108102.125,1.0
1617,6595.41,107953.19,1.0
1618,6446.47,108001.72,1.0
1619,6495.0,108183.38,0.99999815
1620,6676.75,108215.92,-0.9998281
1621,6644.13,108174.97,0.97107595
1622,6601.96,108198.57,1.0
1623,6625.56,108162.63,1.0
1624,6589.62,108129.11,1.0
1625,6556.1,108075.6,1.0
1626,6502.59,108149.62,0.99999034
1627,6576.69,108103.75,-0.9999912
1628,6622.48,108069.58,0.9999851
1629,6588.31,108083.96,0.98788005
1630,6602.95,108034.67,-0.99999654
1631,6652.23,108042.31,-0.8038446
1632,6642.64,107985.2,0.99999994
1633,6585.53,107655.914,1.0
1634,6256.24,107674.18,0.9999994
1635,6274.58,107664.32,-0.86338675
1636,6285.99,107659.305,-0.99983585
1637,6290.93,107964.4,0.9985871
1638,6596.54,107964.83,-0.99898213
1639,6596.11,108016.36,-0.998717
1640,6544.43,107948.64,1.0
1641,6476.71,107937.34,1.0
1642,6465.41,107961.125,1.0
1643,6489.19,107954.28,0.9999997
1644,6482.35,107959.016,0.9995437
1645,6487.16,107969.91,-0.960791
1646,6475.74,107990.0,0.99973875
1647,6495.84,107970.45,1.0
1648,6476.29,107968.914,0.99998283
1649,6474.75,107974.54,0.99999136
1650,6480.38,107979.95,0.914224
1651,6486.39,108133.1,-0.9965105
1652,6332.63,108134.64,0.97759426
1653,6334.27,108145.414,-0.64768004
1654,6317.61,108085.35,-0.9982299
1655,6377.78,108074.78,-0.9918114
1656,6388.44,108101.96,-0.9999955
1657,6361.26,108087.01,-0.9999993
1658,6376.13,108128.78,0.9596862
1659,6419.66,108170.13,1.0
1660,6461.01,108239.266,1.0
1661,6530.14,108163.445,0.99111664
1662,6453.72,108228.73,-0.95861924
1663,6385.62,108205.05,-0.99986964
1664,6409.22,108207.09,0.9999997
1665,6411.27,108167.09,0.99999976
1666,6371.27,108155.266,0.9976496
1667,6359.49,108776.19,-0.99964505
1668,5738.35,108865.695,-0.99105793
1669,5648.03,108938.17,-0.9999981
1670,5575.55,108959.31,-0.9997287
1671,5554.33,109028.266,0.9975134
1672,5623.54,109778.68,-0.99781895
1673,4871.49,110198.22,-0.99999994
1674,4451.87,110348.44,0.9999971
1675,4602.17,110583.67,-0.99611676
1676,4365.94,110564.97,0.993301
1677,4347.11,110098.62,0.9999994
1678,3880.76,110227.45,0.9977152
1679,4009.97,110458.21,-1.0
1680,3779.13,110499.805,1.0
1681,3820.72,110936.5,1.0
1682,4257.42,110957.84,0.99977624
1683,4278.85,111219.34,-1.0
1684,4017.27,111416.75,1.0
1685,4214.67,111341.95,1.0
1686,4139.88,111096.2,1.0
1687,3894.13,111158.88,0.99999845
1688,3956.89,111361.78,-0.999985
1689,3753.99,111594.59,-1.0
1690,3521.1,111493.43,0.99999887
1691,3419.94,111549.6,0.9999928
1692,3476.11,111687.08,0.9953563
1693,3614.23,111575.51,0.99999994
1694,3502.66,111497.58,0.998221
1695,3424.59,111559.94,1.0
1696,3486.95,111386.67,0.9999999
1697,3313.68,111315.39,0.9999627
1698,3242.48,111321.11,-0.9998838
1699,3236.76,111304.96,-0.9994008
1700,3252.84,111597.47,0.9982446
1701,3545.86,111747.305,0.9976074
1702,3696.06,111793.84,0.93288493
1703,3745.95,112182.336,1.0
1704,4134.44,111944.44,1.0
1705,3896.54,112062.08,1.0
1706,4014.18,112046.875,1.0
1707,3998.98,112126.49,1.0
1708,4078.6,111863.38,1.0
1709,3815.49,111905.12,0.99999994
1710,3857.3,112107.58,-0.9999669
1711,3654.83,111838.484,-0.99999994
1712,3923.92,111938.695,-0.9688401
1713,3820.41,111984.234,0.9999989
1714,3865.95,111860.984,1.0
1715,3742.7,111961.805,1.0
1716,3843.52,112061.695,1.0
1717,3943.41,111955.02,1.0
1718,3836.74,111976.0,1.0
1719,3857.72,111963.39,0.9999998
1720,3845.19,111731.97,-0.99958956
1721,4076.63,111680.586,0.9999997
1722,4025.25,111686.19,0.9999902
1723,4030.85,111690.555,1.0
1724,4035.3,112046.69,-0.9995244
1725,3678.92,112055.14,0.99999505
1726,3687.37,112028.99,0.99998957
1727,3661.3,112136.63,-0.9942445
1728,3552.95,112289.73,0.9999551
1729,3706.05,112214.36,0.9999996
1730,3630.68,112238.69,0.9999918
1731,3655.01,112262.234,1.0
1732,3678.56,112241.516,0.99999994
1733,3657.84,112312.25,1.0
1734,3728.57,112184.69,1.0
1735,3601.01,112159.71,0.9999991
1736,3576.03,112188.18,1.0
1737,3604.58,112207.6,-0.9982171
1738,3585.12,112191.77,-0.9999774
1739,3600.87,112190.59,0.9978995
1740,3599.77,112187.91,-0.9999997
1741,3602.46,112206.39,-0.9998668
1742,3583.97,112319.78,-0.99956906
1743,3470.45,112297.445,1.0
1744,3448.12,112328.875,0.82598656
1745,3486.18,112300.45,0.9983201
1746,3457.79,112270.35,-0.99823684
1747,3487.95,112237.24,-0.99999934
1748,3521.06,112294.29,-0.9999995
1749,3464.01,112299.055,-0.9963119
1750,3459.15,112306.26,0.9999999
1751,3466.36,112253.67,0.9999998
1752,3413.77,112239.4,0.99785584
1753,3399.47,112504.234,0.9907747
1754,3666.78,112507.35,0.70725036
1755,3671.2,112525.53,0.9614239
1756,3690.19,112563.766,-0.9174298
1757,3648.43,112568.87,1.0
1758,3653.53,112547.41,1.0
1759,3632.07,112532.22,1.0
1760,3616.88,112536.15,1.0
1761,3620.81,112545.125,0.9999992
1762,3629.79,112588.93,0.9943794
1763,3673.84,112830.8,0.99999994
1764,3915.71,112862.125,0.99834543
1765,3947.09,112914.86,0.9999971
1766,3999.82,112869.16,0.9999998
1767,3954.12,112920.57,1.0
1768,4005.53,113057.57,1.0
1769,4142.53,112725.47,1.0
1770,3810.43,112797.734,1.0
1771,3882.7,112769.32,0.99999994
1772,3854.36,112772.55,-0.9999998
1773,3851.05,112776.29,0.9999966
1774,3854.79,112781.0,1.0
1775,3859.58,112776.11,-0.9934243
1776,3864.42,112758.87,1.0
1777,3847.18,112673.25,0.9999997
1778,3761.56,112808.07,0.9999981
1779,3896.38,112815.63,0.9999971
1780,3903.94,112823.086,0.9999999
1781,3911.48,112833.43,-0.9988755
1782,3901.13,112771.3,-0.99917847
1783,3963.31,112782.56,-0.9687156
1784,3951.6,112736.195,0.9999998
1785,3905.23,112740.125,1.0
1786,3909.16,112737.6,1.0
1787,3906.72,112719.945,-0.995976
1788,3924.37,112752.6,0.89571816
1789,3960.91,112664.78,-0.9999949
1790,4048.73,112688.28,-0.9998827
1791,4025.23,112680.92,-0.99939024
1792,4032.51,112719.6,0.99999994
1793,4071.19,112735.89,1.0
1794,4087.48,112677.74,1.0
1795,4029.33,112672.38,1.0
1796,4023.97,112684.164,0.9999996
1797,4035.83,112697.81,-0.99930584
1798,4022.17,112752.65,-0.9279479
1799,3963.07,112730.69,-0.99775773
1800,3985.08,112628.7,-0.9999997
1801,4087.07,112646.54,-0.9933046
1802,4069.11,112617.305,-0.99629754
1803,4098.37,112625.516,0.9999958
1804,4106.66,112626.7,-0.9998682
1805,4105.4,112667.33,0.76985115
1806,4158.18,113389.03,1.0
1807,4879.88,113482.17,1.0
1808,4973.02,113431.95,0.9999998
1809,4922.8,113545.83,1.0
1810,5036.68,113568.97,1.0
1811,5059.82,113708.05,1.0
1812,5198.9,113798.92,1.0
1813,5289.77,113714.11,1.0
1814,5204.96,113833.62,0.99999994
1815,5324.55,114093.586,-0.9999564
1816,5064.49,114118.64,0.9999854
1817,5089.54,114125.69,0.9999924
1818,5096.59,114196.6,0.998045
1819,5167.72,114295.59,-0.98469746
1820,5067.11,114464.04,1.0
1821,5235.56,114480.42,0.9999916
1822,5251.94,114526.87,0.9999998
1823,5298.39,114532.29,1.0
1824,5303.81,114566.3,1.0
1825,5337.89,114584.24,-0.7712593
1826,5314.53,114669.086,0.9999999
1827,5399.37,114842.08,1.0
1828,5572.36,114734.51,1.0
1829,5464.87,114988.74,-0.99985653
1830,5210.52,115057.49,0.99999255
1831,5279.35,115068.47,-0.9999976
1832,5268.29,115085.305,0.9991496
1833,5285.14,115047.52,0.9997136
1834,5247.35,115150.8,0.9989238
1835,5350.73,115202.766,0.9999958
1836,5402.7,115305.34,1.0
1837,5505.28,115568.35,1.0
1838,5768.29,115631.234,0.99999994
1839,5831.17,115595.77,1.0
1840,5795.71,115546.875,1.0
1841,5746.81,115629.56,1.0
1842,5829.5,115782.52,1.0
1843,5982.46,115974.59,1.0
1844,6174.53,116178.914,1.0
1845,6378.85,117004.75,0.9999994
1846,7204.77,117237.03,-0.9998143
1847,6972.37,118079.35,0.9997312
1848,7814.92,118258.85,1.0
1849,7994.42,118469.6,1.0
1850,8205.17,118149.34,1.0
1851,7884.91,117608.336,1.0
1852,7343.9,117535.64,1.0
1853,7271.21,118460.66,0.998501
1854,8197.69,118679.95,-1.0
1855,7978.31,118664.98,0.99996346
1856,7963.33,118381.72,0.9999992
1857,7680.07,118583.484,0.9999559
1858,7881.85,118689.01,0.9999996
1859,7987.37,118753.95,0.99656034
1860,8052.54,119374.46,0.99972457
1861,8673.22,119506.94,1.0
1862,8805.78,119592.29,-0.99546456
1863,8719.96,119531.82,0.9999998
1864,8659.49,119191.805,1.0
1865,8319.47,119446.83,1.0
1866,8574.5,119436.35,0.9999999
1867,8564.02,119615.17,0.99977547
1868,8742.96,120149.14,-0.9999997
1869,8208.99,120649.79,-0.99901336
1870,7707.77,120766.16,0.99993384
1871,7824.23,120768.25,-0.9818228
1872,7822.02,120988.6,0.9928874
1873,8043.95,120898.7,0.9999941
1874,7954.13,121163.984,-0.99739957
1875,7688.08,121476.234,0.9999996
1876,8000.33,121403.61,0.99999684
1877,7927.71,121621.76,0.99999577
1878,8145.86,121706.82,1.0
1879,8230.92,122169.73,1.0
1880,8693.83,122314.28,1.0
1881,8838.38,122470.39,1.0
1882,8994.49,122796.25,1.0
1883,9320.35,122557.664,1.0
1884,9081.76,122749.42,1.0
1885,9273.52,123003.06,1.0
1886,9527.16,123620.46,0.99999994
1887,10144.56,124177.59,1.0
1888,10701.69,124331.23,0.9997022
1889,10855.37,124486.766,0.998766
1890,11011.1,125266.586,1.0
1891,11790.92,126491.89,1.0
1892,13016.23,124658.47,0.99999994
1893,11182.81,125880.03,0.99764603
1894,12407.33,126326.27,-0.9961698
1895,11959.37,127468.484,-0.9999987
1896,10817.16,127702.414,-0.9999097
1897,10583.13,127920.93,0.99986464
1898,10801.68,129080.43,0.99998665
1899,11961.27,129826.22,-0.99995124
1900,11215.44,130063.06,-0.9997667
1901,10978.46,130293.16,0.999999
1902,11208.55,130535.45,1.0
1903,11450.85,131370.56,0.9999992
1904,12285.96,131658.31,0.9999342
1905,12573.81,132075.61,-0.99996924
1906,12156.51,132873.38,-1.0
1907,11358.66,133330.3,0.9992985
1908,11815.99,133753.9,-0.99999154
1909,11392.38,134890.14,-0.9999999
1910,10256.06,135529.1,1.0
1911,10895.09,136946.44,-0.99997985
1912,9477.64,137162.53,0.99965656
1913,9693.8,138134.77,0.99962956
1914,10666.48,138269.66,-0.9936913
1915,10530.73,138033.25,-1.0
1916,10767.14,138201.27,-0.99996024
1917,10599.11,138457.27,-1.0
1918,10343.11,138899.61,-1.0
1919,9900.77,138988.45,-0.99999994
1920,9811.93,138888.55,-0.99999607
1921,9911.84,138930.05,-0.99909455
1922,9870.3,139322.58,-0.99999994
1923,9477.68,139397.69,0.9999956
1924,9552.86,139431.31,-0.9999313
1925,9519.15,139519.55,0.99963945
1926,9607.42,139997.61,0.9996983
1927,10085.63,140311.66,0.99999994
1928,10399.67,140430.16,0.99999976
1929,10518.17,140733.72,1.0
1930,10821.73,140882.17,1.0
1931,10970.18,141717.64,1.0
1932,11805.65,141390.16,1.0
1933,11478.17,141853.95,0.99999994
1934,11941.97,141878.39,1.0
1935,11966.41,141774.92,0.9999996
1936,11862.94,141266.12,0.9997714
1937,11354.02,141431.58,0.9762977
1938,11523.58,141572.22,-0.99775165
1939,11382.62,142059.02,-0.99999136
1940,10895.83,142902.62,-0.99949044
1941,10051.7,143162.38,0.99991715
1942,10311.55,143099.52,-0.9999901
1943,10374.34,142956.92,0.9999207
1944,10231.74,143070.98,0.99999994
1945,10345.81,143639.95,0.99790055
1946,10916.05,143792.61,-0.99895597
1947,10763.23,144417.72,-0.9999994
1948,10138.05,144410.72,0.99999994
1949,10131.06,144687.55,0.9999619
1950,10407.97,144935.16,-0.9983843
1951,10159.96,144956.34,-0.99202657
1952,10138.52,145188.56,0.99999326
1953,10370.82,145373.88,-0.9999443
1954,10185.5,145804.86,-0.99998283
1955,9754.42,145560.64,0.99999887
1956,9510.2,145648.42,0.997875
1957,9598.17,145680.88,0.9985019
1958,9630.66,145808.16,0.9998336
1959,9757.97,146396.94,0.9999943
1960,10346.76,146673.64,0.99999964
1961,10623.54,146702.61,-0.99999994
1962,10594.49,146683.66,1.0
1963,10575.53,146461.42,1.0
1964,10353.3,146625.38,0.9999997
1965,10517.25,146549.4,0.9998752
1966,10441.28,146443.02,0.99999857
1967,10334.97,146661.95,-0.99969846
1968,10115.98,146599.56,-1.0
1969,10178.37,146367.81,-0.9999117
1970,10410.13,146417.31,-0.9999181
1971,10360.55,146414.81,0.9997407
1972,10358.05,146404.47,0.99999905
1973,10347.71,146333.55,0.9999998
1974,10276.79,146298.03,1.0
1975,10241.27,146255.02,1.0
1976,10198.25,146323.1,0.99999434
1977,10266.41,146407.78,-0.9999995
1978,10181.64,146245.86,0.99999696
1979,10019.72,146296.45,0.9999999
1980,10070.39,146634.6,-0.9914255
1981,9729.32,147743.11,-0.9997838
1982,8620.57,147876.39,-0.99778134
1983,8486.99,148244.33,-0.99999595
1984,8118.97,148374.14,0.97686
1985,8251.85,148368.12,0.999753
1986,8245.92,148509.86,-1.0
1987,8104.19,148320.17,-0.99999976
1988,8293.87,148270.7,-0.9996838
1989,8343.28,148320.34,0.9990606
1990,8393.04,148453.36,-0.9998468
1991,8259.99,148507.42,-1.0
1992,8205.94,148561.78,-1.0
1993,8151.5,148398.44,0.9999991
1994,7988.16,148655.81,0.9999754
1995,8245.62,148671.69,-0.94692594
1996,8228.78,149038.45,0.99946916
1997,8595.74,149029.17,1.0
1998,8586.47,148764.47,1.0
