,Prices_5_1,Strategy_Returns_5_1,F_t_5_1
0,428.96,-0.037040442,0.0
1,438.82,1.2059926,0.9260111
2,440.17,8.124713,0.74896085
3,449.46,6.9403424,-0.22918326
4,454.43,-7.112642,0.90406466
5,438.89,-4.5437775,0.9995596
6,441.46,-5.333586,0.99965453
7,440.67,-2.041509,0.99761945
8,443.97,1.2250755,0.99594855
9,447.25,2.0343435,0.9991214
10,448.06,2.8740294,0.99963033
11,448.9,0.23476872,0.999717
12,446.26,0.15477306,0.99991333
13,446.18,39.69391,0.99997807
14,485.72,45.74378,0.9999795
15,491.77,78.54945,0.9998682
16,524.58,74.190506,0.999736
17,520.22,79.09697,0.99726903
18,525.14,125.53603,0.9997646
19,571.59,137.36461,0.9998798
20,583.42,125.18501,0.99996686
21,571.24,131.00467,0.9999432
22,577.06,122.12932,0.99947345
23,568.18,169.27628,0.9999354
24,615.33,177.62561,0.9999212
25,623.68,184.17522,0.99994063
26,630.23,214.55447,0.99965185
27,660.62,221.50446,0.99572366
28,667.6,195.51495,0.9999809
29,641.61,213.16484,0.99999315
30,659.26,207.60487,0.99999356
31,653.7,208.87486,0.9999905
32,654.97,210.04483,0.9999722
33,656.14,203.06491,0.9999887
34,649.16,207.05486,0.99998635
35,653.15,186.9251,0.9999876
36,633.02,140.8556,0.99998903
37,586.95,154.06471,0.9999365
38,600.16,131.29562,0.9986425
39,577.36,146.86794,0.9995067
40,592.94,146.11806,0.9997465
41,592.19,164.75032,0.9979827
42,610.86,161.85088,0.9997611
43,607.96,151.99611,0.9964268
44,598.07,148.07927,0.99918807
45,594.15,148.91893,0.99966145
46,594.99,156.18768,0.9984611
47,602.27,147.92026,0.997069
48,593.98,136.80872,0.9541538
49,582.36,131.22081,0.34728712
50,566.34,145.37733,0.9565412
51,581.14,160.91031,0.96361923
52,597.26,160.21521,0.9780147
53,596.55,166.35776,0.9955673
54,602.72,203.17438,0.9929461
55,639.8,204.12915,0.94739366
56,640.81,214.19603,0.99969023
57,650.88,208.47668,0.99988437
58,645.16,194.00783,0.99992126
59,630.69,194.7778,0.9999704
60,631.46,199.12775,0.99998736
61,635.81,187.4078,0.9999949
62,624.09,188.13765,0.9999711
63,624.82,187.82855,0.9967468
64,624.51,180.08234,0.99948967
65,616.76,195.25224,0.9954116
66,632.0,196.96155,0.99959666
67,633.71,189.75267,0.99984336
68,626.5,182.57323,0.9999219
69,619.32,184.8431,0.9999394
70,621.59,180.05322,0.9999729
71,616.8,186.34305,0.9999733
72,623.09,192.03291,0.99997634
73,628.78,191.77292,0.99994534
74,628.52,187.1543,0.9996993
75,623.9,185.46556,0.999144
76,622.21,184.80898,0.99482113
77,621.55,182.68019,0.9947407
78,619.41,165.11417,0.99350095
79,601.73,164.49236,0.970596
80,601.09,159.45006,0.9546387
81,595.81,157.49112,0.9994561
82,593.85,149.33255,0.9998249
83,585.69,148.36267,0.999871
84,584.72,130.93617,0.9997976
85,567.29,149.86479,0.9993991
86,586.23,158.5523,0.9997152
87,594.92,152.96304,0.9998635
88,589.33,150.30447,0.99945337
89,586.67,152.41136,0.998542
90,588.78,149.07431,0.9991181
91,585.44,148.28484,0.9993105
92,584.65,152.50388,0.9997748
93,588.87,156.21274,0.99971986
94,592.58,153.01128,0.9973129
95,589.37,154.69283,0.99507606
96,591.06,140.02646,0.99838805
97,576.37,133.3147,0.9972817
98,569.64,110.36533,0.9986661
99,546.66,69.70795,0.99919826
100,505.97,60.751877,0.9995605
101,497.01,83.4434,0.99962693
102,519.71,55.536476,0.99988973
103,491.8,25.198671,0.99992746
104,461.46,48.973164,0.999769
105,485.24,75.69639,0.9993735
106,511.98,80.95591,0.99990845
107,517.24,77.75616,0.9999171
108,514.04,61.80404,0.999497
109,498.08,71.97224,0.9959066
110,508.29,66.204865,0.9960726
111,502.5,75.265785,0.9990018
112,511.57,74.84544,0.99951535
113,511.15,71.56037,0.9858909
114,507.82,72.214226,0.9344352
115,508.52,68.248795,0.92810035
116,504.25,42.045616,0.98916143
117,477.76,39.17524,0.99635816
118,474.88,41.660492,0.9747342
119,477.43,41.81708,0.98279387
120,477.59,53.877872,0.99923956
121,489.66,47.558075,0.9999678
122,483.34,49.04806,0.99999225
123,484.83,46.498085,0.99999195
124,482.28,38.818115,0.9999958
125,474.6,39.478104,0.9999921
126,475.26,43.57756,0.99986845
127,479.36,43.96747,0.99976754
128,479.75,41.967606,0.99988365
129,477.75,43.213257,0.997527
130,479.0,42.139748,0.9661461
131,477.89,39.636147,0.9933998
132,475.37,30.333187,0.9992424
133,466.06,21.60744,0.9995106
134,457.33,-11.250423,0.9990203
135,424.44,-40.797585,0.9968644
136,394.8,-26.70657,0.9993633
137,408.9,-36.777756,0.99912274
138,398.82,-33.44835,0.9998225
139,402.15,0.18452975,0.99978846
140,435.79,-12.399864,0.9995536
141,423.2,-24.028692,0.9998992
142,411.57,-31.177828,0.999877
143,404.42,-36.075386,0.99950004
144,399.52,-58.408703,0.999697
145,377.18,-60.114555,0.9975553
146,375.47,-48.663254,0.9983704
147,386.94,-51.98844,0.99851686
148,383.61,-60.48873,0.9953352
149,375.07,-76.02622,0.99853426
150,359.51,-106.39423,0.99110407
151,328.87,-114.5589,0.97658026
152,320.51,-105.103645,0.98804677
153,330.08,-99.01257,0.99691
154,336.19,-82.29672,0.99796426
155,352.94,-70.248726,0.9965365
156,365.03,-73.71754,0.99965364
157,361.56,-72.97756,0.9999585
158,362.3,-56.72779,0.9999861
159,378.55,-44.868008,0.99998194
160,390.41,-34.40872,0.9999372
161,400.87,-40.50149,0.9986293
162,394.77,-52.34935,0.970267
163,382.56,-51.158154,0.9927247
164,383.76,-43.54884,0.9908332
165,391.44,-45.434967,0.99791104
166,389.55,-52.1341,0.99986815
167,382.85,-48.50603,0.9994691
168,386.48,-51.824608,0.9995673
169,383.16,-76.56228,0.9999056
170,358.42,-76.63228,0.9999783
171,358.35,-87.71139,0.99992
172,347.27,-80.28188,0.9999343
173,354.7,-81.99187,0.99999046
174,352.99,-77.3619,0.99999183
175,357.62,-99.39165,0.99998844
176,335.59,-89.68208,0.9999566
177,345.3,-96.65991,0.9996848
178,338.32,-109.21556,0.9988541
179,325.75,-109.076065,0.9976118
180,325.89,-107.42728,0.99330217
181,327.55,-104.500275,0.99560475
182,330.49,-95.524055,0.99739033
183,339.49,-85.82168,0.9900382
184,349.29,-92.62308,0.99001384
185,342.42,-89.58378,0.99009746
186,345.49,-71.85501,0.997684
187,363.26,-68.1965,0.99959373
188,366.92,-67.417015,0.999412
189,367.7,-11.663099,0.99810153
190,423.56,-14.485498,0.9972827
191,420.73,-37.384274,0.9995096
192,397.82,-59.070496,0.9998257
193,376.13,-47.322918,0.9997945
194,387.88,-47.792904,0.9999713
195,387.41,-60.002563,0.9999716
196,375.2,-54.653477,0.9998334
197,380.55,-77.347626,0.9992963
198,357.84,-84.31056,0.9961068
199,350.85,-82.2406,0.99998325
200,352.92,-67.59085,0.99998254
201,367.57,-58.260986,0.99998635
202,376.9,-59.81075,0.9998428
203,375.35,-66.79034,0.999941
204,368.37,-65.490425,0.9999302
205,369.67,-58.7109,0.9999302
206,376.45,-59.670868,0.9999535
207,375.49,-57.11174,0.99968517
208,378.05,-55.92422,0.99798745
209,379.24,-53.85284,0.9958962
210,381.32,-60.150635,0.99805295
211,375.01,-65.539795,0.99607867
212,369.6,-58.38726,0.9866695
213,376.85,-60.378956,0.96622354
214,374.79,-60.090878,0.9343381
215,375.1,-72.93181,0.97345513
216,361.91,-82.621346,0.9999523
217,352.22,-88.48121,0.99997616
218,346.36,-84.331505,0.99993
219,350.51,-82.30186,0.9998281
220,352.54,-87.46151,0.99993205
221,347.38,-83.21187,0.99991506
222,351.63,-89.49097,0.99985605
223,345.35,-107.77926,0.9999059
224,327.06,-115.05699,0.99968183
225,319.78,-123.4248,0.9985419
226,311.4,-116.99869,0.9978497
227,317.84,-104.891174,0.9989713
228,329.96,-114.00453,0.9992722
229,320.84,-102.96336,0.99921286
230,331.89,-100.2943,0.9959427
231,334.57,-112.30386,0.99746555
232,322.53,-115.82176,0.9993888
233,319.01,-106.92847,0.99812895
234,327.92,-118.977974,0.99912965
235,315.86,-117.5993,0.9990494
236,317.24,-122.164536,0.99895626
237,312.67,-124.09323,0.9993108
238,310.74,-114.65524,0.9987331
239,320.19,-120.59304,0.9996283
240,314.25,-119.81319,0.99981594
241,315.03,-153.75311,0.9997027
242,281.08,-170.62071,0.9992647
243,264.2,-160.35422,0.99966013
244,274.47,-148.64206,0.99933237
245,286.19,-140.49295,0.9998913
246,294.34,-151.48059,0.99978316
247,283.35,-144.42467,0.99942565
248,290.41,-160.03311,0.99990094
249,274.8,-169.17252,0.9999344
250,265.66,-167.0327,0.9999268
251,267.8,-208.93929,0.99919677
252,225.86,-256.33572,0.99238676
253,178.1,-224.87743,0.9911342
254,209.84,-226.61514,0.9986647
255,208.1,-235.45262,0.9997121
256,199.26,-224.3832,0.99907047
257,210.34,-219.89832,0.9922397
258,214.86,-223.41519,0.9934265
259,211.32,-207.88254,0.9969688
260,226.9,-201.37308,0.9999189
261,233.41,-201.90318,0.99977624
262,232.88,-187.02155,0.9941059
263,247.85,-181.16615,0.99752617
264,253.72,-161.42215,0.99969673
265,273.47,-171.41118,0.999902
266,263.48,-200.97629,0.9998338
267,233.91,-201.37837,0.99945176
268,233.51,-208.04688,0.9417789
269,226.43,-216.33672,0.9238517
270,217.46,-206.86588,0.9958842
271,226.97,-195.64491,0.99654454
272,238.23,-206.60176,0.99971163
273,227.27,-207.02171,0.9998828
274,226.85,-216.76167,0.999996
275,217.11,-211.6017,0.99999624
276,222.27,-206.12172,0.9999955
277,227.75,-210.4617,0.999996
278,223.41,-213.76166,0.99995583
279,220.11,-214.03105,0.9973964
280,219.84,-214.69096,0.9998512
281,219.18,-212.11154,0.999803
282,221.76,-198.46928,0.9979718
283,235.43,-176.6344,0.997493
284,257.32,-198.95102,0.99181426
285,234.82,-199.90417,0.97169614
286,233.84,-190.19275,0.9940134
287,243.61,-197.44533,0.99622166
288,236.33,-193.50139,0.9984742
289,240.28,-190.00423,0.99919385
290,243.78,-189.25453,0.9996234
291,244.53,-197.80417,0.99995863
292,235.98,-194.89426,0.99996924
293,238.89,-195.04427,0.9999321
294,238.74,-196.31398,0.9997715
295,237.47,-197.35341,0.9994507
296,236.43,-179.96552,0.9993059
297,253.83,-179.53566,0.99967736
298,254.26,-173.596,0.99994504
299,260.2,-158.12755,0.9998991
300,275.67,-152.09848,0.9998455
301,281.7,-160.70613,0.9997257
302,273.09,-157.6167,0.99981564
303,276.18,-161.07619,0.9998495
304,272.72,-157.53691,0.99979824
305,276.26,-159.44595,0.9994972
306,274.35,-144.19775,0.999229
307,289.61,-142.05135,0.9983561
308,291.76,-137.4446,0.99715394
309,296.38,-139.474,0.99970543
310,294.35,-148.48347,0.99994034
311,285.34,-151.9327,0.99977326
312,281.89,-147.43349,0.99982405
313,286.39,-143.23386,0.99991345
314,290.59,-148.3133,0.999889
315,285.51,-177.51904,0.9998544
316,256.3,-172.88942,0.9999164
317,260.93,-172.0695,0.9999068
318,261.75,-173.7993,0.9998853
319,260.02,-165.86038,0.9998702
320,267.96,-167.07892,0.99875075
321,266.74,-188.1593,0.9971788
322,245.6,-187.56148,0.9965684
323,246.2,-185.23273,0.99946517
324,248.53,-186.73236,0.99972874
325,247.03,-180.9679,0.99904007
326,252.8,-191.04916,0.99913424
327,242.71,-186.2325,0.99931777
328,247.53,-189.53711,0.99835956
329,244.22,-186.48907,0.9993569
330,247.27,-180.75465,0.99907786
331,253.01,-179.4554,0.9920478
332,254.32,-180.066,0.9839453
333,253.7,-173.17981,0.9980063
334,260.6,-178.28537,0.99912584
335,255.49,-180.595,0.9998392
336,253.18,-188.75166,0.9995884
337,245.02,-190.09062,0.99921227
338,243.68,-197.69717,0.9995456
339,236.07,-197.21725,0.9998278
340,236.55,-197.61723,0.9999386
341,236.15,-209.17595,0.99988455
342,224.59,-214.59872,0.9986639
343,219.16,-209.93127,0.99945736
344,223.83,-205.19267,0.99970704
345,228.57,-210.88191,0.9998664
346,222.88,-210.40196,0.99989873
347,223.36,-211.16188,0.9998753
348,222.6,-209.1331,0.9994033
349,224.63,-198.49643,0.9996877
350,235.27,-199.58618,0.9997662
351,234.18,-197.30742,0.9994625
352,236.46,-202.49316,0.9991653
353,231.27,-207.36092,0.9974782
354,226.39,-214.31499,0.9991429
355,219.43,-204.47168,0.9983073
356,229.29,-207.90625,0.9984188
357,225.85,-207.9462,0.99828804
358,225.81,-197.62856,0.9978437
359,236.15,-201.69514,0.99915564
360,232.08,-198.84557,0.99985135
361,234.93,-193.41621,0.999881
362,240.36,-194.75604,0.9998723
363,239.02,-197.65564,0.99985945
364,236.12,-203.99452,0.99982405
365,229.78,-196.44536,0.99988884
366,237.33,-189.91605,0.99989533
367,243.86,-191.9458,0.9998763
368,241.83,-193.47548,0.99977267
369,240.3,-191.61743,0.99896514
370,242.16,-192.66682,0.999418
371,241.11,-197.39586,0.9997926
372,236.38,-196.84607,0.99960643
373,236.93,-196.17644,0.99949986
374,237.6,-197.62491,0.99893767
375,236.15,-196.97536,0.9993495
376,236.8,-200.64484,0.99985945
377,233.13,-201.82468,0.99986017
378,231.95,-199.75493,0.99987495
379,234.02,-198.43521,0.99979883
380,235.34,-193.4268,0.9996855
381,240.35,-194.9056,0.99917203
382,238.87,-192.8265,0.99956656
383,240.95,-196.66415,0.99938565
384,237.11,-196.65417,0.99919486
385,237.12,-196.49423,0.9997246
386,237.28,-196.3643,0.99948174
387,237.41,-196.67416,0.99955004
388,237.1,-200.42274,0.99961907
389,233.35,-203.58105,0.9994636
390,230.19,-210.83696,0.99943304
391,222.93,-207.97029,0.9988456
392,225.8,-207.90034,0.99948025
393,225.87,-209.44978,0.9996449
394,224.32,-208.82002,0.999622
395,224.95,-208.15033,0.99956435
396,225.62,-210.88962,0.9997397
397,222.88,-205.28076,0.99979544
398,228.49,-204.72095,0.9996879
399,229.05,-204.97087,0.9997089
400,228.8,-204.06125,0.9995954
401,229.71,-203.79138,0.99953496
402,229.98,-201.37227,0.9996343
403,232.4,-200.233,0.9993738
404,233.54,-196.95581,0.99914324
405,236.82,-182.88857,0.9990945
406,250.9,-184.50662,0.99877584
407,249.28,-184.77649,0.9995266
408,249.01,-189.1744,0.9995219
409,244.61,-188.57465,0.9995839
410,245.21,-189.84428,0.99972034
411,243.94,-186.79512,0.99972904
412,246.99,-189.4846,0.9998092
413,244.3,-193.27379,0.99978656
414,240.51,-190.98427,0.999792
415,242.8,-190.19437,0.99987644
416,243.59,-182.79538,0.9998639
417,250.99,-184.77495,0.999776
418,249.01,-176.72708,0.9997348
419,257.06,-170.71867,0.99973404
420,263.07,-175.16743,0.99972063
421,258.62,-178.37697,0.99985546
422,255.41,-177.44717,0.99979347
423,256.34,-172.89879,0.9996461
424,260.89,-161.88132,0.999771
425,271.91,-164.76024,0.9996229
426,269.03,-167.57906,0.9995772
427,266.21,-163.00336,0.9990628
428,270.79,-164.5616,0.9988562
429,269.23,-148.909,0.99952877
430,284.89,-140.69458,0.9993206
431,293.11,-122.94766,0.99926424
432,310.87,-141.76315,0.9997602
433,292.05,-146.3518,0.99970496
434,287.46,-147.98167,0.9999127
435,285.83,-155.7208,0.99988616
436,278.09,-154.34088,0.9999313
437,279.47,-158.91008,0.9998229
438,274.9,-160.19955,0.9995829
439,273.61,-154.83142,0.99965227
440,278.98,-157.97987,0.9995053
441,275.83,-156.59009,0.9998627
442,277.22,-157.75955,0.9995461
443,276.05,-145.5349,0.9995633
444,288.28,-145.11502,0.9997213
445,288.7,-141.12589,0.9997861
446,292.69,-140.19597,0.99990904
447,293.62,-139.3862,0.99972653
448,294.43,-144.22389,0.9995214
449,289.59,-146.09288,0.9994541
450,287.72,-149.16066,0.99927634
451,284.65,-152.20912,0.9994823
452,281.6,-151.20082,0.99840015
453,282.61,-152.57611,0.9965747
454,281.23,-148.60281,0.99583787
455,285.22,-151.92207,0.9937303
456,281.88,-155.219,0.9990548
457,278.58,-154.21922,0.99977285
458,279.58,-172.79837,0.99995416
459,261.0,-168.71872,0.99991566
460,265.08,-169.32866,0.99989146
461,264.47,-163.40942,0.999869
462,270.39,-167.41873,0.9998235
463,266.38,-169.71773,0.9995594
464,264.08,-168.11853,0.99950254
465,265.68,-172.24512,0.9991685
466,261.55,-175.28343,0.99944675
467,258.51,-175.81316,0.999345
468,257.98,-222.59023,0.99737823
469,211.08,-207.03967,0.99683577
470,226.68,-198.38084,0.99871457
471,235.35,-201.1591,0.99937207
472,232.57,-203.3387,0.9997788
473,230.39,-205.55383,0.9977814
474,228.17,-223.21678,0.9990346
475,210.49,-212.10394,0.9993562
476,221.61,-207.88522,0.99970114
477,225.83,-208.94516,0.99988157
478,224.77,-202.32755,0.99814445
479,231.4,-203.9411,0.9959375
480,229.78,-204.96045,0.99934024
481,228.76,-203.66075,0.99976647
482,230.06,-205.60042,0.9998232
483,228.12,-204.44087,0.9996592
484,229.28,-206.53741,0.9982331
485,227.18,-203.44278,0.99195427
486,230.3,-198.7291,0.9986639
487,235.02,-193.91444,0.99889827
488,239.84,-193.90445,0.99972063
489,239.85,-190.14642,0.99947953
490,243.61,-195.58496,0.9997308
491,238.17,-195.27498,0.99994516
492,238.48,-193.64505,0.99995923
493,240.11,-198.52487,0.999963
494,235.23,-203.24475,0.9999575
495,230.51,-203.11508,0.9979246
496,230.64,-203.45499,0.9996505
497,230.3,-204.66486,0.9998983
498,229.09,-203.94495,0.99987066
499,229.81,-200.77547,0.9998415
500,232.98,-202.26505,0.9996966
501,231.49,-202.54471,0.99863756
502,231.21,-206.66312,0.9996123
503,227.09,-203.13422,0.9996861
504,230.62,-203.4741,0.99964756
505,230.28,-199.2251,0.999769
506,234.53,-198.61528,0.9997093
507,235.14,-199.4149,0.9995324
508,234.34,-200.99417,0.99952686
509,232.76,-194.61848,0.99932444
510,239.14,-197.0666,0.99923223
511,236.69,-197.69594,0.99892485
512,236.06,-196.20804,0.99860275
513,237.55,-196.4678,0.9990125
514,237.29,-195.02847,0.99953955
515,238.73,-195.49832,0.99966854
516,238.26,-193.37875,0.9998027
517,240.38,-187.7004,0.9997099
518,246.06,-190.78947,0.99969876
519,242.97,-191.45938,0.99985266
520,242.3,-189.82976,0.99977136
521,243.93,-188.82008,0.9996759
522,244.94,-186.71059,0.9997624
523,247.05,-188.45003,0.9996769
524,245.31,-184.25145,0.99965996
525,249.51,-181.77232,0.9996523
526,251.99,-179.44295,0.99973196
527,254.32,-170.89471,0.9997935
528,262.87,-163.12735,0.99966276
529,270.64,-172.12273,0.9994862
530,261.64,-170.32343,0.9996118
531,263.44,-164.30629,0.99952674
532,269.46,-167.49556,0.9997718
533,266.27,-159.74706,0.99980754
534,274.02,-157.26787,0.99967575
535,276.5,-152.12024,0.99954
536,281.65,-150.09084,0.9997051
537,283.68,-148.47131,0.9997072
538,285.3,-139.98268,0.99983984
539,293.79,-129.1558,0.99971217
540,304.62,-119.91851,0.99970764
541,313.86,-105.76148,0.9997904
542,328.02,-119.60657,0.9996446
543,314.17,-108.34846,0.9998322
544,325.43,-72.59266,0.9998827
545,361.19,-30.367958,0.9998744
546,403.42,-22.228714,0.9999082
547,411.56,-47.430447,0.9996717
548,386.35,-59.304054,0.9994613
549,374.47,-47.297245,0.99973524
550,386.48,-60.406506,0.9999436
551,373.37,-53.51666,0.9999794
552,380.26,-96.945526,0.99974185
553,336.82,-122.624405,0.9976221
554,311.08,-95.56116,0.99975085
555,338.15,-96.961136,0.999984
556,336.75,-100.801094,0.9999889
557,332.91,-113.53959,0.99987966
558,320.17,-102.96779,0.9992269
559,330.75,-98.62844,0.9998509
560,335.09,-99.12842,0.9999538
561,334.59,-107.56829,0.9999834
562,326.15,-111.69749,0.9997846
563,322.02,-106.79972,0.9975195
564,326.93,-109.18712,0.9988914
565,324.54,-110.67391,0.99782205
566,323.05,-113.66567,0.9968216
567,320.05,-105.80106,0.9643692
568,328.21,-85.08418,0.8483619
569,352.68,-86.2522,-0.21496333
570,358.04,-86.4029,0.18037121
571,357.38,-72.88685,0.9717583
572,371.29,-66.85974,0.9995237
573,377.32,-81.689156,0.9999606
574,362.49,-84.988914,0.99992687
575,359.19,-83.12903,0.9999393
576,361.05,-80.99907,0.9999804
577,363.18,-55.22973,0.9999745
578,388.95,-55.399734,0.9999872
579,388.78,-48.641304,0.99978596
580,395.54,-28.686138,0.99676764
581,415.56,-26.686478,0.9998328
582,417.56,-28.766388,0.9999567
583,415.48,7.690517,0.99991524
584,451.94,-9.246371,0.9998159
585,435.0,-10.486306,0.99994797
586,433.76,-0.06687951,0.9999451
587,444.18,21.072502,0.99997073
588,465.32,10.68284,0.99996716
589,454.93,11.832711,0.99988866
590,456.08,19.37179,0.9998797
591,463.62,18.072412,0.9995105
592,462.32,-1.5515816,0.99918383
593,442.68,-5.5907946,0.99980134
594,438.64,-7.6596026,0.9994165
595,436.57,-1.8306484,0.9998214
596,442.4,10.748545,0.9999359
597,454.98,11.41851,0.9999494
598,455.65,-26.95982,0.9999564
599,417.27,-21.410048,0.99995947
600,422.82,-21.949986,0.9998825
601,422.28,-11.251418,0.99986666
602,432.98,-17.609655,0.99970055
603,426.62,-13.674845,0.9961725
604,430.57,-9.922699,0.99794734
605,434.33,-10.808024,0.99454755
606,433.44,-14.234632,0.9990032
607,430.01,-11.155865,0.999652
608,433.09,-12.281248,0.995603
609,431.96,-15.09416,0.9868184
610,429.11,13.811855,0.9988284
611,458.05,9.007104,0.99683064
612,453.23,3.401026,0.99751925
613,447.61,3.7798176,0.9970361
614,447.99,4.2193985,0.99908984
615,448.43,-8.514968,0.999557
616,435.69,-11.83435,0.9998125
617,432.37,-13.89419,0.99992126
618,430.31,-79.865524,0.9998678
619,364.33,-56.68796,0.9986042
620,387.54,-61.9259,0.9996045
621,382.3,-57.05685,0.9998059
622,387.17,-64.07644,0.99994063
623,380.15,-24.004398,0.99980146
624,420.23,-33.97362,0.99991816
625,410.26,-61.712738,0.9988865
626,382.49,-56.71359,0.99982995
627,387.49,-41.236557,0.9998095
628,402.97,-52.469364,0.9993592
629,391.73,-52.04957,0.99963975
630,392.15,-49.234287,0.9983332
631,394.97,-63.88328,0.99787986
632,380.29,-64.69918,0.9949698
633,379.47,-65.90389,0.9956147
634,378.26,-75.34879,0.9951563
635,368.77,-71.17729,0.9735265
636,373.06,-70.00129,0.8503332
637,374.45,-74.49798,0.9992612
638,369.95,-54.86411,0.9996884
639,389.59,-57.903812,0.9999025
640,386.55,-67.933556,0.99997413
641,376.52,-67.83356,0.9999797
642,376.62,-71.00349,0.9999771
643,373.45,-68.42352,0.99998426
644,376.03,-62.803795,0.99997437
645,381.65,-64.7976,0.9968639
646,379.65,-60.19367,0.9987683
647,384.26,-52.677807,0.98897856
648,391.86,-37.332333,0.998405
649,407.23,-44.37303,0.99867344
650,400.18,-37.063766,0.9998998
651,407.49,-28.235435,0.9998208
652,416.32,-22.199696,0.99765575
653,422.37,-23.779057,0.99958754
654,420.79,-7.410151,0.99993336
655,437.16,-5.7704225,0.99983567
656,438.8,-6.8202963,0.99987787
657,437.75,-23.829113,0.9999304
658,420.74,-19.619623,0.99987906
659,424.95,-20.029568,0.9998608
660,424.54,-12.420612,0.99986315
661,432.15,-12.050711,0.9997518
662,432.52,-11.071112,0.99959147
663,433.5,-6.872859,0.99958605
664,437.7,-9.452367,0.9998067
665,435.12,-20.582075,0.99997365
666,423.99,-22.922007,0.9999692
667,421.65,-33.630554,0.99986434
668,410.94,-43.99926,0.9998749
669,400.57,-36.860928,0.9997668
670,407.71,-30.252886,0.99970424
671,414.32,-30.602806,0.99966305
672,413.97,-29.714005,0.99870294
673,414.86,-27.449484,0.9975998
674,417.13,-22.896854,0.9983916
675,421.69,-32.959755,0.99929327
676,411.62,-30.512625,0.99883324
677,414.07,-28.146034,0.9985802
678,416.44,-27.757076,0.99748415
679,416.83,-27.577261,0.99901676
680,417.01,-23.971529,0.998827
681,420.62,-35.037933,0.9996751
682,409.55,-34.148247,0.99965584
683,410.44,-30.830034,0.999476
684,413.76,-31.279282,0.99829537
685,413.31,-26.505777,0.9986479
686,418.09,-26.555729,0.99784124
687,418.04,-28.204636,0.999331
688,416.39,-27.414936,0.999632
689,417.18,-26.645054,0.99985284
690,417.95,-17.825432,0.99995726
691,426.77,-20.365257,0.99992996
692,424.23,-28.074186,0.9998609
693,416.52,-29.773909,0.99982786
694,414.82,-27.864954,0.9994543
695,416.73,-26.635782,0.99933296
696,417.96,-23.727188,0.9995182
697,420.87,-23.697212,0.99940825
698,420.9,-23.157616,0.9992568
699,421.44,-20.569452,0.99929804
700,424.03,-21.189312,0.9997678
701,423.41,-21.859238,0.99986786
702,422.74,-24.248154,0.9995468
703,420.35,-25.187721,0.99953306
704,419.41,-23.038393,0.9996893
705,421.56,-22.118607,0.9997696
706,422.48,-19.409082,0.9998247
707,425.19,-20.868813,0.9998002
708,423.73,-20.319212,0.99927616
709,424.28,-14.892814,0.99933815
710,429.71,-14.033239,0.9995097
711,430.57,-17.20199,0.9996055
712,427.4,-16.012426,0.9996391
713,428.59,-9.096083,0.9994719
714,435.51,-3.2188153,0.99953604
715,441.39,4.8083987,0.99965334
716,449.42,1.129465,0.99970925
717,445.74,5.6685495,0.999799
718,450.28,13.936339,0.99973303
719,458.55,16.815367,0.99966353
720,461.43,21.474117,0.9997332
721,466.09,0.08331144,0.99957013
722,444.69,4.400886,0.99944025
723,449.01,10.488648,0.99963343
724,455.1,3.7102652,0.9997607
725,448.32,7.269926,0.9999072
726,451.88,0.062154654,0.9996906
727,444.67,5.690132,0.9996419
728,450.3,2.1108317,0.9998045
729,446.72,3.3705945,0.9998149
730,447.98,14.989594,0.99991494
731,459.6,13.92999,0.99962324
732,458.54,13.939983,0.99972767
733,458.55,15.869622,0.9998159
734,460.48,6.282818,0.9996659
735,450.89,8.122525,0.9998448
736,452.73,10.161836,0.99966466
737,454.77,11.061379,0.99952066
738,455.67,11.061282,0.9989133
739,455.67,12.954475,0.9964667
740,457.57,9.548602,0.99878865
741,454.16,9.169005,0.9989016
742,453.78,10.008375,0.99925137
743,454.62,-5.8900323,0.9992712
744,438.71,-1.9226891,0.99933493
745,442.68,-1.4128237,0.99974567
746,443.19,-5.282313,0.99986744
747,439.32,-0.45268825,0.9999267
748,444.15,1.3762182,0.99940753
749,445.98,4.994922,0.9996431
750,449.6,8.773933,0.9997402
751,453.38,28.845062,0.9995587
752,473.46,85.4124,0.9997768
753,530.04,81.60634,0.99896085
754,526.23,89.23166,0.99939
755,533.86,86.76486,0.99869066
756,531.39,92.28286,0.9978452
757,536.92,93.332794,0.999939
758,537.97,124.549446,0.9998929
759,569.19,128.08882,0.9998306
760,572.73,130.33705,0.99929655
761,574.98,140.83876,0.9944999
762,585.54,131.90027,0.9998298
763,576.6,136.94995,0.99993736
764,581.65,129.93024,0.99996066
765,574.63,132.77011,0.9999558
766,577.47,162.02916,0.9999679
767,606.73,228.07697,0.9999667
768,672.78,259.6768,0.9999943
769,704.38,240.85695,0.9999913
770,685.56,249.76672,0.9999732
771,694.47,321.60483,0.9999736
772,766.31,304.20502,0.99998796
773,748.91,311.52493,0.9999895
774,756.23,319.07373,0.9998622
775,763.78,292.65048,0.99522156
776,737.23,222.24449,0.99753374
777,666.65,151.77287,0.9991719
778,596.12,179.62874,0.9998519
779,623.98,220.94658,0.9999478
780,665.3,220.7666,0.99983263
781,665.12,185.0178,0.99996144
782,629.37,210.81427,0.99562496
783,655.28,202.53532,0.99987245
784,647.0,195.42535,0.9999965
785,639.89,228.87527,0.99999756
786,673.34,231.8351,0.9999515
787,676.3,259.21414,0.9992364
788,703.7,214.1761,0.9999565
789,658.66,239.17352,0.99989736
790,683.66,226.13734,0.9992634
791,670.63,230.16599,0.60496247
792,677.33,230.50366,-0.010081484
793,640.56,208.80861,-0.83551246
794,666.52,219.74582,-0.7066283
795,650.96,218.55602,0.741716
796,649.36,217.16302,0.8181666
797,647.66,231.86319,0.8706532
798,664.55,221.78351,0.99996835
799,654.47,225.3935,0.99999714
800,658.08,230.57349,0.9999988
801,663.26,228.0835,0.999999
802,660.77,246.77347,0.9999989
803,679.46,240.42334,0.99998057
804,673.11,240.17477,0.99348533
805,672.86,233.00731,0.99824417
806,665.68,232.33742,0.9998528
807,665.01,217.9485,0.9999132
808,650.62,222.86807,0.9958853
809,655.56,228.57764,0.9982167
810,661.28,221.45258,0.992119
811,654.1,219.24438,0.9509685
812,651.78,221.81255,0.99928916
813,654.35,222.49232,0.999693
814,655.03,224.45229,0.99998164
815,656.99,222.51291,0.9996731
816,655.05,192.14417,0.9999583
817,624.68,173.73645,0.99987566
818,606.27,114.93933,0.99995077
819,547.47,133.8129,0.9996594
820,566.35,145.75171,0.99990296
821,578.29,142.50449,0.9991373
822,575.04,155.22327,0.99847096
823,587.78,159.91048,0.9549693
824,592.69,158.27507,0.9971532
825,591.05,155.0279,0.99912316
826,587.8,159.32275,0.99880993
827,592.1,156.34348,0.99968714
828,589.12,154.79163,0.99466443
829,587.56,152.82358,0.99899805
830,585.59,137.71008,0.99956954
831,570.47,134.48245,0.9992518
832,567.24,144.66547,0.9983531
833,577.44,140.47148,0.99350244
834,573.22,141.5252,0.95823276
835,574.32,142.78995,0.9662453
836,575.63,148.8137,0.99241716
837,581.7,148.4245,0.9977756
838,581.31,153.86168,0.9994833
839,586.75,150.52184,0.9999516
840,583.41,147.29189,0.9999839
841,580.18,144.8719,0.9999953
842,577.76,146.76189,0.9999963
843,579.65,137.06203,0.99998516
844,569.95,141.02136,0.99994266
845,573.91,141.21889,0.98881686
846,574.11,144.59064,0.9946562
847,577.5,142.56465,0.99800813
848,575.47,139.40271,0.9974343
849,572.3,142.6408,0.99940795
850,575.54,165.3019,0.99960786
851,598.21,175.71901,0.9997235
852,608.63,173.67935,0.9998336
853,606.59,177.52872,0.99983567
854,610.44,181.62804,0.99983734
855,614.54,193.40697,0.9999088
856,626.32,189.94719,0.99993485
857,622.86,190.59697,0.9997139
858,623.51,173.82413,0.9989772
859,606.72,175.34203,0.99863887
860,608.24,176.34145,0.9994218
861,609.24,177.781,0.9996987
862,610.68,174.2621,0.9996893
863,607.16,174.07217,0.9995459
864,606.97,173.08266,0.9995041
865,605.98,176.97235,0.99992466
866,609.87,176.33238,0.99995726
867,609.23,175.41241,0.99996203
868,608.31,164.25356,0.9998983
869,597.15,163.40364,0.9998963
870,596.3,169.94255,0.999833
871,602.84,169.72256,0.999867
872,602.62,167.93292,0.9997938
873,600.83,175.13745,0.9992577
874,608.04,173.27435,0.99624324
875,606.17,171.84407,0.99324137
876,604.73,172.79755,0.9934172
877,605.69,176.8326,0.9987768
878,609.73,181.07806,0.9989504
879,613.98,177.9967,0.99718064
880,610.89,179.23514,0.99875367
881,612.13,177.30618,0.99944675
882,610.2,179.6158,0.99983376
883,612.51,180.12575,0.9998805
884,613.02,184.22505,0.9998375
885,617.12,186.2138,0.9993712
886,619.11,183.85512,0.9994396
887,616.75,186.09424,0.99961245
888,618.99,208.1691,0.9997669
889,641.07,203.29053,0.9997071
890,636.19,203.89038,0.9997842
891,636.79,207.47934,0.99970865
892,640.38,205.74971,0.9997866
893,638.65,208.72943,0.99991155
894,641.63,206.28967,0.99990094
895,639.19,205.05998,0.99973637
896,637.96,197.62411,0.99944377
897,630.52,197.96385,0.9992864
898,630.86,199.93349,0.9998189
899,632.83,224.38603,0.99969494
900,657.29,224.16606,0.9998037
901,657.07,220.85703,0.99970925
902,653.76,224.68486,0.99943846
903,657.59,245.38725,0.9996336
904,678.3,255.39642,0.99991685
905,688.31,256.73633,0.9999413
906,689.65,281.56195,0.99982315
907,714.48,268.94748,0.99956167
908,701.86,268.05792,0.999463
909,700.97,296.87448,0.9998807
910,729.79,307.91156,0.9997337
911,740.83,255.79414,0.99975747
912,688.7,270.3046,0.99866074
913,703.23,270.4937,0.9961362
914,703.42,278.5902,0.9995693
915,711.52,270.20047,0.9999679
916,703.13,276.91986,0.9999105
917,709.85,290.33682,0.9997723
918,723.27,282.59894,0.99972194
919,715.53,283.47894,0.999987
920,716.41,272.11914,0.99998236
921,705.05,269.0995,0.9998829
922,702.03,272.08932,0.9999482
923,705.02,278.6874,0.9997097
924,711.62,311.25916,0.9997471
925,744.2,308.04178,0.9991748
926,740.98,318.6461,0.99946535
927,751.59,318.6758,0.9990526
928,751.62,298.23236,0.9928736
929,731.03,306.43713,0.99815243
930,739.25,318.52524,0.9990184
931,751.35,311.7709,0.99915934
932,744.59,307.47714,0.9985481
933,740.29,308.83533,0.9986882
934,741.65,302.568,0.9995716
935,735.38,299.219,0.9996956
936,732.03,302.99893,0.999976
937,735.81,302.78885,0.9999775
938,735.6,312.85864,0.99800503
939,745.69,323.9329,0.9994822
940,756.77,345.09927,0.99982935
941,777.94,338.31995,0.9999004
942,771.16,341.02942,0.99980044
943,773.87,325.8613,0.99987644
944,758.7,331.3809,0.99992764
945,764.22,335.29056,0.99991775
946,768.13,337.9701,0.99983734
947,770.81,339.94794,0.9990707
948,772.79,341.79025,0.99083555
949,774.65,336.9935,0.97477734
950,769.73,347.30484,0.99531955
951,780.09,347.77475,0.99978805
952,780.56,348.6946,0.9998404
953,781.48,345.30515,0.9998391
954,778.09,352.124,0.9998323
955,784.91,358.0424,0.9997309
956,790.83,357.74243,0.99991274
957,790.53,359.92233,0.9999679
958,792.71,368.0916,0.9999116
959,800.88,401.48465,0.9997914
960,834.28,431.74075,0.9998717
961,864.54,489.1631,0.99969286
962,921.98,466.02155,0.9992005
963,898.82,463.3882,0.9974591
964,896.18,474.77872,0.9965535
965,907.61,500.3499,0.99926627
966,933.2,543.0686,0.9999701
967,975.92,540.6487,0.999963
968,973.5,528.39264,0.9996779
969,961.24,530.8915,0.999523
970,963.74,565.46106,0.9994115
971,998.33,588.8809,0.9999946
972,1021.75,610.9706,0.9999826
973,1043.84,721.85223,0.99992484
974,1154.73,580.5356,0.99976367
975,1013.38,469.35977,0.99996257
976,902.2,475.74973,0.9999935
977,908.59,478.3597,0.999996
978,911.2,469.98972,0.99999934
979,902.83,474.83963,0.9999869
980,907.68,344.99988,0.999379
981,777.76,371.76602,0.98879147
982,804.83,390.916,0.9999981
983,823.98,385.346,0.9999946
984,818.41,388.69107,0.99992716
985,821.8,387.52997,-0.11738949
986,831.53,414.684,0.35538635
987,907.94,407.63458,0.32938915
988,886.62,420.08453,0.9999974
989,899.07,416.00867,0.9997168
990,895.03,417.96063,0.074173056
991,921.79,415.7558,-0.7485551
992,924.67,413.99686,0.47623357
993,921.01,389.22253,0.8746771
994,892.69,397.66043,0.96106505
995,901.54,385.98358,-0.72733957
996,917.59,384.1833,-0.80317867
997,919.75,385.7095,0.8331021
998,921.59,383.6196,0.99996066
999,919.5,384.49957,0.9999966
1000,920.38,434.51312,0.9998712
1001,970.4,453.13312,0.99999946
1002,989.02,475.9131,0.99999774
1003,1011.8,494.02304,0.99999803
1004,1029.91,507.01303,0.99999875
1005,1042.9,491.45303,0.99999917
1006,1027.34,502.26303,0.9999992
1007,1038.15,525.46027,0.9998813
1008,1061.35,527.1798,0.99977416
1009,1063.07,458.59277,0.99849576
1010,994.38,452.94354,0.98924977
1011,988.67,468.3045,0.9734947
1012,1004.45,463.06998,0.9932136
1013,999.18,454.53006,0.9999902
1014,990.64,468.43347,0.99952763
1015,1004.55,471.36044,0.9989859
1016,1007.48,491.3175,0.9998517
1017,1027.44,510.08743,0.99999756
1018,1046.21,518.2974,0.9999957
1019,1054.42,511.74756,0.9999776
1020,1047.87,543.8518,0.99982166
1021,1079.98,579.1668,0.9998582
1022,1115.3,581.30646,0.9998213
1023,1117.44,630.5735,0.9997431
1024,1166.72,637.4821,0.99349093
1025,1173.68,612.3539,0.8413579
1026,1143.84,618.4914,0.28853387
1027,1165.2,632.1969,0.9281187
1028,1179.97,632.1969,0.998178
1029,1179.97,674.66486,0.9985453
1030,1222.5,703.0058,0.99407846
1031,1251.01,726.9833,0.99989647
1032,1274.99,707.14514,0.9999059
1033,1255.15,719.1151,0.9999978
1034,1267.12,724.82513,0.99999857
1035,1272.83,675.53516,0.99999905
1036,1223.54,601.9954,0.9999966
1037,1150.0,640.4847,0.99998116
1038,1188.49,568.71545,0.9999898
1039,1116.72,627.8252,0.99999636
1040,1175.83,673.3739,0.9999715
1041,1221.38,683.91077,0.9996997
1042,1231.92,691.9882,0.99969316
1043,1240.0,701.5857,0.99869746
1044,1249.61,639.7916,0.9999036
1045,1187.81,552.2214,0.9998864
1046,1100.23,426.53564,0.9942684
1047,973.82,489.44733,0.9998699
1048,1036.74,506.87924,0.9966819
1049,1054.23,573.0915,0.9985261
1050,1120.54,501.67963,0.99927837
1051,1049.14,507.83136,-0.5846051
1052,1038.59,606.9387,-0.98100454
1053,937.52,610.0124,0.08819763
1054,972.78,603.99475,0.9929917
1055,966.72,682.3507,0.9912214
1056,1045.77,683.64075,0.98857546
1057,1047.15,689.787,-0.8664183
1058,1039.97,676.24713,0.9999913
1059,1026.43,721.6065,0.999987
1060,1071.79,730.31647,0.99999714
1061,1080.5,751.9816,0.9999583
1062,1102.17,789.4326,0.9012167
1063,1143.81,799.88525,-0.9903613
1064,1133.25,807.01794,-0.8508394
1065,1124.78,864.7497,0.99709624
1066,1182.68,858.96985,0.99997544
1067,1176.9,858.0199,0.9999868
1068,1175.95,869.9398,0.99999726
1069,1187.87,869.1998,0.9999955
1070,1187.13,887.0797,0.9999915
1071,1205.01,882.4397,0.9999994
1072,1200.37,851.34955,0.99999875
1073,1169.28,849.6179,0.99506176
1074,1167.54,854.59766,0.9999443
1075,1172.52,865.01764,0.9999994
1076,1182.94,875.9876,0.99999934
1077,1193.91,893.7476,0.99999905
1078,1211.67,892.36755,0.99999624
1079,1210.29,911.1136,0.9976655
1080,1229.08,904.0843,0.99990046
1081,1222.05,913.7418,0.99974805
1082,1231.71,889.2426,0.9999676
1083,1207.21,932.1777,0.9998851
1084,1250.15,947.5067,0.99932206
1085,1265.49,962.8775,0.98597014
1086,1281.08,999.48627,0.9988872
1087,1317.73,998.25165,0.98759234
1088,1316.48,1003.51086,0.99050623
1089,1321.79,1029.5994,0.9995615
1090,1347.89,1103.0685,0.9967337
1091,1421.6,1134.2427,0.99853605
1092,1452.82,1171.5002,0.9996639
1093,1490.09,1219.0632,0.99964356
1094,1537.67,1236.8369,0.9996455
1095,1555.45,1260.1866,0.9999897
1096,1578.8,1278.0967,0.99999696
1097,1596.71,1404.7362,0.9999967
1098,1723.35,1436.746,0.9999938
1099,1755.36,1468.514,0.999939
1100,1787.13,1529.9526,0.99997586
1101,1848.57,1405.633,0.99991614
1102,1724.24,1486.3029,0.9999982
1103,1804.91,1490.3029,0.99999815
1104,1808.91,1419.8229,0.99999946
1105,1738.43,1415.8429,0.9999979
1106,1734.45,1520.4819,0.9999904
1107,1839.09,1570.0419,0.9999995
1108,1888.65,1669.1018,0.99999976
1109,1987.71,1766.1217,0.99999887
1110,2084.73,1722.5922,0.99998885
1111,2041.2,1854.7908,0.99998945
1112,2173.4,2001.8102,0.99999523
1113,2320.42,2125.03,0.9999992
1114,2443.64,1986.3704,0.9999974
1115,2304.98,1883.8119,0.99998575
1116,2202.42,1720.2695,0.99995273
1117,2038.87,1837.1995,0.9999991
1118,2155.8,1937.0095,0.9999998
1119,2255.61,1856.8693,0.9999977
1120,2175.47,1966.7854,0.99148846
1121,2286.41,1845.3038,-0.9994367
1122,2407.88,1925.9615,0.99984723
1123,2488.55,1952.7615,0.9999993
1124,2515.35,1949.2216,0.99998945
1125,2511.81,2124.2197,0.99999267
1126,2686.81,2298.3662,0.98771894
1127,2863.2,2422.2043,-0.9455929
1128,2732.16,2485.4158,0.86147
1129,2805.62,2468.1357,-0.9456919
1130,2823.81,2591.7993,0.9980913
1131,2947.71,2602.1992,0.99999887
1132,2958.11,2303.7202,0.9999965
1133,2659.63,2361.0273,0.9999091
1134,2717.02,2559.498,-0.9425517
1135,2506.37,2517.7085,0.99999195
1136,2464.58,2571.6782,0.99999464
1137,2518.56,2674.5886,0.7494928
1138,2655.88,2566.9685,0.99999833
1139,2548.29,2576.9863,0.24323308
1140,2589.6,2708.1816,0.99307805
1141,2721.79,2740.8276,-0.9988775
1142,2689.1,2727.4456,-0.81603724
1143,2705.41,2766.865,0.99984974
1144,2744.91,2884.5425,-0.8646108
1145,2608.72,2865.544,0.9838328
1146,2589.41,2754.5842,0.9999974
1147,2478.45,2828.584,0.9999957
1148,2552.45,2850.823,0.99903995
1149,2574.79,2885.7283,-0.98409545
1150,2539.32,2944.1099,-0.9983155
1151,2480.84,2990.3767,-0.999503
1152,2434.55,2918.3962,-0.99973184
1153,2506.47,2975.9856,0.99999845
1154,2564.06,3013.0813,0.9871262
1155,2601.64,3013.3672,0.99999815
1156,2601.99,3009.3901,-0.60292
1157,2608.56,3099.2058,-0.9998393
1158,2518.66,3138.4414,0.74498606
1159,2571.34,3085.5415,0.99999917
1160,2518.44,2939.6338,0.99999404
1161,2372.56,2929.7087,0.28396845
1162,2337.79,2868.732,-0.9988012
1163,2398.84,2909.4468,-0.9964525
1164,2357.9,2784.817,0.9999338
1165,2233.34,3009.21,-0.9569839
1166,1998.86,3075.9753,-0.96819234
1167,1929.82,3373.8037,0.9974494
1168,2228.41,3464.2737,0.99999934
1169,2318.88,3418.8237,0.99999917
1170,2273.43,3962.894,0.99995536
1171,2817.6,4095.1423,-0.8831005
1172,2667.76,4237.5024,0.9999991
1173,2810.12,4157.751,0.9999956
1174,2730.4,4162.8276,0.20883997
1175,2754.86,3984.526,0.9995606
1176,2576.48,3937.4846,0.99997526
1177,2529.45,4035.0107,0.6852895
1178,2671.78,4167.0205,0.9625224
1179,2809.01,4246.839,-0.9677459
1180,2726.45,4277.564,0.99999547
1181,2757.18,4382.1787,0.8859866
1182,2875.34,4531.751,-0.95269376
1183,2718.26,4524.3706,0.97219986
1184,2710.67,4618.4106,0.99978715
1185,2804.73,4709.5703,0.9999923
1186,2895.89,5066.59,0.99999875
1187,3252.91,5027.6196,0.99999356
1188,3213.94,5192.505,0.9993992
1189,3378.94,5217.4077,0.6077536
1190,3419.94,5140.412,0.9938688
1191,3342.47,5179.222,0.9999989
1192,3381.28,5448.559,0.9999893
1193,3650.62,5681.5396,0.99526024
1194,3884.71,5870.031,0.9996941
1195,4073.26,6116.2837,0.9780036
1196,4325.13,6251.0425,-0.94106823
1197,4181.93,6056.373,-0.9998433
1198,4376.63,6101.0537,-0.99600655
1199,4331.69,5931.2,0.9928885
1200,4160.62,5964.1406,0.99755543
1201,4193.7,6013.989,-0.47027886
1202,4087.66,6098.0903,-0.97963214
1203,4001.74,6169.632,0.72435045
1204,4100.52,6219.5522,0.97885364
1205,4151.52,6402.7075,0.9999733
1206,4334.68,6439.524,0.9991455
1207,4371.6,6454.8203,-0.80039614
1208,4352.4,6484.5605,0.97577554
1209,4382.88,6484.353,0.93859684
1210,4382.66,6673.8276,0.9649393
1211,4579.02,6660.884,0.94325835
1212,4565.3,6798.859,0.99916655
1213,4703.39,6987.115,0.99807215
1214,4892.01,6674.3706,0.9984173
1215,4578.77,6678.4795,0.9996764
1216,4582.96,7024.3,-0.9978366
1217,4236.31,7164.5015,0.9998706
1218,4376.53,7385.012,0.9999929
1219,4597.12,7382.401,-0.94538593
1220,4599.88,7752.678,-0.9977033
1221,4228.75,7755.2876,-0.99889684
1222,4226.06,7657.278,0.9504226
1223,4122.94,7695.608,0.9999999
1224,4161.27,7665.0684,0.9999867
1225,4130.81,7912.6396,-0.9973864
1226,3882.59,8640.1455,-0.99991757
1227,3154.95,9053.332,0.85623336
1228,3637.52,9040.855,0.9997634
1229,3625.04,8998.695,0.9999837
1230,3582.88,9480.911,0.99994767
1231,4065.2,9619.022,-0.9848934
1232,3924.97,9638.036,-0.99972355
1233,3905.95,9905.45,-0.97301805
1234,3631.04,9905.116,0.97956574
1235,3630.7,10066.815,0.9999967
1236,3792.4,9957.255,0.9999993
1237,3682.84,10195.215,0.9786551
1238,3926.07,10228.452,-0.9880396
1239,3892.35,10532.481,0.9860892
1240,4200.67,10507.889,0.9479941
1241,4174.73,10496.229,0.9999979
1242,4163.07,10671.863,0.9999992
1243,4338.71,10728.78,0.8753123
1244,4403.74,10734.356,0.9993267
1245,4409.32,10642.518,0.9999917
1246,4317.48,10554.397,0.9999982
1247,4229.36,10653.445,0.999986
1248,4328.41,10694.987,0.9797792
1249,4370.81,10750.993,0.99867713
1250,4426.89,10934.582,0.99999744
1251,4610.48,11094.842,0.9925694
1252,4772.02,11084.856,-0.99678123
1253,4781.99,11093.16,0.18736534
1254,4826.48,11711.384,0.9964434
1255,5446.91,11911.684,0.9999988
1256,5647.21,12096.26,0.9999898
1257,5831.79,11950.926,0.94616824
1258,5678.19,11997.815,0.98922604
1259,5725.59,11877.777,0.99964666
1260,5605.51,11862.957,0.99999964
1261,5590.69,11980.787,0.99999994
1262,5708.52,12283.58,0.9998087
1263,6011.45,12263.772,-0.9829718
1264,6031.6,12286.935,-0.9992629
1265,6008.42,12362.597,-0.9687946
1266,5930.32,12756.862,-0.97687346
1267,5526.64,12980.917,0.9995331
1268,5750.8,13134.87,0.99999833
1269,5904.83,13251.053,-0.9381166
1270,5780.9,13223.251,0.99970645
1271,5753.09,13624.007,0.9999895
1272,6153.85,13600.6875,0.9999687
1273,6130.53,13938.454,0.99969345
1274,6468.4,14237.159,0.9993162
1275,6767.31,14547.456,0.99713045
1276,7078.5,14676.647,0.99946904
1277,7207.76,14848.566,0.9984389
1278,7379.95,14873.832,0.92275995
1279,7407.41,15217.508,-0.89367366
1280,7022.76,15339.115,0.99989796
1281,7144.38,15654.424,0.99999547
1282,7459.69,15338.314,0.9999996
1283,7143.58,14812.799,0.9999914
1284,6618.14,15072.698,-0.99754137
1285,6357.6,15480.105,-0.9998947
1286,5950.07,16087.277,0.99631083
1287,6559.49,16163.537,0.99999917
1288,6635.75,16843.324,0.99999636
1289,7315.54,17399.475,0.9999988
1290,7871.69,17236.871,0.9994092
1291,7708.99,17317.99,0.9995193
1292,7790.15,17564.256,0.9997014
1293,8036.49,17720.75,0.95379716
1294,8200.64,17828.516,-0.83350563
1295,8071.26,18008.537,0.98755264
1296,8253.55,17793.805,0.99977314
1297,8038.77,18008.723,0.9999864
1298,8253.69,18543.578,0.99557954
1299,8790.92,19083.207,0.999998
1300,9330.55,19571.002,0.9999989
1301,9818.35,19791.15,0.91585606
1302,10058.8,19933.945,-0.8394737
1303,9888.61,20278.89,0.9998685
1304,10233.6,21020.844,0.99993885
1305,10975.6,21117.998,0.9815099
1306,11074.6,21259.432,0.5689898
1307,11323.2,21591.963,0.9956043
1308,11657.2,21845.727,0.97791046
1309,11916.7,23947.451,0.88501847
1310,14291.5,25573.164,0.45057687
1311,17899.7,26901.727,-0.9986929
1312,16569.4,28292.143,-0.9994938
1313,15178.2,28566.61,0.9901413
1314,15455.4,30031.285,0.9887102
1315,16936.8,30507.93,0.99608135
1316,17415.4,31509.834,-0.994817
1317,16408.2,31648.47,0.8898689
1318,16564.0,32791.01,0.99968773
1319,17706.9,34419.945,0.9098086
1320,19497.4,34772.242,-0.9879344
1321,19140.8,34798.695,-0.99458903
1322,19114.2,35975.035,-0.8795086
1323,17776.7,37126.535,-0.99948
1324,16624.6,37948.066,-0.99979466
1325,15802.9,39918.74,-0.9998223
1326,13831.8,40695.066,0.8950888
1327,14699.2,41438.895,-0.9618652
1328,13925.8,41539.383,0.9969203
1329,14026.6,43572.168,0.9805436
1330,16099.8,43831.766,-0.99349284
1331,15838.5,45063.727,-0.99997026
1332,14606.5,45014.938,-0.9815217
1333,14656.2,46365.312,-0.792512
1334,12952.2,47428.414,0.8828838
1335,14156.4,47838.88,-0.8223926
1336,13657.2,49149.285,0.98906195
1337,14982.1,49368.086,0.99989986
1338,15201.0,48977.594,-0.9804631
1339,15599.2,50511.504,0.8380815
1340,17429.5,50522.0,0.10811586
1341,17527.0,51567.43,-0.99621516
1342,16477.6,52848.992,-0.9801649
1343,15170.1,53412.645,-0.9807773
1344,14595.4,53034.89,-0.99959797
1345,14973.3,54368.77,-0.85100484
1346,13405.8,54943.562,0.9999891
1347,13980.6,55321.566,0.9960065
1348,14360.2,55901.824,-0.9865006
1349,13772.0,55854.15,-0.99743664
1350,13819.8,58179.09,-0.99812907
1351,11490.5,58480.98,-0.9999627
1352,11188.6,58194.67,-0.9997421
1353,11474.9,58324.133,0.9770606
1354,11607.4,59615.04,0.99936986
1355,12899.2,60894.727,-0.98505735
1356,11600.1,61563.41,-0.9999768
1357,10931.4,61625.914,-0.99212116
1358,10868.4,61135.207,-0.99940485
1359,11359.4,61234.883,-0.9967924
1360,11259.4,61319.27,-0.9598085
1361,11171.4,61584.336,0.984294
1362,11440.7,61874.527,0.83989143
1363,11786.3,62354.95,-0.9806558
1364,11296.4,63544.82,-0.9998069
1365,10106.3,63430.02,-0.9999987
1366,10221.1,64480.58,-0.9999986
1367,9170.54,64818.125,-0.9936192
1368,8830.75,65130.34,0.9073992
1369,9174.91,66025.91,-0.99740326
1370,8277.01,67264.086,-0.93683845
1371,6955.27,68055.22,0.9905904
1372,7754.0,68185.83,-0.9848507
1373,7621.3,68830.12,0.99999833
1374,8265.59,69301.43,0.99999547
1375,8736.98,69410.03,-0.9437466
1376,8621.9,69901.914,-0.99990505
1377,8129.97,69105.38,-0.99991375
1378,8926.57,69431.99,-0.9952151
1379,8598.31,70328.31,0.9999936
1380,9494.63,71000.04,0.9999524
1381,10166.4,71059.17,0.876023
1382,10233.9,71852.234,0.9025071
1383,11112.7,72166.33,-0.5599862
1384,10551.8,71840.0,-0.4844502
1385,11225.3,72005.89,0.93031305
1386,11403.7,72699.516,-0.9724154
1387,10690.4,73376.64,-0.98793405
1388,10005.0,73080.57,-0.9999106
1389,10301.1,73568.59,-0.9999968
1390,9813.07,73713.195,-0.975336
1391,9664.73,74405.62,0.986404
1392,10366.7,74717.81,0.87000036
1393,10725.6,74850.57,-0.40528744
1394,10397.9,75398.73,0.99106586
1395,10951.0,75534.08,0.9997246
1396,11086.4,75845.46,0.77226603
1397,11489.7,75822.55,-0.9998828
1398,11512.6,75795.2,-0.45016077
1399,11573.3,76475.13,-0.8569882
1400,10779.9,77289.46,-0.9999996
1401,9965.57,77860.02,-0.9999981
1402,9395.01,77917.48,-0.9999791
1403,9337.55,78358.88,-0.93623024
1404,8866.0,79032.83,0.94582725
1405,9578.63,79403.34,-0.99198055
1406,9205.12,79413.62,-0.999994
1407,9194.85,80338.555,-0.99989647
1408,8269.81,80307.51,-0.99998665
1409,8300.86,80270.02,-0.99995434
1410,8338.35,80690.61,-0.9980994
1411,7916.88,80996.7,0.99769825
1412,8223.68,81403.64,0.99993265
1413,8630.65,81656.6,0.8944241
1414,8913.47,81672.33,0.9997168
1415,8929.28,81866.66,-0.9681438
1416,8728.47,82014.31,0.97740066
1417,8879.62,82217.43,-0.9603501
1418,8668.12,82389.75,-0.99990207
1419,8495.78,82676.12,-0.9999511
1420,8209.4,83051.89,-0.99843776
1421,7833.04,82930.47,-0.99985546
1422,7954.48,83711.37,-0.9900153
1423,7165.7,83935.65,-0.81522495
1424,6890.52,83973.01,0.45064992
1425,6973.53,84071.36,-0.7611711
1426,6844.23,84310.92,0.9999911
1427,7083.8,84681.766,0.99627805
1428,7456.11,85282.92,-0.9981489
1429,6853.84,85325.24,-0.9988688
1430,6811.47,85500.06,-0.99854153
1431,6636.32,85774.82,0.9999644
1432,6911.09,85887.17,0.9999882
1433,7023.52,86122.41,-0.93056333
1434,6770.73,86058.375,-0.9999948
1435,6834.76,85927.72,-0.9776713
1436,6968.32,86848.46,0.99979883
1437,7889.25,86855.17,0.9999965
1438,7895.96,86945.43,0.999754
1439,7986.24,87287.766,0.99842966
1440,8329.11,87017.45,0.99951506
1441,8058.67,86860.875,0.9999912
1442,7902.09,87122.2,0.99999434
1443,8163.42,87253.086,0.9999599
1444,8294.31,87804.6,0.9999962
1445,8845.83,87851.92,0.9526583
1446,8895.58,87938.69,-0.9325687
1447,8802.46,88067.1,0.99996674
1448,8930.88,88830.055,0.9953164
1449,9697.5,89659.625,-0.97404516
1450,8845.74,90095.4,0.9999997
1451,9281.51,89800.94,0.99998254
1452,8987.05,90136.625,0.9287676
1453,9348.48,90207.19,0.9997663
1454,9419.08,90108.22,0.55425024
1455,9240.55,89993.3,0.9455793
1456,9119.01,90106.1,0.96496373
1457,9235.92,90525.3,0.8254164
1458,9743.86,90566.92,-0.96597165
1459,9700.76,90409.54,-0.99996936
1460,9858.15,90612.89,-0.9999971
1461,9654.8,90894.68,-0.99999964
1462,9373.01,91032.8,-0.9999917
1463,9234.82,91105.59,0.8064771
1464,9325.18,91384.75,-0.992569
1465,9043.94,91987.195,-0.9999993
1466,8441.49,91923.8,-0.9999683
1467,8504.89,91704.71,-0.99999523
1468,8723.94,91704.53,0.019436179
1469,8716.79,91910.85,-0.999561
1470,8510.38,92052.3,-0.999823
1471,8368.83,91777.836,0.9998107
1472,8094.32,91933.73,0.9952081
1473,8250.97,91930.586,0.8266995
1474,8247.18,92196.62,0.99983585
1475,8513.25,92102.305,0.9996565
1476,8418.99,92479.48,-0.9998894
1477,8041.78,92963.4,-0.9999739
1478,7557.82,92953.3,-0.340197
1479,7587.34,92846.1,0.9999747
1480,7480.14,92721.766,0.99999315
1481,7355.88,92711.14,-0.8605524
1482,7368.22,92943.266,-0.99987054
1483,7135.99,93279.52,0.9992221
1484,7472.59,93345.43,-0.9987379
1485,7406.52,93433.08,0.99999595
1486,7494.17,93480.35,0.9999869
1487,7541.45,93560.06,0.78221345
1488,7643.45,93483.336,-0.99910635
1489,7720.25,93688.74,-0.99857706
1490,7514.47,93808.02,0.99999833
1491,7633.76,93827.125,0.94446945
1492,7653.98,93850.99,0.9872307
1493,7678.24,93901.84,-0.95361084
1494,7624.92,93993.12,-0.98215735
1495,7531.98,94673.81,-0.9126006
1496,6786.02,94787.16,0.9381545
1497,6906.92,95104.46,-0.9779007
1498,6582.36,94872.0,0.99999994
1499,6349.9,95197.44,0.9999433
1500,6675.35,94978.586,0.9999992
1501,6456.58,94886.305,-0.98611957
1502,6550.16,94937.055,-0.9988864
1503,6499.27,95172.4,0.9991048
1504,6734.82,95207.44,0.9999739
1505,6769.94,95200.87,-0.9941867
1506,6776.55,95247.67,-0.9999975
1507,6729.74,95876.234,-0.9730524
1508,6083.69,95954.914,0.99862784
1509,6162.48,95965.62,0.9953307
1510,6173.23,96041.56,0.9999942
1511,6249.18,95886.28,0.9980234
1512,6093.67,95822.86,-0.9994214
1513,6157.13,96068.56,-0.96884626
1514,5903.44,96383.12,0.9990203
1515,6218.3,96568.82,0.99999726
1516,6404.0,96550.64,0.9999987
1517,6385.82,96778.95,0.99999523
1518,6614.18,96785.98,-0.08337221
1519,6529.59,96824.15,0.56184494
1520,6597.55,96865.69,0.9987817
1521,6639.14,96900.05,0.9999949
1522,6673.5,97081.336,0.9887656
1523,6856.93,97164.15,-0.9971537
1524,6773.88,97196.27,-0.99981964
1525,6741.75,97599.72,-0.9799101
1526,6329.95,97662.74,0.97325176
1527,6394.71,97496.84,0.9999991
1528,6228.81,97506.086,0.9999951
1529,6238.05,97544.16,0.99999243
1530,6276.12,97627.67,0.9999852
1531,6359.64,98009.78,0.99999976
1532,6741.75,98589.07,0.99999845
1533,7321.04,98635.93,0.94206506
1534,7370.78,98731.93,0.99990106
1535,7466.86,98809.58,-0.689414
1536,7354.13,98873.766,0.9850012
1537,7419.29,98872.96,0.9999901
1538,7418.49,99165.586,0.9999976
1539,7711.11,99878.59,0.99989676
1540,8424.27,100105.08,-0.9325162
1541,8181.39,100334.66,-0.9993211
1542,7951.58,100545.65,0.98860854
1543,8165.01,100571.56,0.95471364
1544,8192.15,100597.87,0.99999994
1545,8218.46,100559.81,0.9999988
1546,8180.48,100957.11,-0.9931527
1547,7780.44,101110.42,-0.9862244
1548,7624.91,101053.45,0.9851559
1549,7567.15,101131.09,-0.58497167
1550,7434.39,101530.734,-0.99525374
1551,7032.85,101495.1,-0.9999424
1552,7068.48,101611.78,-0.9999982
1553,6951.8,101810.46,-0.99999976
1554,6753.12,102257.78,-0.99999726
1555,6305.8,101995.38,-0.9998898
1556,6568.23,102374.4,-0.9884461
1557,6184.71,102472.66,0.88513905
1558,6295.73,102499.53,0.9996438
1559,6322.69,102524.63,-0.99935454
1560,6297.57,102622.39,-0.9997272
1561,6199.71,102724.16,0.93533754
1562,6308.52,102750.37,0.9999357
1563,6334.73,102989.516,0.97287166
1564,6580.63,103143.57,-0.982512
1565,6423.76,103222.15,0.95562994
1566,6506.07,103415.62,-0.97977734
1567,6308.53,103595.84,0.999992
1568,6488.76,103483.79,0.99999976
1569,6376.71,103641.96,0.9999994
1570,6534.88,103826.875,0.9991006
1571,6719.96,103870.1,0.9999961
1572,6763.19,103814.17,0.9999998
1573,6707.26,103991.55,0.9999867
1574,6884.64,104168.01,0.8340142
1575,7096.28,104184.305,-0.33284923
1576,7047.16,104118.53,0.95418257
1577,6978.23,104177.836,0.99916506
1578,7037.58,104333.5,0.99998575
1579,7193.25,104412.98,0.9999997
1580,7272.72,104400.31,0.999748
1581,7260.06,104501.79,0.99956465
1582,7361.66,105068.414,-0.9961251
1583,6792.83,105291.58,-0.84644544
1584,6529.17,105351.914,-0.97284734
1585,6467.07,105111.055,0.9990641
1586,6225.98,105185.93,0.99999833
1587,6300.86,105214.69,0.9998587
1588,6329.7,105223.19,-0.99989367
1589,6321.2,105192.516,-0.99971175
1590,6351.8,105355.78,0.98643774
1591,6517.31,105351.18,0.9999672
1592,6512.71,105380.984,0.9801667
1593,6543.2,105407.01,-0.999971
1594,6517.18,105642.875,-0.99987954
1595,6281.2,105730.56,0.97320455
1596,6371.3,105757.805,0.9999651
1597,6398.54,105878.93,0.99999166
1598,6519.67,106093.8,0.9984595
1599,6734.95,106106.76,-0.999251
1600,6721.98,106118.1,-0.99921113
1601,6710.63,106229.91,-0.971071
1602,6595.41,106080.97,0.9999941
1603,6446.47,106129.5,0.9999963
1604,6495.0,106311.13,0.99937254
1605,6676.75,106278.61,0.9971662
1606,6644.13,106236.49,0.9986528
1607,6601.96,106259.89,0.9948492
1608,6625.56,106295.18,-0.98198336
1609,6589.62,106325.72,-0.9132281
1610,6556.1,106272.22,0.999836
1611,6502.59,106346.3,0.999782
1612,6576.69,106385.4,0.8556051
1613,6622.48,106416.66,-0.9168819
1614,6588.31,106431.3,0.9999991
1615,6602.95,106480.57,0.9999795
1616,6652.23,106470.945,0.9959536
1617,6642.64,106528.01,-0.99922234
1618,6585.53,106851.625,-0.9830197
1619,6256.24,106869.96,0.99976707
1620,6274.58,106881.305,0.9999946
1621,6285.99,106877.945,-0.66600823
1622,6290.93,107183.42,0.9998108
1623,6596.54,107183.84,-0.99340713
1624,6596.11,107235.414,-0.99880195
1625,6544.43,107222.07,0.1966743
1626,6476.71,107210.77,0.9996614
1627,6465.41,107234.55,0.99999887
1628,6489.19,107227.664,0.99992275
1629,6482.35,107226.42,-0.25183305
1630,6487.16,107237.71,-0.99571854
1631,6475.74,107257.81,0.99999934
1632,6495.84,107238.26,0.9999994
1633,6476.29,107236.72,0.9997011
1634,6474.75,107241.77,0.9021416
1635,6480.38,107243.66,0.32008305
1636,6486.39,107343.45,-0.64910054
1637,6332.63,107341.914,-0.8912951
1638,6334.27,107325.26,0.9999988
1639,6317.61,107385.34,0.99999964
1640,6377.78,107374.69,-0.9999326
1641,6388.44,107401.58,-0.9893237
1642,6361.26,107386.64,-0.99997604
1643,6376.13,107418.46,0.7312901
1644,6419.66,107459.81,0.9999992
1645,6461.01,107528.81,0.99910223
1646,6530.14,107581.82,-0.69381356
1647,6453.72,107649.18,-0.9891855
1648,6385.62,107625.58,-0.9966785
1649,6409.22,107627.63,0.9999993
1650,6411.27,107587.63,0.9999995
1651,6371.27,107575.78,0.9998816
1652,6359.49,108112.44,-0.8639966
1653,5738.35,108200.54,-0.97550374
1654,5648.03,108267.63,-0.9266568
1655,5575.55,108246.41,0.99999964
1656,5554.33,108315.54,0.9999951
1657,5623.54,109064.1,-0.99535924
1658,4871.49,109482.94,-0.99828136
1659,4451.87,109565.87,0.5519047
1660,4602.17,109329.64,0.99999267
1661,4365.94,109310.734,0.9999887
1662,4347.11,109776.67,-0.9991301
1663,3880.76,109647.48,-0.99988997
1664,4009.97,109869.086,-0.960338
1665,3779.13,109910.67,0.9999981
1666,3820.72,110338.91,0.98079693
1667,4257.42,110317.48,-0.9999529
1668,4278.85,110562.54,-0.9371206
1669,4017.27,110725.0,0.8233346
1670,4214.67,110780.484,-0.7419643
1671,4139.88,111021.82,-0.9823518
1672,3894.13,111080.66,0.9387133
1673,3956.89,111273.61,-0.9509625
1674,3753.99,111506.49,-0.99998456
1675,3521.1,111607.61,-0.9996526
1676,3419.94,111557.79,-0.8859432
1677,3476.11,111651.38,0.67774916
1678,3614.23,111539.91,0.99914926
1679,3502.66,111461.84,0.9999653
1680,3424.59,111524.2,0.9999996
1681,3486.95,111350.93,0.99959904
1682,3313.68,111412.62,-0.86749893
1683,3242.48,111406.96,0.98848975
1684,3236.76,111423.03,0.9994631
1685,3252.84,111694.17,0.9255851
1686,3545.86,111544.18,-0.99807346
1687,3696.06,111594.07,0.99993205
1688,3745.95,111982.48,0.9999903
1689,4134.44,112216.836,-0.9853833
1690,3896.54,112274.49,0.49012932
1691,4014.18,112267.59,0.45271966
1692,3998.98,112342.516,0.9420073
1693,4078.6,112598.81,-0.97440255
1694,3815.49,112640.484,0.99859256
1695,3857.3,112842.86,-0.9999109
1696,3654.83,113111.08,0.9967717
1697,3923.92,113008.34,0.9922727
1698,3820.41,113028.05,0.43377274
1699,3865.95,113147.62,-0.97017604
1700,3742.7,113046.74,-0.99982584
1701,3843.52,113127.09,0.8045
1702,3943.41,113020.43,0.99999934
1703,3836.74,113041.39,0.9999916
1704,3857.72,113033.75,0.60933363
1705,3845.19,113235.65,0.8723854
1706,4076.63,113184.27,0.9998832
1707,4025.25,113189.79,0.99995106
1708,4030.85,113185.39,-0.9890366
1709,4035.3,113541.29,-0.998881
1710,3678.92,113549.74,0.99980885
1711,3687.37,113523.66,0.9998871
1712,3661.3,113452.85,0.6534115
1713,3552.95,113605.87,0.9999744
1714,3706.05,113681.086,-0.9980431
1715,3630.68,113656.68,-0.99996257
1716,3655.01,113680.14,0.9964134
1717,3678.56,113659.42,0.9986449
1718,3657.84,113684.0,0.3478065
1719,3728.57,113557.43,0.99221593
1720,3601.01,113532.45,0.999993
1721,3576.03,113560.98,0.99960667
1722,3604.58,113550.22,0.55180836
1723,3585.12,113565.96,0.9999994
1724,3600.87,113564.945,0.9209429
1725,3599.77,113566.945,0.76834136
1726,3602.46,113584.48,-0.9482675
1727,3583.97,113696.266,-0.9854456
1728,3470.45,113673.94,0.99983054
1729,3448.12,113709.51,0.93573403
1730,3486.18,113712.16,-0.09408602
1731,3457.79,113726.85,0.48922807
1732,3487.95,113693.81,-0.99770534
1733,3521.06,113748.85,-0.96603394
1734,3464.01,113744.445,0.90553856
1735,3459.15,113751.66,0.99989706
1736,3466.36,113699.07,0.9999491
1737,3413.77,113684.77,0.99949616
1738,3399.47,113914.83,0.86089873
1739,3666.78,113910.38,-0.9877695
1740,3671.2,113929.36,0.99979895
1741,3690.19,113895.625,0.80762
1742,3648.43,113900.25,0.90700674
1743,3653.53,113878.79,0.9999712
1744,3632.07,113863.6,0.9999945
1745,3616.88,113867.53,0.99999905
1746,3620.81,113876.42,0.9991867
1747,3629.79,113833.336,-0.9764558
1748,3673.84,114075.2,0.9999974
1749,3915.71,114106.58,0.9999962
1750,3947.09,114159.31,0.99999946
1751,3999.82,114113.61,0.9999966
1752,3954.12,114164.81,0.9959388
1753,4005.53,114301.69,0.99909604
1754,4142.53,113969.59,0.99999493
1755,3810.43,114041.86,0.99999917
1756,3882.7,114013.555,0.99892044
1757,3854.36,114010.24,0.9999986
1758,3851.05,114013.98,0.99870795
1759,3854.79,114018.766,0.9999515
1760,3859.58,114023.61,0.99999565
1761,3864.42,114006.37,0.999972
1762,3847.18,113920.75,0.99999624
1763,3761.56,114055.56,0.9999931
1764,3896.38,114063.04,0.98908734
1765,3903.94,114070.586,0.9999998
1766,3911.48,114060.234,0.99999887
1767,3901.13,114122.21,0.9968767
1768,3963.31,114111.875,0.8826119
1769,3951.6,114065.52,0.99956733
1770,3905.23,114069.45,0.99999607
1771,3909.16,114067.09,0.934967
1772,3906.72,114049.61,-0.9902671
1773,3924.37,114018.64,-0.847319
1774,3960.91,113933.45,-0.9691671
1775,4048.73,113909.97,0.9994081
1776,4025.23,113917.24,0.999973
1777,4032.51,113955.92,0.9999951
1778,4071.19,113972.22,0.9999962
1779,4087.48,113914.06,0.99999946
1780,4029.33,113908.7,0.99994487
1781,4023.97,113920.555,0.9994259
1782,4035.83,113906.9,0.9999941
1783,4022.17,113847.8,0.9999991
1784,3963.07,113869.805,0.99999756
1785,3985.08,113971.8,0.99998575
1786,4087.07,113953.836,0.9999933
1787,4069.11,113983.09,0.9999919
1788,4098.37,113991.34,0.9996385
1789,4106.66,113991.266,0.034232527
1790,4105.4,114044.05,0.99999225
1791,4158.18,114765.74,0.99999595
1792,4879.88,114858.88,0.99999654
1793,4973.02,114808.67,0.999781
1794,4922.8,114922.49,0.99998194
1795,5036.68,114913.69,-0.37812638
1796,5059.82,115052.766,0.99998796
1797,5198.9,115143.64,0.9999999
1798,5289.77,115058.83,0.9999946
1799,5204.96,115178.33,0.99990195
1800,5324.55,115420.07,-0.92985946
1801,5064.49,115445.12,0.99998367
1802,5089.54,115452.17,0.99999964
1803,5096.59,115523.3,0.9999999
1804,5167.72,115422.69,0.9999999
1805,5067.11,115585.21,0.96494174
1806,5235.56,115591.06,0.36066422
1807,5251.94,115545.5,-0.97917974
1808,5298.39,115550.86,0.9879383
1809,5303.81,115584.92,0.99967486
1810,5337.89,115561.56,0.9999585
1811,5314.53,115646.41,0.9999678
1812,5399.37,115819.36,0.9998221
1813,5572.36,115711.94,0.99936384
1814,5464.87,115457.59,0.99999356
1815,5210.52,115526.195,0.9979079
1816,5279.35,115537.08,-0.99012154
1817,5268.29,115551.26,0.8418009
1818,5285.14,115513.45,0.9999809
1819,5247.35,115596.61,0.8050686
1820,5350.73,115545.016,-0.99141586
1821,5402.7,115639.08,0.91706127
1822,5505.28,115902.09,0.99999934
1823,5768.29,115964.94,0.9999959
1824,5831.17,115960.73,0.11812834
1825,5795.71,115975.92,-0.31118658
1826,5746.81,115895.89,-0.9668817
1827,5829.5,116048.85,0.9999992
1828,5982.46,116240.92,0.9999999
1829,6174.53,116445.24,0.9999958
1830,6378.85,117255.04,0.98057514
1831,7204.77,117487.11,-0.99893755
1832,6972.37,118329.66,0.9999943
1833,7814.92,118509.15,0.99994737
1834,7994.42,118719.84,0.9997573
1835,8205.17,118399.516,0.9999745
1836,7884.91,118934.75,-0.9893614
1837,7343.9,118982.57,-0.658676
1838,7271.21,119907.41,0.9982309
1839,8197.69,119688.03,0.9999876
1840,7978.31,119673.05,0.99999934
1841,7963.33,119389.79,0.99999374
1842,7680.07,119591.42,0.99926
1843,7881.85,119689.984,0.9341615
1844,7987.37,119743.64,0.8233725
1845,8052.54,120336.74,0.95556873
1846,8673.22,120462.49,0.94917077
1847,8805.78,120541.48,-0.9203711
1848,8719.96,120598.91,-0.9497949
1849,8659.49,120938.93,-0.9999991
1850,8319.47,120683.9,-0.99999976
1851,8574.5,120694.375,-0.99999917
1852,8564.02,120515.445,-0.99994344
1853,8742.96,121044.29,-0.9903961
1854,8208.99,121497.555,-0.90443754
1855,7707.77,121555.69,0.4992054
1856,7824.23,121554.29,0.62620616
1857,7822.02,121770.16,0.972703
1858,8043.95,121680.41,0.99926656
1859,7954.13,121414.37,0.99994427
1860,7688.08,121726.62,0.9999955
1861,8000.33,121654.0,0.99997854
1862,7927.71,121872.06,0.9996117
1863,8145.86,121957.05,0.99907917
1864,8230.92,122419.586,0.9991988
1865,8693.83,122562.766,0.99051416
1866,8838.38,122717.61,0.9918878
1867,8994.49,123043.375,0.9999655
1868,9320.35,123276.82,-0.9787444
1869,9081.76,123463.695,0.974566
1870,9273.52,123715.586,0.9930984
1871,9527.16,124332.984,0.9999896
1872,10144.56,124889.586,0.999052
1873,10701.69,125041.695,0.9898136
1874,10855.37,125197.2,0.9985642
1875,11011.1,125976.62,0.9994754
1876,11790.92,127201.195,0.99946594
1877,13016.23,128834.414,-0.8908474
1878,11182.81,130028.49,0.97513765
1879,12407.33,129580.45,0.99999875
1880,11959.37,130657.87,-0.94333553
1881,10817.16,130423.84,0.99995905
1882,10583.13,130642.375,0.9999324
1883,10801.68,131709.47,0.92029274
1884,11961.27,132225.4,-0.6917721
1885,11215.44,132462.14,-0.9992789
1886,10978.46,132690.5,0.99251163
1887,11208.55,132931.53,0.99474293
1888,11450.85,133697.69,0.91744244
1889,12285.96,133932.5,0.8160136
1890,12573.81,134330.72,-0.9542765
1891,12156.51,135128.56,-0.99998254
1892,11358.66,134671.23,-0.99999607
1893,11815.99,135094.84,-0.9999982
1894,11392.38,136220.89,-0.99102885
1895,10256.06,136792.94,0.89528555
1896,10895.09,138085.62,-0.91203797
1897,9477.64,138279.45,0.89668405
1898,9693.8,139250.73,0.9986393
1899,10666.48,139374.17,-0.9093629
1900,10530.73,139137.84,-0.999679
1901,10767.14,139305.39,-0.99716914
1902,10599.11,139561.33,-0.9997391
1903,10343.11,140003.66,-0.9999724
1904,9900.77,140092.5,-0.9999992
1905,9811.93,139992.58,-0.9999986
1906,9911.84,140034.11,-0.99995244
1907,9870.3,140362.94,-0.8376578
1908,9477.68,140417.33,0.72367525
1909,9552.86,140384.03,0.9875008
1910,9519.15,140464.2,0.908237
1911,9607.42,140940.84,0.9967282
1912,10085.63,141254.88,0.99992675
1913,10399.67,141373.38,0.9999996
1914,10518.17,141676.84,0.9999972
1915,10821.73,141530.64,-0.9843598
1916,10970.18,142365.56,0.9993482
1917,11805.65,142038.08,0.99999905
1918,11478.17,142501.25,0.9986745
1919,11941.97,142513.92,0.5210797
1920,11966.41,142613.5,-0.9622813
1921,11862.94,143114.55,-0.98468393
1922,11354.02,143257.7,0.844314
1923,11523.58,143116.75,0.999977
1924,11382.62,142629.88,0.99999994
1925,10895.83,143337.23,-0.8380403
1926,10051.7,143521.22,0.70802605
1927,10311.55,143563.75,0.6776415
1928,10374.34,143421.39,0.99830174
1929,10231.74,143535.45,0.99998355
1930,10345.81,144077.05,0.9498972
1931,10916.05,144215.06,-0.90312266
1932,10763.23,144839.42,-0.99868155
1933,10138.05,144846.4,-0.99973416
1934,10131.06,144569.5,-0.9999914
1935,10407.97,144817.48,-0.99996245
1936,10159.96,144833.36,-0.7436079
1937,10138.52,145064.61,0.99578637
1938,10370.82,145227.12,-0.87693655
1939,10185.5,145657.58,-0.9985548
1940,9754.42,145870.14,-0.8707278
1941,9510.2,145956.52,0.9818201
1942,9598.17,145989.0,0.9999996
1943,9630.66,146116.31,0.99998754
1944,9757.97,146705.11,0.9999999
1945,10346.76,146980.58,0.9955588
1946,10623.54,147009.56,-0.9977776
1947,10594.49,147028.5,-0.9986397
1948,10575.53,147248.08,-0.98847926
1949,10353.3,147411.06,0.9940388
1950,10517.25,147335.1,0.9999981
1951,10441.28,147228.7,0.99999964
1952,10334.97,147444.53,-0.98560476
1953,10115.98,147382.1,-0.9996081
1954,10178.37,147601.27,0.94588625
1955,10410.13,147618.97,-0.35821602
1956,10360.55,147616.84,0.8477995
1957,10358.05,147606.53,0.9975555
1958,10347.71,147535.58,0.9999968
1959,10276.79,147534.42,0.031188803
1960,10241.27,147491.4,0.9998498
1961,10198.25,147559.58,0.9999971
1962,10266.41,147474.8,0.9999457
1963,10181.64,147325.9,0.91954887
1964,10019.72,147376.5,0.9999744
1965,10070.39,147711.08,-0.9809751
1966,9729.32,148801.11,-0.98312575
1967,8620.57,148909.56,-0.81197035
1968,8486.99,149263.2,-0.96110433
1969,8118.97,149396.02,0.9995189
1970,8251.85,149390.0,0.99979585
1971,8245.92,149531.14,-0.99578005
1972,8104.19,149341.45,-0.99995667
1973,8293.87,149303.17,-0.7734239
1974,8343.28,149350.5,0.9527765
1975,8393.04,149475.9,-0.94256395
1976,8259.99,149529.95,-0.9999979
1977,8205.94,149584.4,-0.999998
1978,8151.5,149743.31,-0.97333515
1979,7988.16,149992.66,0.9685142
1980,8245.62,149975.83,0.9997602
1981,8228.78,150336.34,0.98254377
1982,8595.74,150335.64,0.07132735
1983,8586.47,150562.67,-0.85779095
1984,8321.76,150565.19,0.17284842
1985,8336.56,150550.33,0.9561335
1986,8321.01,150602.94,0.9801177
1987,8374.69,150433.66,0.9997747
1988,8205.37,150275.81,0.9999997
1989,8047.53,150329.31,0.9500683
1990,8103.91,150430.47,-0.7744868
1991,7973.21,150445.81,0.9999266
1992,7988.56,150678.95,0.99871093
1993,8222.08,150658.73,-0.9341432
1994,8243.72,150823.17,-0.9934232
1995,8078.2,151386.1,-0.9990565
1996,7514.67,151368.05,0.851902
1997,7493.49,152535.2,0.99995893
1998,8660.7,153119.45,0.99999964
