,Prices_20_3,Strategy_Returns_20_3,F_t_20_3
0,457.76,-0.039999988,0.0
1,449.38,-11.659996,0.9999997
2,437.76,-13.019996,0.9999997
3,436.4,-15.939994,0.9999994
4,433.48,-20.459993,0.9999997
5,428.96,-10.599999,0.9999993
6,438.82,-9.25,0.9999997
7,440.17,0.039997075,0.99999964
8,449.46,5.009995,0.9999996
9,454.43,-10.530001,0.9999997
10,438.89,-7.9600015,0.9999996
11,441.46,-8.750001,0.9999997
12,440.67,-5.4500027,0.9999996
13,443.97,-2.170004,0.9999996
14,447.25,-1.3600043,0.99999964
15,448.06,-0.5200046,0.99999964
16,448.9,-3.1600037,0.99999964
17,446.26,-3.2400038,0.9999997
18,446.18,36.29998,0.99999964
19,485.72,42.34998,0.9999996
20,491.77,75.15997,0.99999964
21,524.58,70.79997,0.99999964
22,520.22,75.71997,0.99999964
23,525.14,122.16995,0.9999997
24,571.59,133.99995,0.9999995
25,583.42,121.819954,0.9999997
26,571.24,127.63995,0.9999996
27,577.06,118.75996,0.99999964
28,568.18,165.90994,0.9999997
29,615.33,174.25993,0.9999994
30,623.68,180.80994,0.9999997
31,630.23,211.19992,0.99999964
32,660.62,218.17992,0.9999996
33,667.6,192.18993,0.99999976
34,641.61,209.83992,0.99999946
35,659.26,204.27992,0.9999997
36,653.7,205.54991,0.9999996
37,654.97,206.71991,0.9999995
38,656.14,199.73991,0.9999997
39,649.16,203.72992,0.9999995
40,653.15,183.59991,0.9999997
41,633.02,137.52994,0.99999964
42,586.95,150.73993,0.9999996
43,600.16,127.93994,0.99999964
44,577.36,143.51993,0.9999995
45,592.94,142.76993,0.9999995
46,592.19,161.43993,0.99999964
47,610.86,158.53993,0.9999997
48,607.96,148.64993,0.9999996
49,598.07,144.72993,0.99999976
50,594.15,145.56993,0.99999946
51,594.99,152.84993,0.99999964
52,602.27,144.55994,0.99999964
53,593.98,132.93994,0.9999993
54,582.36,116.919945,0.99999976
55,566.34,131.71994,0.99999946
56,581.14,147.83994,0.9999997
57,597.26,147.12993,0.99999964
58,596.55,153.29993,0.9999996
59,602.72,190.37991,0.9999997
60,639.8,191.38992,0.9999996
61,640.81,201.45992,0.9999997
62,650.88,195.73991,0.9999997
63,645.16,181.26993,0.99999964
64,630.69,182.03992,0.99999964
65,631.46,186.38992,0.9999995
66,635.81,174.66992,0.99999964
67,624.09,175.39992,0.9999996
68,624.82,175.08992,0.99999964
69,624.51,167.33992,0.9999997
70,616.76,182.57991,0.9999996
71,632.0,184.28992,0.9999997
72,633.71,177.07993,0.9999996
73,626.5,169.89992,0.99999964
74,619.32,172.16992,0.99999964
75,621.59,167.37993,0.99999964
76,616.8,173.66992,0.99999964
77,623.09,179.35992,0.99999964
78,628.78,179.09991,0.99999964
79,628.52,174.47992,0.99999964
80,623.9,172.78992,0.99999964
81,622.21,172.12993,0.99999964
82,621.55,169.98993,0.99999964
83,619.41,152.30994,0.9999996
84,601.73,151.66994,0.99999964
85,601.09,146.38994,0.99999964
86,595.81,144.42993,0.9999996
87,593.85,136.26993,0.99999964
88,585.69,135.29994,0.9999996
89,584.72,117.86994,0.99999964
90,567.29,136.80994,0.99999964
91,586.23,145.49992,0.99999964
92,594.92,139.90993,0.9999996
93,589.33,137.24994,0.99999964
94,586.67,139.35994,0.99999964
95,588.78,136.01993,0.99999964
96,585.44,135.22993,0.99999964
97,584.65,139.44994,0.99999964
98,588.87,143.15993,0.99999964
99,592.58,139.94994,0.9999996
100,589.37,141.63994,0.9999997
101,591.06,126.949936,0.99999964
102,576.37,120.21994,0.99999964
103,569.64,97.23995,0.99999964
104,546.66,56.549965,0.9999996
105,505.97,47.58997,0.99999964
106,497.01,70.289955,0.9999995
107,519.71,42.379967,0.99999964
108,491.8,12.039979,0.99999964
109,461.46,35.819973,0.99999964
110,485.24,62.559963,0.9999997
111,511.98,67.81996,0.9999996
112,517.24,64.619965,0.99999964
113,514.04,48.65997,0.99999964
114,498.08,58.869965,0.99999964
115,508.29,53.079967,0.99999964
116,502.5,62.149963,0.99999964
117,511.57,61.729965,0.99999964
118,511.15,58.399967,0.9999996
119,507.82,59.099964,0.9999997
120,508.52,54.829967,0.9999996
121,504.25,28.339975,0.9999997
122,477.76,25.459976,0.99999964
123,474.88,28.009975,0.9999996
124,477.43,28.169975,0.99999964
125,477.59,40.239967,0.9999995
126,489.66,33.91997,0.9999997
127,483.34,35.40997,0.99999964
128,484.83,32.85997,0.99999964
129,482.28,25.179974,0.9999997
130,474.6,25.839973,0.99999964
131,475.26,29.939972,0.9999996
132,479.36,30.329971,0.99999964
133,479.75,28.329971,0.9999996
134,477.75,29.579971,0.99999964
135,479.0,28.469973,0.9999997
136,477.89,25.949972,0.9999996
137,475.37,16.639975,0.9999997
138,466.06,7.90998,0.9999996
139,457.33,-24.98001,0.99999964
140,424.44,-54.619995,0.99999964
141,394.8,-40.52,0.9999996
142,408.9,-50.6,0.99999964
143,398.82,-47.27,0.9999996
144,402.15,-13.630012,0.99999964
145,435.79,-26.220007,0.99999964
146,423.2,-37.850002,0.9999997
147,411.57,-45.0,0.99999964
148,404.42,-49.899998,0.99999964
149,399.52,-72.23999,0.99999964
150,377.18,-73.94999,0.99999946
151,375.47,-62.479996,0.9999997
152,386.94,-65.80999,0.99999946
153,383.61,-74.34999,0.9999997
154,375.07,-89.90999,0.9999997
155,359.51,-120.54997,0.9999996
156,328.87,-128.90997,0.9999997
157,320.51,-119.33997,0.99999946
158,330.08,-113.22997,0.99999964
159,336.19,-96.47998,0.9999996
160,352.94,-84.389984,0.9999996
161,365.03,-87.859985,0.99999976
162,361.56,-87.11999,0.99999964
163,362.3,-70.869995,0.9999997
164,378.55,-59.01,0.99999964
165,390.41,-48.550003,0.9999995
166,400.87,-54.649998,0.99999964
167,394.77,-66.85999,0.99999964
168,382.56,-65.659996,0.9999997
169,383.76,-57.979996,0.99999964
170,391.44,-59.869995,0.99999964
171,389.55,-66.56999,0.99999964
172,382.85,-62.939995,0.9999996
173,386.48,-66.259995,0.99999964
174,383.16,-90.999985,0.99999964
175,358.42,-91.069984,0.99999964
176,358.35,-102.14998,0.99999964
177,347.27,-94.719986,0.99999964
178,354.7,-96.429985,0.99999964
179,352.99,-91.79999,0.9999996
180,357.62,-113.82998,0.9999997
181,335.59,-104.11999,0.9999996
182,345.3,-111.09998,0.9999997
183,338.32,-123.669975,0.9999996
184,325.75,-123.529976,0.99999964
185,325.89,-121.86998,0.99999964
186,327.55,-118.92998,0.9999996
187,330.49,-109.929985,0.99999964
188,339.49,-100.12998,0.99999964
189,349.29,-106.999985,0.9999997
190,342.42,-103.929985,0.9999996
191,345.49,-86.15999,0.99999964
192,363.26,-82.49999,0.99999964
193,366.92,-81.71999,0.99999964
194,367.7,-25.86001,0.99999964
195,423.56,-28.690008,0.99999964
196,420.73,-51.600002,0.9999997
197,397.82,-73.28999,0.99999964
198,376.13,-61.539997,0.99999964
199,387.88,-62.01,0.99999964
200,387.41,-74.219986,0.9999994
201,375.2,-68.86999,0.9999997
202,380.55,-91.57998,0.9999996
203,357.84,-98.56998,0.99999964
204,350.85,-96.49998,0.9999997
205,352.92,-81.84998,0.9999995
206,367.57,-72.51999,0.9999997
207,376.9,-74.069984,0.99999946
208,375.35,-81.04999,0.9999997
209,368.37,-79.749985,0.99999964
210,369.67,-72.969986,0.9999996
211,376.45,-73.92999,0.9999997
212,375.49,-71.36999,0.99999946
213,378.05,-70.17999,0.9999997
214,379.24,-68.09999,0.99999964
215,381.32,-74.40999,0.99999964
216,375.01,-79.819984,0.99999964
217,369.6,-72.56999,0.99999964
218,376.85,-74.62999,0.9999997
219,374.79,-74.31999,0.9999996
220,375.1,-87.50999,0.99999964
221,361.91,-97.19998,0.99999964
222,352.22,-103.059975,0.99999964
223,346.36,-98.90998,0.99999964
224,350.51,-96.87998,0.99999964
225,352.54,-102.03998,0.9999996
226,347.38,-97.78998,0.99999964
227,351.63,-104.06998,0.99999964
228,345.35,-122.35997,0.9999996
229,327.06,-129.63997,0.9999997
230,319.78,-138.01996,0.9999996
231,311.4,-131.57997,0.99999964
232,317.84,-119.45997,0.9999996
233,329.96,-128.57997,0.9999996
234,320.84,-117.52997,0.9999997
235,331.89,-114.84997,0.9999996
236,334.57,-126.88997,0.9999997
237,322.53,-130.40997,0.99999964
238,319.01,-121.49997,0.9999996
239,327.92,-133.55997,0.99999964
240,315.86,-132.17996,0.9999995
241,317.24,-136.74997,0.99999964
242,312.67,-138.67996,0.99999964
243,310.74,-129.22997,0.99999964
244,320.19,-135.16997,0.99999964
245,314.25,-134.38997,0.9999996
246,315.03,-168.33995,0.99999964
247,281.08,-185.21996,0.99999964
248,264.2,-174.94995,0.99999964
249,274.47,-163.22995,0.9999996
250,286.19,-155.07996,0.99999964
251,294.34,-166.06996,0.9999996
252,283.35,-159.00996,0.9999997
253,290.41,-174.61995,0.99999964
254,274.8,-183.75995,0.9999996
255,265.66,-181.61995,0.9999997
256,267.8,-223.55992,0.9999994
257,225.86,-271.31992,0.9999997
258,178.1,-239.57991,0.9999996
259,209.84,-241.31992,0.9999995
260,208.1,-250.15991,0.9999997
261,199.26,-239.07993,0.9999995
262,210.34,-234.55992,0.9999997
263,214.86,-238.09991,0.99999964
264,211.32,-222.51993,0.9999996
265,226.9,-216.00993,0.9999997
266,233.41,-216.53993,0.9999996
267,232.88,-201.56993,0.99999964
268,247.85,-195.69994,0.9999997
269,253.72,-175.94994,0.9999996
270,273.47,-185.93994,0.9999997
271,263.48,-215.50993,0.9999996
272,233.91,-215.90993,0.9999997
273,233.51,-222.98993,0.99999964
274,226.43,-231.95992,0.9999996
275,217.46,-222.44992,0.99999964
276,226.97,-211.18993,0.9999996
277,238.23,-222.14993,0.9999997
278,227.27,-222.56993,0.99999964
279,226.85,-232.30992,0.9999997
280,217.11,-227.14993,0.9999996
281,222.27,-221.66992,0.99999964
282,227.75,-226.00993,0.99999964
283,223.41,-229.30992,0.9999996
284,220.11,-229.57993,0.99999964
285,219.84,-230.23993,0.99999964
286,219.18,-227.65993,0.99999964
287,221.76,-213.98993,0.99999964
288,235.43,-192.09995,0.99999964
289,257.32,-214.59993,0.9999996
290,234.82,-215.57993,0.99999964
291,233.84,-205.80994,0.99999964
292,243.61,-213.08994,0.99999964
293,236.33,-209.13994,0.9999997
294,240.28,-205.63994,0.9999995
295,243.78,-204.88994,0.9999997
296,244.53,-213.43993,0.99999964
297,235.98,-210.52994,0.9999996
298,238.89,-210.67993,0.9999997
299,238.74,-211.94994,0.9999995
300,237.47,-212.98993,0.9999997
301,236.43,-195.58994,0.9999996
302,253.83,-195.15994,0.99999964
303,254.26,-189.21994,0.9999997
304,260.2,-173.74995,0.9999996
305,275.67,-167.71996,0.9999997
306,281.7,-176.32994,0.99999964
307,273.09,-173.23994,0.99999964
308,276.18,-176.69995,0.99999964
309,272.72,-173.15994,0.9999996
310,276.26,-175.06995,0.99999964
311,274.35,-159.80995,0.99999964
312,289.61,-157.65996,0.99999964
313,291.76,-153.03995,0.99999964
314,296.38,-155.06995,0.9999997
315,294.35,-164.07996,0.9999996
316,285.34,-167.52995,0.99999964
317,281.89,-163.02995,0.99999964
318,286.39,-158.82996,0.99999964
319,290.59,-163.90994,0.99999964
320,285.51,-193.11993,0.9999996
321,256.3,-188.48994,0.9999997
322,260.93,-187.66994,0.9999996
323,261.75,-189.39993,0.99999964
324,260.02,-181.45995,0.99999964
325,267.96,-182.67995,0.9999995
326,266.74,-203.81993,0.9999997
327,245.6,-203.21994,0.9999996
328,246.2,-200.88994,0.99999964
329,248.53,-202.38994,0.99999964
330,247.03,-196.61993,0.9999996
331,252.8,-206.70993,0.99999964
332,242.71,-201.88994,0.9999996
333,247.53,-205.19994,0.99999964
334,244.22,-202.14993,0.99999964
335,247.27,-196.40994,0.99999964
336,253.01,-195.09995,0.99999964
337,254.32,-195.71994,0.99999964
338,253.7,-188.81995,0.9999996
339,260.6,-193.92993,0.99999964
340,255.49,-196.23994,0.99999964
341,253.18,-204.39993,0.99999964
342,245.02,-205.73993,0.9999997
343,243.68,-213.34993,0.9999996
344,236.07,-212.86993,0.99999964
345,236.55,-213.26993,0.99999964
346,236.15,-224.82993,0.9999996
347,224.59,-230.25992,0.9999997
348,219.16,-225.58992,0.99999964
349,223.83,-220.84993,0.99999964
350,228.57,-226.53993,0.99999964
351,222.88,-226.05992,0.9999996
352,223.36,-226.81993,0.9999997
353,222.6,-224.78993,0.9999996
354,224.63,-214.14993,0.99999964
355,235.27,-215.23993,0.99999964
356,234.18,-212.95993,0.99999964
357,236.46,-218.14993,0.99999964
358,231.27,-223.02992,0.99999964
359,226.39,-229.98993,0.99999964
360,219.43,-220.12993,0.9999996
361,229.29,-223.56993,0.99999964
362,225.85,-223.60992,0.9999996
363,225.81,-213.26993,0.99999964
364,236.15,-217.33994,0.99999964
365,232.08,-214.48993,0.99999964
366,234.93,-209.05994,0.99999964
367,240.36,-210.39993,0.99999964
368,239.02,-213.29993,0.99999964
369,236.12,-219.63994,0.9999996
370,229.78,-212.08994,0.99999964
371,237.33,-205.55994,0.99999964
372,243.86,-207.58994,0.99999964
373,241.83,-209.11993,0.99999964
374,240.3,-207.25993,0.9999996
375,242.16,-208.30994,0.9999997
376,241.11,-213.03993,0.9999996
377,236.38,-212.48993,0.99999964
378,236.93,-211.81993,0.99999964
379,237.6,-213.26993,0.9999996
380,236.15,-212.61993,0.9999997
381,236.8,-216.28993,0.9999996
382,233.13,-217.46992,0.99999964
383,231.95,-215.39993,0.99999964
384,234.02,-214.07993,0.9999996
385,235.34,-209.06993,0.99999964
386,240.35,-210.54993,0.99999964
387,238.87,-208.46994,0.99999964
388,240.95,-212.30994,0.99999964
389,237.11,-212.29993,0.99999964
390,237.12,-212.13994,0.99999964
391,237.28,-212.00993,0.9999996
392,237.41,-212.31993,0.99999964
393,237.1,-216.06993,0.99999964
394,233.35,-219.22993,0.99999964
395,230.19,-226.48993,0.99999964
396,222.93,-223.61993,0.9999996
397,225.8,-223.54993,0.99999964
398,225.87,-225.09993,0.9999996
399,224.32,-224.46992,0.99999964
400,224.95,-223.79993,0.99999964
401,225.62,-226.53993,0.99999964
402,222.88,-220.92993,0.99999964
403,228.49,-220.36993,0.99999964
404,229.05,-220.61993,0.99999964
405,228.8,-219.70993,0.99999964
406,229.71,-219.43993,0.99999964
407,229.98,-217.01993,0.99999964
408,232.4,-215.87993,0.99999964
409,233.54,-212.59993,0.99999964
410,236.82,-198.51994,0.99999964
411,250.9,-200.13994,0.99999964
412,249.28,-200.40994,0.99999964
413,249.01,-204.80994,0.99999964
414,244.61,-204.20993,0.99999964
415,245.21,-205.47993,0.99999964
416,243.94,-202.42993,0.9999996
417,246.99,-205.11993,0.99999964
418,244.3,-208.90993,0.9999996
419,240.51,-206.61993,0.99999964
420,242.8,-205.82994,0.99999964
421,243.59,-198.42993,0.9999996
422,250.99,-200.40994,0.99999964
423,249.01,-192.35994,0.9999996
424,257.06,-186.34995,0.99999964
425,263.07,-190.79994,0.99999964
426,258.62,-194.00993,0.99999964
427,255.41,-193.07994,0.99999964
428,256.34,-188.52994,0.99999964
429,260.89,-177.50995,0.99999964
430,271.91,-180.38994,0.9999996
431,269.03,-183.20995,0.99999964
432,266.21,-178.62994,0.99999964
433,270.79,-180.18994,0.99999964
434,269.23,-164.52995,0.99999964
435,284.89,-156.30995,0.9999996
436,293.11,-138.54996,0.99999964
437,310.87,-157.36995,0.99999964
438,292.05,-161.95995,0.99999964
439,287.46,-163.58995,0.9999997
440,285.83,-171.32994,0.9999996
441,278.09,-169.94995,0.9999997
442,279.47,-174.51994,0.9999995
443,274.9,-175.80994,0.99999964
444,273.61,-170.43994,0.9999997
445,278.98,-173.58995,0.9999996
446,275.83,-172.19995,0.9999997
447,277.22,-173.36995,0.9999996
448,276.05,-161.13995,0.99999964
449,288.28,-160.71996,0.99999964
450,288.7,-156.72995,0.9999995
451,292.69,-155.79996,0.9999997
452,293.62,-154.98994,0.9999996
453,294.43,-159.82996,0.9999997
454,289.59,-161.69995,0.9999996
455,287.72,-164.76994,0.99999964
456,284.65,-167.81995,0.99999964
457,281.6,-166.80995,0.9999995
458,282.61,-168.18994,0.9999997
459,281.23,-164.19995,0.99999964
460,285.22,-167.53995,0.99999964
461,281.88,-170.83995,0.99999964
462,278.58,-169.83995,0.99999964
463,279.58,-188.41994,0.99999964
464,261.0,-184.33994,0.99999964
465,265.08,-184.94994,0.99999964
466,264.47,-179.02994,0.9999996
467,270.39,-183.03995,0.99999964
468,266.38,-185.33994,0.9999996
469,264.08,-183.73994,0.9999997
470,265.68,-187.86993,0.9999996
471,261.55,-190.90994,0.99999964
472,258.51,-191.43994,0.99999964
473,257.98,-238.33992,0.9999996
474,211.08,-222.73993,0.9999997
475,226.68,-214.06993,0.9999996
476,235.35,-216.84993,0.99999964
477,232.57,-219.02992,0.99999964
478,230.39,-221.24992,0.9999995
479,228.17,-238.92992,0.99999976
480,210.49,-227.80994,0.9999995
481,221.61,-223.58994,0.99999964
482,225.83,-224.64993,0.99999964
483,224.77,-218.01993,0.99999946
484,231.4,-219.63994,0.9999997
485,229.78,-220.65993,0.9999996
486,228.76,-219.35994,0.9999997
487,230.06,-221.29993,0.99999964
488,228.12,-220.13994,0.9999996
489,229.28,-222.23993,0.99999964
490,227.18,-219.11993,0.9999996
491,230.3,-214.39993,0.99999964
492,235.02,-209.57994,0.99999964
493,239.84,-209.56993,0.99999964
494,239.85,-205.80994,0.99999964
495,243.61,-211.24994,0.9999997
496,238.17,-210.93994,0.9999996
497,238.48,-209.30994,0.99999964
498,240.11,-214.18994,0.99999964
499,235.23,-218.90993,0.9999996
500,230.51,-218.77994,0.99999964
501,230.64,-219.11993,0.99999964
502,230.3,-220.32994,0.99999964
503,229.09,-219.60994,0.99999964
504,229.81,-216.43994,0.99999964
505,232.98,-217.92993,0.99999964
506,231.49,-218.20993,0.99999964
507,231.21,-222.32994,0.99999964
508,227.09,-218.79994,0.99999964
509,230.62,-219.13994,0.99999964
510,230.28,-214.88994,0.99999964
511,234.53,-214.27994,0.99999964
512,235.14,-215.07994,0.99999964
513,234.34,-216.65994,0.99999964
514,232.76,-210.27994,0.99999964
515,239.14,-212.72993,0.99999964
516,236.69,-213.35994,0.99999964
517,236.06,-211.86993,0.99999964
518,237.55,-212.12994,0.99999964
519,237.29,-210.68994,0.99999964
520,238.73,-211.15994,0.99999964
521,238.26,-209.03993,0.99999964
522,240.38,-203.35994,0.99999964
523,246.06,-206.44994,0.99999964
524,242.97,-207.11993,0.99999964
525,242.3,-205.48994,0.99999964
526,243.93,-204.47993,0.99999964
527,244.94,-202.36993,0.99999964
528,247.05,-204.10994,0.99999964
529,245.31,-199.90994,0.99999964
530,249.51,-197.42995,0.99999964
531,251.99,-195.09995,0.99999964
532,254.32,-186.54994,0.99999964
533,262.87,-178.77995,0.99999964
534,270.64,-187.77995,0.99999964
535,261.64,-185.97995,0.99999964
536,263.44,-179.95995,0.99999964
537,269.46,-183.14995,0.99999964
538,266.27,-175.39995,0.99999964
539,274.02,-172.91995,0.99999964
540,276.5,-167.76996,0.99999964
541,281.65,-165.73996,0.99999964
542,283.68,-164.11995,0.99999964
543,285.3,-155.62996,0.99999964
544,293.79,-144.79996,0.9999996
545,304.62,-135.55997,0.99999964
546,313.86,-121.39997,0.99999964
547,328.02,-135.24997,0.99999964
548,314.17,-123.98997,0.9999997
549,325.43,-88.22998,0.99999964
550,361.19,-46.0,0.99999964
551,403.42,-37.86,0.99999964
552,411.56,-63.069992,0.99999964
553,386.35,-74.94999,0.9999997
554,374.47,-62.93999,0.99999964
555,386.48,-76.04999,0.99999964
556,373.37,-69.15999,0.99999964
557,380.26,-112.59997,0.9999995
558,336.82,-138.33997,0.99999964
559,311.08,-111.269966,0.99999964
560,338.15,-112.66997,0.9999996
561,336.75,-116.509964,0.9999997
562,332.91,-129.24995,0.9999995
563,320.17,-118.66997,0.99999964
564,330.75,-114.32996,0.99999964
565,335.09,-114.82996,0.99999946
566,334.59,-123.269966,0.99999976
567,326.15,-127.39996,0.99999946
568,322.02,-122.48996,0.9999997
569,326.93,-124.87996,0.99999964
570,324.54,-126.369965,0.99999946
571,323.05,-129.36996,0.9999997
572,320.05,-121.20997,0.99999946
573,328.21,-96.739975,0.9999997
574,352.68,-91.379974,0.99999964
575,358.04,-92.03998,0.9999996
576,357.38,-78.12998,0.9999997
577,371.29,-72.09998,0.9999996
578,377.32,-86.92998,0.9999997
579,362.49,-90.22997,0.99999964
580,359.19,-88.36997,0.99999964
581,361.05,-86.239975,0.9999996
582,363.18,-60.469986,0.99999964
583,388.95,-60.639984,0.99999964
584,388.78,-53.879986,0.99999964
585,395.54,-33.859993,0.9999997
586,415.56,-31.859993,0.99999964
587,417.56,-33.93999,0.9999997
588,415.48,2.519995,0.99999964
589,451.94,-14.42,0.99999964
590,435.0,-15.659999,0.99999964
591,433.76,-5.240003,0.99999964
592,444.18,15.899989,0.99999964
593,465.32,5.509992,0.99999964
594,454.93,6.6599917,0.9999996
595,456.08,14.199989,0.9999997
596,463.62,12.89999,0.9999996
597,462.32,-6.7400017,0.99999964
598,442.68,-10.780001,0.99999964
599,438.64,-12.849999,0.9999996
600,436.57,-7.0200014,0.9999997
601,442.4,5.559993,0.9999995
602,454.98,6.229993,0.99999964
603,455.65,-32.149994,0.99999964
604,417.27,-26.599995,0.99999964
605,422.82,-27.139996,0.9999997
606,422.28,-16.44,0.9999995
607,432.98,-22.799997,0.99999964
608,426.62,-18.849998,0.9999996
609,430.57,-15.09,0.99999964
610,434.33,-15.9800005,0.9999996
611,433.44,-19.41,0.9999997
612,430.01,-16.33,0.99999964
613,433.09,-17.46,0.9999996
614,431.96,-20.31,0.9999997
615,429.11,8.629989,0.9999995
616,458.05,3.8099895,0.9999997
617,453.23,-1.810008,0.9999996
618,447.61,-1.4300082,0.9999997
619,447.99,-0.9900083,0.99999964
620,448.43,-13.730003,0.99999964
621,435.69,-17.050001,0.99999964
622,432.37,-19.11,0.99999964
623,430.31,-85.08997,0.9999996
624,364.33,-61.879982,0.99999964
625,387.54,-67.11998,0.9999997
626,382.3,-62.249985,0.99999946
627,387.17,-69.26998,0.9999997
628,380.15,-29.190002,0.99999946
629,420.23,-39.16,0.99999976
630,410.26,-66.92999,0.9999996
631,382.49,-61.929993,0.9999997
632,387.49,-46.449997,0.99999964
633,402.97,-57.68999,0.99999946
634,391.73,-57.269993,0.9999997
635,392.15,-54.449993,0.99999946
636,394.97,-69.12999,0.9999997
637,380.29,-69.94999,0.9999996
638,379.47,-71.15999,0.99999964
639,378.26,-80.64999,0.9999997
640,368.77,-76.359985,0.99999946
641,373.06,-74.969986,0.9999997
642,374.45,-79.469986,0.9999996
643,369.95,-59.829994,0.99999964
644,389.59,-62.86999,0.9999997
645,386.55,-72.89999,0.99999964
646,376.52,-72.79999,0.99999964
647,376.62,-75.969986,0.9999996
648,373.45,-73.38999,0.99999964
649,376.03,-67.76999,0.9999996
650,381.65,-69.76999,0.99999964
651,379.65,-65.15999,0.99999964
652,384.26,-57.559994,0.99999964
653,391.86,-42.190002,0.99999964
654,407.23,-49.239998,0.99999964
655,400.18,-41.93,0.99999964
656,407.49,-33.100002,0.99999964
657,416.32,-27.050007,0.9999996
658,422.37,-28.630005,0.9999997
659,420.79,-12.260013,0.9999996
660,437.16,-10.620013,0.9999997
661,438.8,-11.670012,0.99999964
662,437.75,-28.680006,0.99999964
663,420.74,-24.470009,0.9999997
664,424.95,-24.880009,0.9999996
665,424.54,-17.27001,0.99999964
666,432.15,-16.900011,0.99999964
667,432.52,-15.9200115,0.9999996
668,433.5,-11.720013,0.9999997
669,437.7,-14.300012,0.99999964
670,435.12,-25.430008,0.99999964
671,423.99,-27.770008,0.99999964
672,421.65,-38.480003,0.9999996
673,410.94,-48.85,0.99999964
674,400.57,-41.710003,0.9999996
675,407.71,-35.100002,0.99999964
676,414.32,-35.450005,0.99999964
677,413.97,-34.560005,0.99999964
678,414.86,-32.290005,0.99999964
679,417.13,-27.730005,0.99999964
680,421.69,-37.800003,0.99999964
681,411.62,-35.350002,0.99999964
682,414.07,-32.980003,0.99999964
683,416.44,-32.590004,0.99999964
684,416.83,-32.410004,0.99999964
685,417.01,-28.800005,0.99999964
686,420.62,-39.870003,0.99999964
687,409.55,-38.980003,0.99999964
688,410.44,-35.660004,0.99999964
689,413.76,-36.110004,0.99999964
690,413.31,-31.330004,0.9999996
691,418.09,-31.380005,0.99999964
692,418.04,-33.030003,0.99999964
693,416.39,-32.240005,0.99999964
694,417.18,-31.470005,0.99999964
695,417.95,-22.650007,0.99999964
696,426.77,-25.190006,0.9999996
697,424.23,-32.900005,0.99999964
698,416.52,-34.600002,0.99999964
699,414.82,-32.690002,0.99999964
700,416.73,-31.460005,0.99999964
701,417.96,-28.550005,0.9999996
702,420.87,-28.520006,0.99999964
703,420.9,-27.980005,0.99999964
704,421.44,-25.390007,0.99999964
705,424.03,-26.010006,0.99999964
706,423.41,-26.680006,0.9999996
707,422.74,-29.070005,0.99999964
708,420.35,-30.010006,0.99999964
709,419.41,-27.860006,0.99999964
710,421.56,-26.940006,0.99999964
711,422.48,-24.230007,0.99999964
712,425.19,-25.690006,0.99999964
713,423.73,-25.140007,0.99999964
714,424.28,-19.710009,0.99999964
715,429.71,-18.85001,0.99999964
716,430.57,-22.020008,0.99999964
717,427.4,-20.830008,0.99999964
718,428.59,-13.91001,0.99999964
719,435.51,-8.030012,0.99999964
720,441.39,-1.5588477e-05,0.99999964
721,449.42,-3.6800141,0.99999964
722,445.74,0.8599843,0.99999964
723,450.28,9.129982,0.99999964
724,458.55,12.009981,0.99999964
725,461.43,16.66998,0.99999964
726,466.09,-4.7300124,0.99999964
727,444.69,-0.41001377,0.99999964
728,449.01,5.679984,0.99999964
729,455.1,-1.1000134,0.9999996
730,448.32,2.4599855,0.99999964
731,451.88,-4.750012,0.9999996
732,444.67,0.8799864,0.9999997
733,450.3,-2.7000122,0.99999964
734,446.72,-1.4400128,0.9999996
735,447.98,10.179983,0.9999997
736,459.6,9.119984,0.9999995
737,458.54,9.129984,0.9999997
738,458.55,11.059983,0.9999996
739,460.48,1.4699866,0.99999964
740,450.89,3.309986,0.9999997
741,452.73,5.349985,0.9999995
742,454.77,6.2499847,0.9999997
743,455.67,6.2499847,0.9999996
744,455.67,8.149984,0.99999964
745,457.57,4.739985,0.9999997
746,454.16,4.359985,0.9999995
747,453.78,5.199985,0.9999997
748,454.62,-10.710009,0.9999996
749,438.71,-6.74001,0.9999996
750,442.68,-6.23001,0.99999964
751,443.19,-10.100008,0.9999996
752,439.32,-5.27001,0.9999997
753,444.15,-3.4400105,0.9999996
754,445.98,0.17998812,0.99999964
755,449.6,3.9599867,0.99999964
756,453.38,24.039978,0.9999996
757,473.46,80.619965,0.99999964
758,530.04,76.80997,0.9999996
759,526.23,84.439964,0.9999997
760,533.86,81.96996,0.99999964
761,531.39,87.49996,0.99999964
762,536.92,88.54996,0.9999997
763,537.97,119.76994,0.99999946
764,569.19,123.309944,0.9999997
765,572.73,125.55994,0.9999995
766,574.98,136.11993,0.9999997
767,585.54,127.17994,0.9999997
768,576.6,132.22993,0.9999996
769,581.65,125.20994,0.9999997
770,574.63,128.04994,0.9999995
771,577.47,157.30994,0.99999964
772,606.73,223.35991,0.9999996
773,672.78,254.9599,0.9999997
774,704.38,236.13991,0.99999964
775,685.56,245.0499,0.9999997
776,694.47,316.88986,0.9999997
777,766.31,299.48987,0.9999996
778,748.91,306.80988,0.99999964
779,756.23,314.35986,0.9999996
780,763.78,287.80988,0.99999964
781,737.23,217.2299,0.9999997
782,666.65,146.69994,0.9999995
783,596.12,174.55994,0.9999997
784,623.98,215.8799,0.99999934
785,665.3,215.6999,0.99999946
786,665.12,179.94992,0.9999997
787,629.37,205.8599,0.99999934
788,655.28,197.5799,0.9999998
789,647.0,190.46991,0.9999995
790,639.89,223.91989,0.9999997
791,673.34,226.8799,0.9999996
792,676.3,254.27988,0.99999946
793,703.7,209.23988,0.9999997
794,658.66,234.23988,0.99999946
795,683.66,221.20988,0.99999976
796,670.63,227.90988,0.9999995
797,677.33,191.1399,0.9999997
798,640.56,217.09987,0.9999992
799,666.52,201.53987,0.99999976
800,650.96,199.93987,0.9999995
801,649.36,198.23987,0.99999964
802,647.66,215.12987,0.9999997
803,664.55,205.04987,0.9999995
804,654.47,208.65987,0.99999976
805,658.08,213.83986,0.99999946
806,663.26,211.34987,0.99999964
807,660.77,230.03986,0.9999997
808,679.46,223.68987,0.9999996
809,673.11,223.43987,0.99999964
810,672.86,216.25987,0.99999964
811,665.68,215.58986,0.99999964
812,665.01,201.19987,0.99999964
813,650.62,206.13986,0.9999995
814,655.56,211.85986,0.99999964
815,661.28,204.67987,0.99999964
816,654.1,202.35986,0.99999964
817,651.78,204.92987,0.99999964
818,654.35,205.60986,0.99999964
819,655.03,207.56987,0.9999997
820,656.99,205.62987,0.9999996
821,655.05,175.25987,0.99999964
822,624.68,156.84988,0.99999964
823,606.27,98.04991,0.9999996
824,547.47,116.9299,0.99999964
825,566.35,128.86989,0.9999996
826,578.29,125.619896,0.9999995
827,575.04,138.3599,0.9999997
828,587.78,143.2699,0.9999995
829,592.69,141.62988,0.9999997
830,591.05,138.3799,0.99999964
831,587.8,142.67989,0.9999996
832,592.1,139.69989,0.9999997
833,589.12,138.1399,0.99999934
834,587.56,136.16989,0.99999976
835,585.59,121.049904,0.9999995
836,570.47,117.8199,0.99999964
837,567.24,128.0199,0.9999997
838,577.44,123.799904,0.99999946
839,573.22,124.8999,0.9999997
840,574.32,126.2099,0.9999995
841,575.63,132.27989,0.99999964
842,581.7,131.8899,0.9999997
843,581.31,137.3299,0.9999996
844,586.75,133.9899,0.9999997
845,583.41,130.7599,0.9999996
846,580.18,128.3399,0.99999964
847,577.76,130.2299,0.99999964
848,579.65,120.5299,0.99999964
849,569.95,124.4899,0.99999964
850,573.91,124.6899,0.99999964
851,574.11,128.0799,0.99999964
852,577.5,126.049904,0.99999964
853,575.47,122.8799,0.99999964
854,572.3,126.1199,0.99999964
855,575.54,148.78989,0.9999996
856,598.21,159.20988,0.99999964
857,608.63,157.16989,0.99999964
858,606.59,161.01988,0.99999964
859,610.44,165.11989,0.99999964
860,614.54,176.89989,0.99999964
861,626.32,173.43988,0.99999964
862,622.86,174.08987,0.99999964
863,623.51,157.29988,0.99999964
864,606.72,158.81989,0.99999964
865,608.24,159.81989,0.99999964
866,609.24,161.25989,0.9999996
867,610.68,157.73988,0.99999964
868,607.16,157.54988,0.9999996
869,606.97,156.55989,0.99999964
870,605.98,160.44989,0.99999964
871,609.87,159.80989,0.9999996
872,609.23,158.8899,0.99999964
873,608.31,147.72989,0.9999996
874,597.15,146.8799,0.99999964
875,596.3,153.41989,0.99999964
876,602.84,153.19989,0.9999996
877,602.62,151.40988,0.99999964
878,600.83,158.61989,0.9999996
879,608.04,156.7499,0.99999964
880,606.17,155.30989,0.99999964
881,604.73,156.26988,0.99999964
882,605.69,160.30989,0.99999964
883,609.73,164.55989,0.99999964
884,613.98,161.46988,0.99999964
885,610.89,162.70988,0.99999964
886,612.13,160.77989,0.99999964
887,610.2,163.08989,0.99999964
888,612.51,163.59988,0.99999964
889,613.02,167.69989,0.99999964
890,617.12,169.68988,0.99999964
891,619.11,167.32988,0.9999996
892,616.75,169.56989,0.99999964
893,618.99,191.64987,0.99999964
894,641.07,186.76988,0.99999964
895,636.19,187.36987,0.99999964
896,636.79,190.95987,0.99999964
897,640.38,189.22987,0.99999964
898,638.65,192.20987,0.99999964
899,641.63,189.76988,0.9999996
900,639.19,188.53987,0.99999964
901,637.96,181.09988,0.99999964
902,630.52,181.43988,0.99999964
903,630.86,183.40988,0.9999997
904,632.83,207.86987,0.9999996
905,657.29,207.64987,0.9999997
906,657.07,204.33987,0.9999996
907,653.76,208.16986,0.99999964
908,657.59,228.87985,0.99999964
909,678.3,238.88986,0.99999964
910,688.31,240.22986,0.99999964
911,689.65,265.05984,0.99999964
912,714.48,252.43985,0.99999964
913,701.86,251.54985,0.99999964
914,700.97,280.36984,0.99999964
915,729.79,291.40985,0.9999996
916,740.83,239.27985,0.9999997
917,688.7,253.80984,0.9999996
918,703.23,253.99985,0.99999964
919,703.42,262.09985,0.99999964
920,711.52,253.70984,0.99999964
921,703.13,260.42984,0.99999964
922,709.85,273.84982,0.99999964
923,723.27,266.10983,0.9999996
924,715.53,266.98984,0.9999997
925,716.41,255.62985,0.99999964
926,705.05,252.60985,0.9999996
927,702.03,255.59984,0.9999997
928,705.02,262.19983,0.99999946
929,711.62,294.77985,0.9999997
930,744.2,291.55984,0.9999995
931,740.98,302.16983,0.99999964
932,751.59,302.19983,0.9999997
933,751.62,281.60983,0.99999946
934,731.03,289.82983,0.99999976
935,739.25,301.92984,0.9999994
936,751.35,295.16983,0.99999964
937,744.59,290.86984,0.99999964
938,740.29,292.22983,0.9999995
939,741.65,285.95984,0.99999976
940,735.38,282.60983,0.99999946
941,732.03,286.38983,0.9999997
942,735.81,286.17984,0.9999996
943,735.6,296.26984,0.9999995
944,745.69,307.34982,0.9999997
945,756.77,328.5198,0.9999996
946,777.94,321.7398,0.9999997
947,771.16,324.44983,0.99999964
948,773.87,309.27982,0.99999964
949,758.7,314.79984,0.99999964
950,764.22,318.7098,0.9999996
951,768.13,321.38983,0.9999996
952,770.81,323.3698,0.99999964
953,772.79,325.22983,0.9999996
954,774.65,320.3098,0.9999997
955,769.73,330.66983,0.9999997
956,780.09,331.13983,0.9999996
957,780.56,332.0598,0.9999997
958,781.48,328.66983,0.9999996
959,778.09,335.4898,0.99999964
960,784.91,341.40982,0.99999964
961,790.83,341.1098,0.9999996
962,790.53,343.28983,0.9999997
963,792.71,351.4598,0.9999996
964,800.88,384.8598,0.99999964
965,834.28,415.11978,0.99999964
966,864.54,472.55975,0.9999996
967,921.98,449.39978,0.9999997
968,898.82,446.75977,0.99999964
969,896.18,458.18976,0.9999997
970,907.61,483.77975,0.9999996
971,933.2,526.49976,0.99999964
972,975.92,524.0798,0.9999995
973,973.5,511.81976,0.99999964
974,961.24,514.31976,0.9999997
975,963.74,548.9097,0.9999996
976,998.33,572.3297,0.99999976
977,1021.75,594.41974,0.9999994
978,1043.84,705.3097,0.9999997
979,1154.73,563.9597,0.9999996
980,1013.38,452.7798,0.99999964
981,902.2,459.16977,0.99999976
982,908.59,461.7798,0.99999845
983,911.2,453.40976,0.99999976
984,902.83,458.25974,0.99999356
985,907.68,328.33978,0.99999976
986,777.76,355.40976,0.9999997
987,804.83,374.55972,0.9999982
988,823.98,368.98975,0.9999998
989,818.41,372.37973,0.99999917
990,821.8,382.10974,0.9999996
991,831.53,458.5197,0.9999997
992,907.94,437.19974,0.99999887
993,886.62,449.64972,0.9999998
994,899.07,445.60974,0.99999964
995,895.03,472.36972,0.99999946
996,921.79,475.24973,0.99999976
997,924.67,471.58975,0.9999933
998,921.01,443.26974,0.9999999
999,892.69,452.11975,0.9999994
1000,901.54,468.16974,0.9999995
1001,917.59,470.32974,0.9999998
1002,919.75,472.16974,0.99999857
1003,921.59,470.07974,0.99999976
1004,919.5,470.95972,0.9999996
1005,920.38,520.9797,0.9999995
1006,970.4,539.59973,0.99999976
1007,989.02,562.3797,0.9999995
1008,1011.8,580.4897,0.9999997
1009,1029.91,593.4797,0.9999996
1010,1042.9,577.9197,0.9999997
1011,1027.34,588.7297,0.9999996
1012,1038.15,611.9297,0.99999964
1013,1061.35,613.64966,0.9999996
1014,1063.07,544.9597,0.99999964
1015,994.38,539.2497,0.9999997
1016,988.67,555.02966,0.9999996
1017,1004.45,549.7597,0.99999964
1018,999.18,541.21967,0.9999996
1019,990.64,555.1297,0.9999996
1020,1004.55,558.0597,0.9999997
1021,1007.48,578.01965,0.9999996
1022,1027.44,596.7897,0.9999997
1023,1046.21,604.9997,0.99999964
1024,1054.42,598.44965,0.9999996
1025,1047.87,630.5597,0.9999997
1026,1079.98,665.87964,0.9999996
1027,1115.3,668.01965,0.9999996
1028,1117.44,717.2996,0.9999997
1029,1166.72,724.25964,0.99999964
1030,1173.68,694.4196,0.99999964
1031,1143.84,715.77966,0.9999997
1032,1165.2,730.5496,0.9999996
1033,1179.97,730.5496,0.9999997
1034,1179.97,773.0796,0.99999946
1035,1222.5,801.5896,0.9999997
1036,1251.01,825.5696,0.9999997
1037,1274.99,805.7296,0.9999995
1038,1255.15,817.6996,0.99999976
1039,1267.12,823.4096,0.99999964
1040,1272.83,774.1196,0.9999995
1041,1223.54,700.57965,0.9999997
1042,1150.0,739.06964,0.99999934
1043,1188.49,667.2996,0.99999964
1044,1116.72,726.4096,0.9999995
1045,1175.83,771.9596,0.99999964
1046,1221.38,782.4996,0.99999964
1047,1231.92,790.5796,0.9999997
1048,1240.0,800.1896,0.9999996
1049,1249.61,738.3896,0.99999976
1050,1187.81,650.80963,0.99999946
1051,1100.23,524.3997,0.9999996
1052,973.82,587.31964,0.99999964
1053,1036.74,604.80945,0.9999889
1054,1054.23,671.11945,0.99999976
1055,1120.54,599.7195,0.99999964
1056,1049.14,589.1695,0.99999946
1057,1038.59,488.0995,0.9999998
1058,937.52,523.35944,0.99999875
1059,972.78,517.29944,0.99999976
1060,966.72,596.3491,0.99999595
1061,1045.77,597.7291,0.9999996
1062,1047.15,590.54913,0.99999976
1063,1039.97,577.00916,0.9999994
1064,1026.43,622.36914,0.9999998
1065,1071.79,631.07916,0.9999996
1066,1080.5,652.74915,0.99999964
1067,1102.17,694.3891,0.9999993
1068,1143.81,683.8291,0.9999997
1069,1133.25,675.35913,0.9999996
1070,1124.78,733.2591,0.99999976
1071,1182.68,727.47906,0.9999997
1072,1176.9,726.5291,0.9999997
1073,1175.95,738.4491,0.99999964
1074,1187.87,737.7091,0.99999946
1075,1187.13,755.58905,0.99999964
1076,1205.01,750.9491,0.9999996
1077,1200.37,719.8591,0.9999997
1078,1169.28,718.1191,0.99999964
1079,1167.54,723.0991,0.9999996
1080,1172.52,733.5191,0.9999997
1081,1182.94,744.4891,0.9999993
1082,1193.91,762.2491,0.9999997
1083,1211.67,760.8691,0.99999964
1084,1210.29,779.65906,0.99999964
1085,1229.08,772.6291,0.9999997
1086,1222.05,782.28906,0.99999946
1087,1231.71,757.78906,0.9999997
1088,1207.21,800.72906,0.9999995
1089,1250.15,816.06903,0.99999964
1090,1265.49,831.65906,0.99999964
1091,1281.08,868.309,0.99999964
1092,1317.73,867.059,0.99999964
1093,1316.48,872.369,0.9999997
1094,1321.79,898.469,0.99999964
1095,1347.89,972.179,0.9999996
1096,1421.6,1003.399,0.9999997
1097,1452.82,1040.669,0.9999993
1098,1490.09,1088.2489,0.9999998
1099,1537.67,1106.0289,0.9999996
1100,1555.45,1129.3789,0.9999997
1101,1578.8,1147.289,0.9999997
1102,1596.71,1273.9288,0.9999995
1103,1723.35,1305.9388,0.9999997
1104,1755.36,1337.7089,0.99999934
1105,1787.13,1399.1488,0.9999998
1106,1848.57,1274.8188,0.9999995
1107,1724.24,1355.4889,0.99999976
1108,1804.91,1359.4889,0.99999964
1109,1808.91,1289.0089,0.99999875
1110,1738.43,1285.0288,0.99999976
1111,1734.45,1389.4346,0.99776214
1112,1839.09,1438.9946,0.99999994
1113,1888.65,1538.0546,0.9999994
1114,1987.71,1635.0745,0.9999997
1115,2084.73,1591.5446,0.9999998
1116,2041.2,1723.7433,0.9999912
1117,2173.4,1870.7633,0.9999999
1118,2320.42,1993.983,0.99999803
1119,2443.64,1855.3231,0.9999998
1120,2304.98,1752.7632,0.9999994
1121,2202.42,1589.2133,0.9999998
1122,2038.87,1706.1432,0.99999946
1123,2155.8,1805.9531,0.99999934
1124,2255.61,1725.8132,0.99999803
1125,2175.47,1836.7532,0.99999964
1126,2286.41,1958.2231,0.9999997
1127,2407.88,2038.8931,0.99999964
1128,2488.55,2065.693,0.9999999
1129,2515.35,2062.153,0.9999952
1130,2511.81,2237.153,0.9999999
1131,2686.81,2413.543,0.99999845
1132,2863.2,2282.503,0.99999934
1133,2732.16,2355.963,0.9999998
1134,2805.62,2374.1526,0.9999864
1135,2823.81,2498.0527,0.9999999
1136,2947.71,2508.4526,0.9999993
1137,2958.11,2209.973,0.9999992
1138,2659.63,2267.283,0.99999976
1139,2717.02,2477.4663,-0.99816364
1140,2506.37,2435.6763,0.99999994
1141,2464.58,2489.5762,0.9999996
1142,2518.56,2352.1768,-0.99999535
1143,2655.88,2244.5068,0.99999994
1144,2548.29,2203.117,-0.9999992
1145,2589.6,2335.307,1.0
1146,2721.79,2302.6162,0.99999976
1147,2689.1,2318.693,0.9857317
1148,2705.41,2358.113,0.9999998
1149,2744.91,2494.2058,-0.9998738
1150,2608.72,2474.8958,0.99999994
1151,2589.41,2363.936,0.99999875
1152,2478.45,2437.9358,0.9999993
1153,2552.45,2460.1958,0.99999964
1154,2574.79,2495.5789,-0.99980384
1155,2539.32,2437.0989,0.99999994
1156,2480.84,2390.826,0.99963206
1157,2434.55,2462.7458,0.99999976
1158,2506.47,2520.336,0.9999996
1159,2564.06,2557.912,0.99989736
1160,2601.64,2558.259,0.9999998
1161,2601.99,2564.3174,0.9225924
1162,2608.56,2474.4172,1.0
1163,2518.66,2527.0972,0.9999993
1164,2571.34,2474.1973,0.99999976
1165,2518.44,2328.3174,0.99999964
1166,2372.56,2293.548,0.99998075
1167,2337.79,2354.598,0.9999997
1168,2398.84,2313.658,0.99999934
1169,2357.9,2189.0981,0.99999946
1170,2233.34,1954.6182,0.99999976
1171,1998.86,1885.5781,0.9999997
1172,1929.82,2184.168,0.99999946
1173,2228.41,2274.638,0.9999992
1174,2318.88,2229.188,0.9999986
1175,2273.43,2773.358,0.99999976
1176,2817.6,2623.5178,0.9999998
1177,2667.76,2765.878,0.99999976
1178,2810.12,2686.1577,0.9999999
1179,2730.4,2710.6067,0.99954844
1180,2754.86,2532.1467,0.9999998
1181,2576.48,2579.0967,-0.9999986
1182,2529.45,2721.4268,0.99999994
1183,2671.78,2858.5767,0.9999991
1184,2809.01,2941.0286,-0.99965954
1185,2726.45,2971.6785,0.9999999
1186,2757.18,2853.4385,-0.9999995
1187,2875.34,2696.279,0.99999994
1188,2718.26,2703.68,-0.98554844
1189,2710.67,2797.74,0.99999994
1190,2804.73,2888.88,0.9997792
1191,2895.89,3245.9,0.99999994
1192,3252.91,3206.93,0.9999993
1193,3213.94,3371.93,0.9999997
1194,3378.94,3412.93,0.9999999
1195,3419.94,3335.46,0.9999988
1196,3342.47,3374.27,0.9999999
1197,3381.28,3643.587,0.99991465
1198,3650.62,3877.6768,0.9999998
1199,3884.71,4066.1467,0.99999964
1200,4073.26,3814.235,-0.99984765
1201,4325.13,3671.0352,0.99999994
1202,4181.93,3865.7314,0.99998015
1203,4376.63,3820.7114,0.99999994
1204,4331.69,3991.266,-0.99745417
1205,4160.62,4024.266,0.99999994
1206,4193.7,4130.2236,-0.99997604
1207,4087.66,4044.3035,0.99999994
1208,4001.74,4143.0835,0.9999997
1209,4100.52,4194.0664,0.9996672
1210,4151.52,4377.1465,0.9999999
1211,4334.68,4340.147,-0.9999938
1212,4371.6,4320.947,0.99999994
1213,4352.4,4351.427,0.99999976
1214,4382.88,4351.2065,0.9999994
1215,4382.66,4547.567,0.9999997
1216,4579.02,4533.8467,0.99999565
1217,4565.3,4671.9365,0.9999996
1218,4703.39,4860.4766,0.99999976
1219,4892.01,5172.9487,-0.9978033
1220,4578.77,5177.1387,0.99999994
1221,4582.96,4830.4907,0.99999386
1222,4236.31,4970.711,0.9999998
1223,4376.53,5191.2207,0.9999995
1224,4597.12,5188.381,-0.99999976
1225,4599.88,4817.171,0.99999994
1226,4228.75,4819.7603,-0.9920982
1227,4226.06,4716.64,0.99999994
1228,4122.94,4754.89,0.99999964
1229,4161.27,4785.27,-0.9999984
1230,4130.81,4536.97,0.99999994
1231,3882.59,5264.353,-0.999757
1232,3154.95,5746.9233,0.99999994
1233,3637.52,5734.3633,0.9999996
1234,3625.04,5776.4365,-0.9998364
1235,3582.88,6258.6763,0.99999994
1236,4065.2,6398.826,-0.9999993
1237,3924.97,6379.806,0.99999994
1238,3905.95,6104.8164,0.99999976
1239,3631.04,6105.076,-0.9999997
1240,3630.7,6266.6963,0.9999999
1241,3792.4,6376.1763,-0.9999998
1242,3682.84,6619.326,0.99999994
1243,3926.07,6652.898,-0.9979707
1244,3892.35,6961.218,0.99999994
1245,4200.67,6935.1978,0.9999999
1246,4174.73,6946.7773,-0.9999645
1247,4163.07,7122.4175,0.99999994
1248,4338.71,7187.4453,0.99996847
1249,4403.74,7193.0254,0.9999999
1250,4409.32,7101.1055,0.9999992
1251,4317.48,7189.0024,-0.998375
1252,4229.36,7287.9727,0.9999999
1253,4328.41,7245.4927,-0.99999946
1254,4370.81,7301.5723,1.0
1255,4426.89,7485.162,0.99999934
1256,4610.48,7646.7,0.9999869
1257,4772.02,7656.6704,0.9999999
1258,4781.99,7701.16,0.9999993
1259,4826.48,8321.59,0.9999998
1260,5446.91,8521.89,0.99999917
1261,5647.21,8706.47,0.99999887
1262,5831.79,8552.869,0.9999999
1263,5678.19,8599.867,0.99153054
1264,5725.59,8479.708,0.99999994
1265,5605.51,8494.374,-0.995041
1266,5590.69,8612.204,0.9999999
1267,5708.52,8915.054,0.99999744
1268,6011.45,8894.824,-0.9999947
1269,6031.6,8871.563,0.99999994
1270,6008.42,8949.582,-0.9999729
1271,5930.32,8545.901,1.0
1272,5526.64,8770.062,0.9999985
1273,5750.8,8924.012,0.9999998
1274,5904.83,9047.861,-0.99999934
1275,5780.9,9020.051,0.99999994
1276,5753.09,9420.786,0.99993676
1277,6153.85,9397.466,0.9999999
1278,6130.53,9735.336,0.99999976
1279,6468.4,10034.246,0.99999964
1280,6767.31,10345.436,0.9999997
1281,7078.5,10474.695,0.99999857
1282,7207.76,10646.886,0.9999994
1283,7379.95,10674.346,0.9999999
1284,7407.41,10289.695,0.9999994
1285,7022.76,10411.315,0.9999997
1286,7144.38,10726.546,0.9999997
1287,7459.69,11042.575,-0.9999991
1288,7143.58,10517.055,1.0
1289,6618.14,10777.504,-0.99995553
1290,6357.6,10369.974,1.0
1291,5950.07,10979.393,0.9999989
1292,6559.49,11055.652,0.9999952
1293,6635.75,11735.441,0.9999983
1294,7315.54,12291.511,0.9999997
1295,7871.69,12453.854,-0.99829173
1296,7708.99,12535.014,1.0
1297,7790.15,12781.352,0.99999255
1298,8036.49,12945.501,0.9999996
1299,8200.64,12816.041,0.99999964
1300,8071.26,12633.672,-0.9999996
1301,8253.55,12418.892,1.0
1302,8038.77,12633.747,0.9996986
1303,8253.69,13170.977,1.0
1304,8790.92,13710.606,0.9999993
1305,9330.55,14198.406,0.9999999
1306,9818.35,14438.856,0.9999993
1307,10058.8,14268.666,0.9999999
1308,9888.61,14613.656,0.9999999
1309,10233.6,15355.655,0.9999993
1310,10975.6,15454.655,0.99999976
1311,11074.6,15703.255,0.999998
1312,11323.2,16037.255,0.9999998
1313,11657.2,16296.755,0.9999999
1314,11916.7,18671.555,0.99999964
1315,14291.5,22279.752,0.9999995
1316,17899.7,20949.453,0.99999917
1317,16569.4,19558.254,0.99999994
1318,15178.2,19835.453,0.99999964
1319,15455.4,21316.576,0.9998132
1320,16936.8,21795.045,0.9998897
1321,17415.4,22802.164,-0.9999993
1322,16408.2,22957.963,1.0
1323,16564.0,24100.863,0.9999996
1324,17706.9,25891.363,0.99999964
1325,19497.4,25534.762,0.99999976
1326,19140.8,25508.166,0.99988765
1327,19114.2,24170.586,0.99999994
1328,17776.7,25322.572,-0.9999714
1329,16624.6,24500.793,0.99999994
1330,15802.9,26471.812,-0.99999994
1331,13831.8,27339.107,0.9999703
1332,14699.2,28112.506,-0.999999
1333,13925.8,28011.627,-0.9999997
1334,14026.6,30084.746,0.9999999
1335,16099.8,30345.965,-0.99999976
1336,15838.5,29113.965,0.99999994
1337,14606.5,29163.586,0.9999998
1338,14656.2,30867.506,-0.9999996
1339,12952.2,32071.625,0.9999999
1340,14156.4,32570.744,-0.99999994
1341,13657.2,33895.426,0.99983484
1342,14982.1,34114.246,0.9999999
1343,15201.0,33715.965,-0.9999997
1344,15599.2,35546.266,1.0
1345,17429.5,35643.54,0.99766195
1346,17527.0,34594.137,0.9999999
1347,16477.6,33286.56,0.9999999
1348,15170.1,33861.18,-0.9999991
1349,14595.4,34238.996,0.9999999
1350,14973.3,35806.418,-0.9999999
1351,13405.8,36381.22,0.99999976
1352,13980.6,36760.727,0.9999751
1353,14360.2,37348.848,-0.9999998
1354,13772.0,37396.566,0.99999994
1355,13819.8,39725.79,-0.99999964
1356,11490.5,39423.887,0.99999994
1357,11188.6,39710.105,0.9999991
1358,11474.9,39577.527,-0.9999998
1359,11607.4,40869.246,0.9999999
1360,12899.2,42168.266,-0.99999976
1361,11600.1,41499.566,0.99999994
1362,10931.4,41436.49,0.9999998
1363,10868.4,40945.406,-0.9999998
1364,11359.4,40845.33,0.9999999
1365,11259.4,40933.246,-0.9999998
1366,11171.4,41202.547,0.99999994
1367,11440.7,41548.066,0.9999998
1368,11786.3,42037.88,-0.9999877
1369,11296.4,40847.78,1.0
1370,10106.3,40962.58,0.9999915
1371,10221.1,39911.94,0.99999976
1372,9170.54,40251.65,-0.9999999
1373,8830.75,40595.73,0.99999976
1374,9174.91,41493.55,-0.9999999
1375,8277.01,40171.81,0.99999976
1376,6955.27,40970.44,0.9999769
1377,7754.0,41103.062,-0.9999998
1378,7621.3,41747.27,0.9999999
1379,8265.59,41275.8,-0.9999998
1380,8736.98,41160.723,1.0
1381,8621.9,40668.793,0.9999994
1382,8129.97,41465.39,0.99999994
1383,8926.57,41137.133,0.9999993
1384,8598.31,42033.453,0.9999996
1385,9494.63,42705.215,0.99998784
1386,10166.4,42772.652,0.9990991
1387,10233.9,43651.37,0.99999994
1388,11112.7,44212.18,-0.99997777
1389,10551.8,44885.68,0.99999994
1390,11225.3,45064.0,0.9999998
1391,11403.7,45777.22,-0.99999934
1392,10690.4,45091.74,0.99999994
1393,10005.0,44795.56,-0.9999996
1394,10301.1,44307.45,0.99999994
1395,9813.07,44455.71,-0.9999987
1396,9664.73,45157.68,0.99999994
1397,10366.7,45516.5,0.9999997
1398,10725.6,45844.098,-0.99993616
1399,10397.9,46397.2,1.0
1400,10951.0,46532.598,0.9999979
1401,11086.4,46935.9,0.9999999
1402,11489.7,46958.797,0.9999996
1403,11512.6,47019.496,0.9999966
1404,11573.3,46226.02,0.9999998
1405,10779.9,47040.266,-0.9999988
1406,9965.57,46469.625,0.99999994
1407,9395.01,46527.086,-0.99998724
1408,9337.55,46998.53,-0.99994576
1409,8866.0,47711.082,0.9999996
1410,9578.63,48084.51,-0.99999976
1411,9205.12,48074.16,0.99999994
1412,9194.85,48999.05,-0.99992603
1413,8269.81,49030.1,1.0
1414,8300.86,49067.51,0.9999996
1415,8338.35,49488.902,-0.99999976
1416,7916.88,49795.62,0.9999998
1417,8223.68,49388.652,-0.9999995
1418,8630.65,49105.77,-0.9999397
1419,8913.47,49121.5,0.9999999
1420,8929.28,49322.23,-0.9999997
1421,8728.47,49473.297,0.99999994
1422,8879.62,49684.72,-0.99999934
1423,8668.12,49512.38,1.0
1424,8495.78,49225.918,0.99999857
1425,8209.4,49602.18,-0.999951
1426,7833.04,49723.54,0.99999994
1427,7954.48,50512.24,-0.99999857
1428,7165.7,50237.06,0.99999994
1429,6890.52,50319.99,0.99999964
1430,6973.53,50449.21,-0.9999998
1431,6844.23,50688.7,0.9999999
1432,7083.8,50316.31,-0.9999998
1433,7456.11,49714.04,1.0
1434,6853.84,49671.59,0.99999976
1435,6811.47,49846.66,-0.99999774
1436,6636.32,50121.43,0.99999994
1437,6911.09,50233.773,0.9999407
1438,7023.52,50486.434,-0.99981016
1439,6770.73,50550.383,0.99999994
1440,6834.76,50416.746,-0.999999
1441,6968.32,51337.676,1.0
1442,7889.25,51344.383,0.9999997
1443,7895.96,51434.66,0.99996936
1444,7986.24,51777.453,0.9999999
1445,8329.11,52047.812,-0.99999744
1446,8058.67,51891.23,1.0
1447,7902.09,52152.562,0.99999905
1448,8163.42,52283.45,0.9999948
1449,8294.31,52834.89,0.9999999
1450,8845.83,52785.06,-0.99999964
1451,8895.58,52691.94,1.0
1452,8802.46,52820.36,0.99999964
1453,8930.88,53586.98,0.99999976
1454,9697.5,52735.22,0.99999976
1455,8845.74,53170.99,0.9999997
1456,9281.51,52876.53,0.99999917
1457,8987.05,53237.957,0.9999945
1458,9348.48,53308.477,0.99999976
1459,9419.08,53486.93,-0.999999
1460,9240.55,53365.387,1.0
1461,9119.01,53482.297,0.9999977
1462,9235.92,53989.99,0.9995054
1463,9743.86,53946.805,0.9999999
1464,9700.76,53789.336,-0.99999976
1465,9858.15,53585.906,0.99999994
1466,9654.8,53867.617,-0.9999987
1467,9373.01,53729.426,1.0
1468,9234.82,53819.58,0.99771386
1469,9325.18,53538.258,0.9999998
1470,9043.94,54140.62,-0.999987
1471,8441.49,54204.023,0.9999998
1472,8504.89,54422.992,0.9999998
1473,8723.94,54430.062,-0.9999997
1474,8716.79,54223.57,0.99999994
1475,8510.38,54364.953,-0.9993687
1476,8368.83,54090.44,0.99999994
1477,8094.32,54247.01,0.9999997
1478,8250.97,54250.71,-0.99671894
1479,8247.18,54516.7,0.9999996
1480,8513.25,54610.88,-0.9999987
1481,8418.99,54233.668,1.0
1482,8041.78,53749.71,0.9999998
1483,7557.82,53779.2,0.99889755
1484,7587.34,53671.918,0.99999946
1485,7480.14,53796.098,-0.9999973
1486,7355.88,53808.18,0.9793018
1487,7368.22,53575.953,0.9999999
1488,7135.99,53912.55,0.99999976
1489,7472.59,53846.48,1.0
1490,7406.52,53934.133,0.99999666
1491,7494.17,53981.41,0.99999994
1492,7541.45,54083.41,0.99999076
1493,7643.45,54160.21,0.9999999
1494,7720.25,53954.43,0.9999995
1495,7514.47,54073.72,0.9999996
1496,7633.76,54093.86,0.9999999
1497,7653.98,54069.52,-0.99999654
1498,7678.24,54016.12,0.99999994
1499,7624.92,54108.98,-0.99999934
1500,7531.98,53363.02,1.0
1501,6786.02,53483.92,0.9999996
1502,6906.92,53159.36,0.9999997
1503,6582.36,52926.902,0.9999921
1504,6349.9,53252.27,0.99998915
1505,6675.35,53470.957,-0.99999857
1506,6456.58,53564.457,0.99999994
1507,6550.16,53615.266,-0.99992514
1508,6499.27,53850.816,0.99999994
1509,6734.82,53885.855,0.99999976
1510,6769.94,53879.164,-0.99999976
1511,6776.55,53832.273,0.99999994
1512,6729.74,54478.242,-0.99999696
1513,6083.69,54557.03,1.0
1514,6162.48,54567.703,0.9999997
1515,6173.23,54491.67,-0.99999636
1516,6249.18,54336.082,0.99999994
1517,6093.67,54272.543,-0.99999964
1518,6157.13,54018.85,1.0
1519,5903.44,54333.71,0.9999994
1520,6218.3,54519.414,0.99999756
1521,6404.0,54501.23,0.99999964
1522,6385.82,54729.586,0.99997896
1523,6614.18,54644.996,0.9999998
1524,6529.59,54712.957,0.99999976
1525,6597.55,54754.547,0.99999976
1526,6639.14,54788.906,0.9999976
1527,6673.5,54972.258,0.9999999
1528,6856.93,55055.176,-0.99935776
1529,6773.88,55023.043,0.99999994
1530,6741.75,54611.246,0.9999998
1531,6329.95,54676.004,0.99999803
1532,6394.71,54510.023,0.99999976
1533,6228.81,54500.703,-0.99999833
1534,6238.05,54538.773,0.99999994
1535,6276.12,54622.28,0.999825
1536,6359.64,55004.227,0.99957407
1537,6741.75,55583.438,0.9999999
1538,7321.04,55533.617,-0.9999995
1539,7370.78,55629.617,0.99999994
1540,7466.86,55742.17,-0.9991696
1541,7354.13,55807.332,0.99999994
1542,7419.29,55806.53,0.99999845
1543,7418.49,56099.152,0.9999949
1544,7711.11,56812.23,0.99999964
1545,8424.27,57055.016,-0.99993706
1546,8181.39,56825.207,0.99999994
1547,7951.58,57038.637,0.9999999
1548,8165.01,57065.508,0.990145
1549,8192.15,57091.74,0.9999999
1550,8218.46,57129.637,-0.9999985
1551,8180.48,56729.598,0.99999994
1552,7780.44,56573.99,0.9999998
1553,7624.91,56631.668,-0.99999934
1554,7567.15,56498.83,0.99999994
1555,7434.39,56900.277,-0.99997467
1556,7032.85,56935.906,0.99999994
1557,7068.48,56819.15,0.99999964
1558,6951.8,57017.746,-0.99999976
1559,6753.12,56570.348,0.99999994
1560,6305.8,56307.844,-0.99998254
1561,6568.23,55924.32,0.99999994
1562,6184.71,56035.26,0.9999894
1563,6295.73,56008.258,-0.9986528
1564,6322.69,55983.06,0.9999998
1565,6297.57,56080.836,-0.9999994
1566,6199.71,56189.65,0.99999976
1567,6308.52,56215.855,0.99999994
1568,6334.73,56461.676,0.999998
1569,6580.63,56618.367,-0.99936223
1570,6423.76,56700.598,0.99999994
1571,6506.07,56898.06,-0.99999934
1572,6308.53,57078.285,0.99999994
1573,6488.76,56966.24,0.9999998
1574,6376.71,57124.406,0.99999875
1575,6534.88,57309.49,0.99999976
1576,6719.96,57352.715,0.9999974
1577,6763.19,57296.785,0.99999994
1578,6707.26,57474.086,0.99999964
1579,6884.64,57262.367,-0.9999927
1580,7096.28,57213.168,0.9999999
1581,7047.16,57282.02,-0.99999964
1582,6978.23,57341.367,0.99999994
1583,7037.58,57496.965,0.99953073
1584,7193.25,57576.434,0.9999999
1585,7272.72,57563.773,0.9999995
1586,7260.06,57665.375,0.9999997
1587,7361.66,57096.543,0.9999998
1588,6792.83,56832.887,0.999999
1589,6529.17,56770.707,0.99999976
1590,6467.07,57011.305,-0.9982903
1591,6225.98,57086.18,0.9999998
1592,6300.86,57113.598,0.9533765
1593,6329.7,57121.996,-0.997416
1594,6321.2,57152.516,0.9999999
1595,6351.8,56986.926,-0.9999992
1596,6517.31,56982.246,0.99999994
1597,6512.71,56951.676,-0.9999996
1598,6543.2,56925.656,1.0
1599,6517.18,56689.676,0.9999969
1600,6281.2,56779.777,0.99999946
1601,6371.3,56807.016,0.9999996
1602,6398.54,56927.77,0.99689716
1603,6519.67,57142.973,0.9999999
1604,6734.95,57155.86,-0.9999923
1605,6721.98,57144.51,0.99999994
1606,6710.63,57029.293,0.9999997
1607,6595.41,56880.355,0.99997747
1608,6446.47,56928.883,0.9999997
1609,6495.0,57110.61,0.9998603
1610,6676.75,57077.99,0.9999999
1611,6644.13,57035.82,0.99999946
1612,6601.96,57059.418,0.99999964
1613,6625.56,57023.48,0.9999999
1614,6589.62,56989.96,0.999997
1615,6556.1,56936.45,0.9999999
1616,6502.59,57010.53,0.9997331
1617,6576.69,57056.32,0.9999997
1618,6622.48,57022.15,0.999999
1619,6588.31,57036.79,0.9999997
1620,6602.95,57086.07,0.9999998
1621,6652.23,57076.48,0.9999997
1622,6642.64,57019.37,0.99999964
1623,6585.53,56690.08,0.99999946
1624,6256.24,56708.418,0.9999995
1625,6274.58,56719.83,0.9999971
1626,6285.99,56724.77,0.999999
1627,6290.93,57030.38,0.9999996
1628,6596.54,57029.95,0.99968135
1629,6596.11,56978.27,0.99999994
1630,6544.43,56910.55,0.99999976
1631,6476.71,56899.25,0.9999987
1632,6465.41,56922.95,0.9999998
1633,6489.19,56929.71,-0.99999636
1634,6482.35,56934.52,0.99999994
1635,6487.16,56923.098,0.9999994
1636,6475.74,56942.953,0.987733
1637,6495.84,56923.324,0.99999994
1638,6476.29,56924.766,-0.9893331
1639,6474.75,56930.4,0.99999994
1640,6480.38,56936.406,0.9999882
1641,6486.39,56782.65,0.99999976
1642,6332.63,56784.285,0.9999996
1643,6334.27,56767.625,0.99998766
1644,6317.61,56827.797,0.9999998
1645,6377.78,56838.457,0.99999934
1646,6388.44,56811.277,0.99999875
1647,6361.26,56826.15,0.9999998
1648,6376.13,56869.676,0.9999718
1649,6419.66,56911.027,0.9999997
1650,6461.01,56980.156,0.9999997
1651,6530.14,56903.734,0.9999993
1652,6453.72,56835.637,0.9999998
1653,6385.62,56859.234,0.9999992
1654,6409.22,56861.285,0.9999997
1655,6411.27,56821.285,0.99999964
1656,6371.27,56809.504,0.999999
1657,6359.49,56188.367,0.99999976
1658,5738.35,56098.047,0.99999934
1659,5648.03,56025.566,0.99999964
1660,5575.55,56004.445,0.99538064
1661,5554.33,56073.574,0.9999992
1662,5623.54,56825.086,-0.9993937
1663,4871.49,56405.47,0.99999994
1664,4451.87,56555.688,0.99999964
1665,4602.17,56791.836,-0.99999964
1666,4365.94,56772.926,0.9999999
1667,4347.11,57239.195,-0.9999998
1668,3880.76,57368.33,0.99999994
1669,4009.97,57598.996,-0.9996023
1670,3779.13,57640.586,0.9999999
1671,3820.72,58077.207,0.9999998
1672,4257.42,58055.695,-0.9999997
1673,4278.85,57794.117,0.99999994
1674,4017.27,57991.516,0.99999595
1675,4214.67,57916.727,0.9999995
1676,4139.88,57670.895,0.9999998
1677,3894.13,57608.055,-0.99999934
1678,3956.89,57405.074,0.99999994
1679,3753.99,57637.883,-0.9999936
1680,3521.1,57536.723,0.99999994
1681,3419.94,57592.895,0.9999997
1682,3476.11,57731.01,0.9999976
1683,3614.23,57619.44,0.9999998
1684,3502.66,57541.37,0.99999964
1685,3424.59,57603.734,0.99999976
1686,3486.95,57430.465,0.9999997
1687,3313.68,57359.26,0.9999992
1688,3242.48,57353.543,0.99999946
1689,3236.76,57369.62,0.9999989
1690,3252.84,57662.64,0.9999984
1691,3545.86,57812.844,0.99999946
1692,3696.06,57862.734,0.9999997
1693,3745.95,58251.22,0.99998564
1694,4134.44,58013.316,0.99999994
1695,3896.54,58130.957,0.9999995
1696,4014.18,58115.758,0.9999988
1697,3998.98,58195.375,0.9999992
1698,4078.6,57932.188,0.9999997
1699,3815.49,57890.297,-0.9999989
1700,3857.3,57687.83,0.99999994
1701,3654.83,57956.918,0.9999967
1702,3923.92,57853.406,0.99999994
1703,3820.41,57898.867,0.99999964
1704,3865.95,58021.945,-0.99927413
1705,3742.7,58122.766,1.0
1706,3843.52,58222.656,0.99999934
1707,3943.41,58115.99,0.99999976
1708,3836.74,58136.965,0.9999996
1709,3857.72,58124.438,0.99999964
1710,3845.19,58355.875,0.999996
1711,4076.63,58304.414,0.9999998
1712,4025.25,58298.754,-0.9968929
1713,4030.85,58303.125,0.99999994
1714,4035.3,58659.42,-0.9999992
1715,3678.92,58667.875,1.0
1716,3687.37,58641.723,0.9999993
1717,3661.3,58749.746,-0.9977171
1718,3552.95,58902.766,0.9999999
1719,3706.05,58977.26,-0.98946714
1720,3630.68,59001.594,0.99999994
1721,3655.01,59025.062,0.9999997
1722,3678.56,59045.703,-0.9999807
1723,3657.84,59116.35,0.9999998
1724,3728.57,59243.832,-0.9999989
1725,3601.01,59218.85,0.99999994
1726,3576.03,59247.324,0.9999993
1727,3604.58,59266.5,-0.9895124
1728,3585.12,59282.168,0.9999999
1729,3600.87,59283.188,-0.99999905
1730,3599.77,59285.88,1.0
1731,3602.46,59267.39,0.99999803
1732,3583.97,59153.87,0.9999989
1733,3470.45,59131.46,0.9999998
1734,3448.12,59093.32,-0.9999897
1735,3486.18,59064.93,0.99999994
1736,3457.79,59095.09,0.99999934
1737,3487.95,59128.176,0.999323
1738,3521.06,59071.13,0.99999994
1739,3464.01,59066.266,0.9999579
1740,3459.15,59073.477,0.9999998
1741,3466.36,59020.887,0.9999996
1742,3413.77,59006.586,0.9999989
1743,3399.47,59273.9,0.99999976
1744,3666.78,59278.316,0.99999917
1745,3671.2,59297.31,0.99999964
1746,3690.19,59255.547,0.9999999
1747,3648.43,59260.65,0.99999934
1748,3653.53,59239.188,0.9999998
1749,3632.07,59223.996,0.9999978
1750,3616.88,59227.926,0.99999964
1751,3620.81,59236.906,0.9999992
1752,3629.79,59280.957,0.999994
1753,3673.84,59522.83,0.9999999
1754,3915.71,59554.207,0.99999815
1755,3947.09,59606.938,0.9999999
1756,3999.82,59561.24,0.99999964
1757,3954.12,59612.65,0.99999964
1758,4005.53,59749.65,0.99999976
1759,4142.53,59417.65,0.9996956
1760,3810.43,59489.918,0.9999999
1761,3882.7,59461.5,0.99999917
1762,3854.36,59464.582,-0.95491356
1763,3851.05,59468.242,0.9999999
1764,3854.79,59463.37,-0.9999997
1765,3859.58,59468.21,1.0
1766,3864.42,59450.973,0.9999992
1767,3847.18,59365.35,0.99999946
1768,3761.56,59500.094,0.9999998
1769,3896.38,59492.453,-0.99999905
1770,3903.94,59499.992,1.0
1771,3911.48,59489.64,0.999999
1772,3901.13,59551.824,0.9999994
1773,3963.31,59540.03,0.9999998
1774,3951.6,59586.32,-0.99996287
1775,3905.23,59590.25,0.9999999
1776,3909.16,59587.812,0.9999967
1777,3906.72,59605.46,0.99999964
1778,3924.37,59641.92,0.99999976
1779,3960.91,59554.02,-0.9999974
1780,4048.73,59530.52,0.99999994
1781,4025.23,59537.8,0.99999934
1782,4032.51,59576.48,0.99999976
1783,4071.19,59592.77,0.9999997
1784,4087.48,59534.62,0.99999934
1785,4029.33,59529.26,0.9999997
1786,4023.97,59541.12,0.9999994
1787,4035.83,59527.46,0.99999964
1788,4022.17,59468.36,0.9999997
1789,3963.07,59490.37,0.9999997
1790,3985.08,59592.36,0.9999995
1791,4087.07,59574.402,0.99999964
1792,4069.11,59603.66,0.9999997
1793,4098.37,59611.95,0.99999964
1794,4106.66,59610.69,0.99999964
1795,4105.4,59663.473,0.99999976
1796,4158.18,60385.17,0.99999946
1797,4879.88,60478.31,0.9999997
1798,4973.02,60428.09,0.9999994
1799,4922.8,60541.97,0.9999999
1800,5036.68,60565.11,0.99999887
1801,5059.82,60704.19,0.9999998
1802,5198.9,60795.06,0.999997
1803,5289.77,60710.25,0.9999943
1804,5204.96,60829.76,0.9999998
1805,5324.55,61089.742,-0.9999993
1806,5064.49,61114.79,1.0
1807,5089.54,61121.84,0.99999076
1808,5096.59,61192.97,0.9999999
1809,5167.72,61092.36,0.9999997
1810,5067.11,61260.81,0.9999829
1811,5235.56,61277.188,0.9999999
1812,5251.94,61323.637,0.9999995
1813,5298.39,61329.06,0.9999997
1814,5303.81,61363.06,0.9999998
1815,5337.89,61386.12,-0.9907038
1816,5314.53,61470.96,0.99999994
1817,5399.37,61643.79,0.9990648
1818,5572.36,61536.3,0.99999964
1819,5464.87,61281.95,0.99999976
1820,5210.52,61350.78,0.99999964
1821,5279.35,61339.72,0.9999997
1822,5268.29,61356.57,0.99999845
1823,5285.14,61318.78,0.99999267
1824,5247.35,61422.16,0.99999976
1825,5350.73,61474.13,0.99999976
1826,5402.7,61576.71,0.99999934
1827,5505.28,61839.72,0.99999994
1828,5768.29,61902.598,0.9999994
1829,5831.17,61867.14,0.999999
1830,5795.71,61818.24,0.9999998
1831,5746.81,61900.516,0.9949885
1832,5829.5,62053.477,0.9999998
1833,5982.46,62245.402,0.9992639
1834,6174.53,62449.723,0.9999999
1835,6378.85,63275.645,0.99999976
1836,7204.77,63043.242,0.99999934
1837,6972.37,63885.793,0.9999999
1838,7814.92,64065.293,0.9999998
1839,7994.42,64276.04,0.99997604
1840,8205.17,63955.7,0.9999999
1841,7884.91,64496.625,-0.9999945
1842,7343.9,64423.934,1.0
1843,7271.21,65350.332,0.9999951
1844,8197.69,65569.63,-0.9999992
1845,7978.31,65554.57,0.9999999
1846,7963.33,65837.75,-0.9999995
1847,7680.07,66039.53,1.0
1848,7881.85,66145.05,0.99999905
1849,7987.37,66210.22,0.99999976
1850,8052.54,66830.9,0.99999946
1851,8673.22,66963.46,0.9999996
1852,8805.78,66877.64,0.99995726
1853,8719.96,66817.09,0.9999999
1854,8659.49,67157.03,-0.9999966
1855,8319.47,67411.984,0.99999994
1856,8574.5,67422.38,-0.99999267
1857,8564.02,67601.32,0.99999934
1858,8742.96,67067.27,0.9999998
1859,8208.99,67568.414,-0.99999875
1860,7707.77,67684.79,0.99999994
1861,7824.23,67686.92,-0.99999934
1862,7822.02,67908.85,0.99999994
1863,8043.95,67818.95,0.99999785
1864,7954.13,68084.92,-0.9999997
1865,7688.08,68397.09,0.9999999
1866,8000.33,68469.63,-0.9999997
1867,7927.71,68687.78,0.99999994
1868,8145.86,68772.75,0.99892837
1869,8230.92,69235.59,0.99986327
1870,8693.83,69380.07,0.9999999
1871,8838.38,69223.875,-0.9999996
1872,8994.49,69549.734,1.0
1873,9320.35,69311.15,0.99999744
1874,9081.76,69502.91,0.99999994
1875,9273.52,69756.55,0.99999964
1876,9527.16,70373.89,0.999907
1877,10144.56,70930.94,0.9999998
1878,10701.69,70777.18,-0.9999984
1879,10855.37,70932.914,1.0
1880,11011.1,71712.73,0.9999999
1881,11790.92,72938.04,0.9999996
1882,13016.23,71104.62,0.9999998
1883,11182.81,72329.14,0.9999995
1884,12407.33,71881.1,0.9999998
1885,11959.37,73023.23,-0.9999996
1886,10817.16,72789.12,0.99999994
1887,10583.13,72570.49,-0.99999976
1888,10801.68,73730.0,0.9999998
1889,11961.27,74475.83,-0.99999577
1890,11215.44,74712.73,-0.99999666
1891,10978.46,74942.734,0.99999994
1892,11208.55,74700.35,-0.99999976
1893,11450.85,75535.38,0.99999994
1894,12285.96,75247.45,-0.9999996
1895,12573.81,74830.16,0.9999999
1896,12156.51,74032.23,0.9999999
1897,11358.66,73574.81,-0.9999993
1898,11815.99,73151.125,0.99999994
1899,11392.38,74287.37,-0.99999976
1900,10256.06,74926.31,0.99999994
1901,10895.09,76343.69,-0.9999998
1902,9477.64,76559.766,0.99963146
1903,9693.8,77532.37,0.9999999
1904,10666.48,77668.03,-0.9999998
1905,10530.73,77904.37,0.9999999
1906,10767.14,78072.31,-0.9999995
1907,10599.11,77816.31,0.99999994
1908,10343.11,77373.9,0.9999998
1909,9900.77,77462.66,-0.9999995
1910,9811.93,77562.484,0.99999994
1911,9911.84,77603.945,-0.99999976
1912,9870.3,77211.33,0.99999994
1913,9477.68,77286.42,0.9999998
1914,9552.86,77320.055,-0.9999982
1915,9519.15,77408.33,1.0
1916,9607.42,77886.53,0.999999
1917,10085.63,78200.58,0.9999997
1918,10399.67,78319.08,0.9999997
1919,10518.17,78622.63,0.9999995
1920,10821.73,78771.086,0.9999998
1921,10970.18,79606.555,0.99999976
1922,11805.65,79279.07,0.99999964
1923,11478.17,79742.875,0.9999988
1924,11941.97,79767.234,0.9999999
1925,11966.41,79870.625,-0.99998146
1926,11862.94,79361.7,1.0
1927,11354.02,79531.23,0.9997902
1928,11523.58,79390.266,0.99999994
1929,11382.62,78903.4,0.9999986
1930,10895.83,79747.445,-0.99999887
1931,10051.7,80007.22,0.9999999
1932,10311.55,79944.34,-0.99999976
1933,10374.34,79801.664,0.99999994
1934,10231.74,79687.516,-0.99998397
1935,10345.81,80257.76,0.99999994
1936,10916.05,80104.94,0.9999998
1937,10763.23,79479.76,0.99999946
1938,10138.05,79472.766,0.9999999
1939,10131.06,79749.68,0.999998
1940,10407.97,79501.586,0.99999803
1941,10159.96,79522.75,-0.99081314
1942,10138.52,79755.055,0.9999993
1943,10370.82,79569.734,0.999998
1944,10185.5,79138.57,1.0
1945,9754.42,79382.71,-0.9999979
1946,9510.2,79470.6,0.99999994
1947,9598.17,79438.03,-0.9999834
1948,9630.66,79565.34,0.99999976
1949,9757.97,80154.13,0.9999993
1950,10346.76,80430.91,0.99999356
1951,10623.54,80401.86,0.99999994
1952,10594.49,80382.9,0.9999999
1953,10575.53,80160.69,0.99991435
1954,10353.3,80324.64,0.9999998
1955,10517.25,80248.59,0.9999417
1956,10441.28,80354.66,-0.99844694
1957,10334.97,80135.67,0.9999998
1958,10115.98,80198.055,0.9999268
1959,10178.37,80429.734,0.99999994
1960,10410.13,80479.234,-0.99999917
1961,10360.55,80476.734,0.99999994
1962,10358.05,80466.31,0.9999997
1963,10347.71,80537.016,-0.9980309
1964,10276.79,80501.49,0.99999994
1965,10241.27,80458.48,0.9999968
1966,10198.25,80526.63,0.99999994
1967,10266.41,80441.78,0.9999987
1968,10181.64,80603.555,-0.99957746
1969,10019.72,80654.15,0.99999994
1970,10070.39,80995.13,-0.9999994
1971,9729.32,79886.38,0.99999994
1972,8620.57,79752.73,0.9999991
1973,8486.99,80120.664,-0.99999785
1974,8118.97,80253.47,0.9999995
1975,8251.85,80259.4,-0.9999999
1976,8245.92,80400.93,-0.99918914
1977,8104.19,80590.61,0.99999994
1978,8293.87,80640.02,0.9999996
1979,8343.28,80689.78,0.99999994
1980,8393.04,80556.65,0.9999997
1981,8259.99,80610.62,-0.9999994
1982,8205.94,80556.1,0.99999994
1983,8151.5,80719.36,-0.9999997
1984,7988.16,80976.82,0.99999994
1985,8245.62,80959.99,0.9992144
1986,8228.78,81326.95,0.99999994
1987,8595.74,81317.6,0.9999998
1988,8586.47,81582.2,-0.99989724
1989,8321.76,81597.01,0.99999994
1990,8336.56,81581.45,0.9999898
1991,8321.01,81635.13,0.9999997
1992,8374.69,81465.734,0.99999905
1993,8205.37,81623.5,-0.9999996
1994,8047.53,81679.8,0.9999999
1995,8103.91,81810.414,-0.99999964
1996,7973.21,81825.766,1.0
1997,7988.56,82059.29,0.9999996
1998,8222.08,82080.92,0.99998677
