1/1/2014,771.4,22489400
1/2/2014,802.39,38489500
1/3/2014,818.72,37810100
1/4/2014,859.51,38005000
1/5/2014,933.53,72898496
1/6/2014,953.29,85565696
1/7/2014,802,81311696
1/8/2014,842.72,74175600
1/9/2014,846.86,59998600
1/10/2014,868.48,31876800
1/11/2014,913.95,44754200
1/12/2014,863.22,39623500
1/13/2014,841.2,45580900
1/14/2014,833.27,20829800
1/15/2014,860.9,28107200
1/16/2014,835.63,19149300
1/17/2014,814.64,39031700
1/18/2014,840,18052700
1/19/2014,870.96,24365700
1/20/2014,870.2,27652700
1/21/2014,863.91,18997300
1/22/2014,845.59,18453700
1/23/2014,822.04,15607100
1/24/2014,797.07,34912000
1/25/2014,853.61,24303900
1/26/2014,885.28,32224300
1/27/2014,771.39,49233600
1/28/2014,812.51,44875500
1/29/2014,826,17984400
1/30/2014,819.03,29918200
1/31/2014,829.92,17107900
2/1/2014,832.58,19668700
2/2/2014,825.37,11300900
2/3/2014,823.83,13940100
2/4/2014,827.96,16609700
2/5/2014,811.91,22395100
2/6/2014,781.55,50108700
2/7/2014,712.4,113643000
2/8/2014,673.92,38742600
2/9/2014,682.9,39311400
2/10/2014,681.03,112758000
2/11/2014,672.17,72745200
2/12/2014,651.72,25367600
2/13/2014,605.24,38588100
2/14/2014,661.99,102506000
2/15/2014,650.92,26709200
2/16/2014,616.63,40061700
2/17/2014,626.27,31948400
2/18/2014,626.6,20015100
2/19/2014,623.03,13897800
2/20/2014,556.14,46905000
2/21/2014,574.16,47308100
2/22/2014,605.42,31254000
2/23/2014,605.82,31434400
2/24/2014,546.32,57893900
2/25/2014,538.71,126314000
2/26/2014,582.69,64642700
2/27/2014,578.77,25540800
2/28/2014,549.26,28076100
3/1/2014,565.61,18668100
3/2/2014,559.79,7950760
3/3/2014,667.76,96056896
3/4/2014,666.78,55344600
3/5/2014,665.51,22461900
3/6/2014,663.86,16068100
3/7/2014,629.15,34150800
3/8/2014,617.45,18654200
3/9/2014,636.96,15396500
3/10/2014,627.79,20639800
3/11/2014,634.11,11732500
3/12/2014,632.1,18621200
3/13/2014,638.14,11634900
3/14/2014,628.8,11913800
3/15/2014,636.12,4342080
3/16/2014,631.11,5277290
3/17/2014,622.37,14648200
3/18/2014,614.83,24011500
3/19/2014,609.89,14228900
3/20/2014,588.77,20572900
3/21/2014,571.49,38414100
3/22/2014,565.04,17360700
3/23/2014,561.27,9288400
3/24/2014,583.41,22706900
3/25/2014,583.92,14020100
3/26/2014,580.83,16401100
3/27/2014,471.24,62225400
3/28/2014,495.67,58828300
3/29/2014,491.17,11147100
3/30/2014,460.27,42958300
3/31/2014,457,28254000
4/1/2014,478.38,35685800
4/2/2014,437.14,49647600
4/3/2014,444.72,40765500
4/4/2014,447.53,22925500
4/5/2014,461.91,13404500
4/6/2014,460.5,10241400
4/7/2014,449.42,15616600
4/8/2014,453.09,10921600
4/9/2014,442.73,13204400
4/10/2014,365.18,55868300
4/11/2014,420.95,62562800
4/12/2014,421.12,19226500
4/13/2014,414.06,22493500
4/14/2014,458.79,50730200
4/15/2014,515.59,49561000
4/16/2014,527.4,56480100
4/17/2014,495.96,34025500
4/18/2014,479.64,19042400
4/19/2014,501.57,19588200
4/20/2014,498.17,12103100
4/21/2014,495.77,15171400
4/22/2014,487.92,11670900
4/23/2014,491.3,9814530
4/24/2014,500.46,13009400
4/25/2014,461.45,46856500
4/26/2014,458.6,12214600
4/27/2014,436.39,10949500
4/28/2014,440.29,23876600
4/29/2014,447.21,16401400
4/30/2014,447.64,15244900
5/1/2014,457.76,12871800
5/2/2014,449.38,10394200
5/3/2014,437.76,9849640
5/4/2014,436.4,5621260
5/5/2014,433.48,10004800
5/6/2014,428.96,12507300
5/7/2014,438.82,18332200
5/8/2014,440.17,9446580
5/9/2014,449.46,10347900
5/10/2014,454.43,6682600
5/11/2014,438.89,12251700
5/12/2014,441.46,7383770
5/13/2014,440.67,7682670
5/14/2014,443.97,9472960
5/15/2014,447.25,7362980
5/16/2014,448.06,6475100
5/17/2014,448.9,2945790
5/18/2014,446.26,2857830
5/19/2014,446.18,6242620
5/20/2014,485.72,40327500
5/21/2014,491.77,14626000
5/22/2014,524.58,33086500
5/23/2014,520.22,34934700
5/24/2014,525.14,11499300
5/25/2014,571.59,47010300
5/26/2014,583.42,29959800
5/27/2014,571.24,38032000
5/28/2014,577.06,19289000
5/29/2014,568.18,18707800
5/30/2014,615.33,31985400
5/31/2014,623.68,15107100
6/1/2014,630.23,45259100
6/2/2014,660.62,45450200
6/3/2014,667.6,40653700
6/4/2014,641.61,37731500
6/5/2014,659.26,29621300
6/6/2014,653.7,18680100
6/7/2014,654.97,15855300
6/8/2014,656.14,8614190
6/9/2014,649.16,19065400
6/10/2014,653.15,17913400
6/11/2014,633.02,25163800
6/12/2014,586.95,50818800
6/13/2014,600.16,35700700
6/14/2014,577.36,38481200
6/15/2014,592.94,23580900
6/16/2014,592.19,28677500
6/17/2014,610.86,18597300
6/18/2014,607.96,17862000
6/19/2014,598.07,12803800
6/20/2014,594.15,18134100
6/21/2014,594.99,9256290
6/22/2014,602.27,10877700
6/23/2014,593.98,14053800
6/24/2014,582.36,14144900
6/25/2014,566.34,20687700
6/26/2014,581.14,14655900
6/27/2014,597.26,20814600
6/28/2014,596.55,13398100
6/29/2014,602.72,8897470
6/30/2014,639.8,46422400
7/1/2014,640.81,38446300
7/2/2014,650.88,25768200
7/3/2014,645.16,18949000
7/4/2014,630.69,22237200
7/5/2014,631.46,9105940
7/6/2014,635.81,10080000
7/7/2014,624.09,17813600
7/8/2014,624.82,10005500
7/9/2014,624.51,9819150
7/10/2014,616.76,15880700
7/11/2014,632,16467100
7/12/2014,633.71,13329000
7/13/2014,626.5,11291000
7/14/2014,619.32,12706800
7/15/2014,621.59,10873200
7/16/2014,616.8,13182400
7/17/2014,623.09,16576700
7/18/2014,628.78,14158100
7/19/2014,628.52,7222030
7/20/2014,623.9,5760120
7/21/2014,622.21,10711900
7/22/2014,621.55,9602880
7/23/2014,619.41,11056600
7/24/2014,601.73,20917200
7/25/2014,601.09,12279500
7/26/2014,595.81,10752900
7/27/2014,593.85,7774230
7/28/2014,585.69,19316400
7/29/2014,584.72,11275400
7/30/2014,567.29,14898800
7/31/2014,586.23,22467900
8/1/2014,594.92,18215900
8/2/2014,589.33,8359080
8/3/2014,586.67,9917990
8/4/2014,588.78,9867570
8/5/2014,585.44,10790800
8/6/2014,584.65,14497900
8/7/2014,588.87,11131400
8/8/2014,592.58,11072000
8/9/2014,589.37,7922070
8/10/2014,591.06,7555310
8/11/2014,576.37,14764200
8/12/2014,569.64,13978200
8/13/2014,546.66,25777500
8/14/2014,505.97,35803900
8/15/2014,497.01,25598300
8/16/2014,519.71,22832500
8/17/2014,491.8,24300900
8/18/2014,461.46,50783800
8/19/2014,485.24,38422400
8/20/2014,511.98,46527600
8/21/2014,517.24,49444200
8/22/2014,514.04,36563900
8/23/2014,498.08,25171900
8/24/2014,508.29,19441700
8/25/2014,502.5,18356700
8/26/2014,511.57,23235100
8/27/2014,511.15,22648500
8/28/2014,507.82,19862000
8/29/2014,508.52,17624800
8/30/2014,504.25,9424070
8/31/2014,477.76,44632300
9/1/2014,474.88,20432000
9/2/2014,477.43,23337900
9/3/2014,477.59,13342200
9/4/2014,489.66,26081400
9/5/2014,483.34,15302500
9/6/2014,484.83,10601400
9/7/2014,482.28,8994050
9/8/2014,474.6,30238000
9/9/2014,475.26,21447800
9/10/2014,479.36,22787800
9/11/2014,479.75,16852900
9/12/2014,477.75,15437200
9/13/2014,479,15588000
9/14/2014,477.89,13105500
9/15/2014,475.37,15345200
9/16/2014,466.06,16797300
9/17/2014,457.33,21056800
9/18/2014,424.44,34483200
9/19/2014,394.8,37919700
9/20/2014,408.9,36863600
9/21/2014,398.82,26580100
9/22/2014,402.15,24127600
9/23/2014,435.79,45099500
9/24/2014,423.2,30627700
9/25/2014,411.57,26814400
9/26/2014,404.42,21460800
9/27/2014,399.52,15029300
9/28/2014,377.18,23613300
9/29/2014,375.47,32497700
9/30/2014,386.94,34707300
10/1/2014,383.61,26229400
10/2/2014,375.07,21777700
10/3/2014,359.51,30901200
10/4/2014,328.87,47236500
10/5/2014,320.51,83308096
10/6/2014,330.08,79011800
10/7/2014,336.19,49199900
10/8/2014,352.94,54736300
10/9/2014,365.03,83641104
10/10/2014,361.56,43665700
10/11/2014,362.3,13345200
10/12/2014,378.55,17552800
10/13/2014,390.41,35221400
10/14/2014,400.87,38491500
10/15/2014,394.77,25267100
10/16/2014,382.56,26990000
10/17/2014,383.76,13600700
10/18/2014,391.44,11416800
10/19/2014,389.55,5914570
10/20/2014,382.85,16419000
10/21/2014,386.48,14188900
10/22/2014,383.16,11641300
10/23/2014,358.42,26456900
10/24/2014,358.35,15585700
10/25/2014,347.27,18127500
10/26/2014,354.7,11272500
10/27/2014,352.99,13033000
10/28/2014,357.62,7845880
10/29/2014,335.59,18192700
10/30/2014,345.3,30177900
10/31/2014,338.32,12545400
11/1/2014,325.75,16677200
11/2/2014,325.89,8603620
11/3/2014,327.55,12948500
11/4/2014,330.49,15655500
11/5/2014,339.49,19817200
11/6/2014,349.29,18797000
11/7/2014,342.42,16834200
11/8/2014,345.49,8535470
11/9/2014,363.26,24205600
11/10/2014,366.92,30450100
11/11/2014,367.7,15838900
11/12/2014,423.56,45783200
11/13/2014,420.73,58945000
11/14/2014,397.82,29589200
11/15/2014,376.13,15727500
11/16/2014,387.88,11905600
11/17/2014,387.41,41518800
11/18/2014,375.2,32222500
11/19/2014,380.55,18931800
11/20/2014,357.84,25233200
11/21/2014,350.85,29850100
11/22/2014,352.92,15273000
11/23/2014,367.57,15151600
11/24/2014,376.9,30930100
11/25/2014,375.35,25442200
11/26/2014,368.37,18601700
11/27/2014,369.67,8748030
11/28/2014,376.45,22946500
11/29/2014,375.49,15375600
11/30/2014,378.05,9194440
12/1/2014,379.24,11763000
12/2/2014,381.32,12364100
12/3/2014,375.01,13340100
12/4/2014,369.6,14529600
12/5/2014,376.85,15181800
12/6/2014,374.79,7009320
12/7/2014,375.1,6491650
12/8/2014,361.91,18898700
12/9/2014,352.22,32915500
12/10/2014,346.36,16427700
12/11/2014,350.51,32431300
12/12/2014,352.54,16989800
12/13/2014,347.38,11675900
12/14/2014,351.63,12415200
12/15/2014,345.35,17264200
12/16/2014,327.06,30864900
12/17/2014,319.78,37567900
12/18/2014,311.4,39173000
12/19/2014,317.84,23823100
12/20/2014,329.96,20856700
12/21/2014,320.84,15207600
12/22/2014,331.89,22315100
12/23/2014,334.57,16574200
12/24/2014,322.53,15092300
12/25/2014,319.01,9883640
12/26/2014,327.92,16410500
12/27/2014,315.86,15185200
12/28/2014,317.24,11676600
12/29/2014,312.67,12302500
12/30/2014,310.74,12528300
12/31/2014,320.19,13942900
1/1/2015,314.25,8036550
1/2/2015,315.03,7860650
1/3/2015,281.08,33054400
1/4/2015,264.2,55629100
1/5/2015,274.47,43962800
1/6/2015,286.19,23245700
1/7/2015,294.34,24866800
1/8/2015,283.35,19982500
1/9/2015,290.41,18718600
1/10/2015,274.8,15264300
1/11/2015,265.66,18200800
1/12/2015,267.8,18880300
1/13/2015,225.86,72843904
1/14/2015,178.1,97638704
1/15/2015,209.84,81773504
1/16/2015,208.1,38421000
1/17/2015,199.26,23469700
1/18/2015,210.34,30085100
1/19/2015,214.86,18658300
1/20/2015,211.32,24051100
1/21/2015,226.9,29924600
1/22/2015,233.41,33544600
1/23/2015,232.88,24621700
1/24/2015,247.85,24782500
1/25/2015,253.72,33582700
1/26/2015,273.47,106794000
1/27/2015,263.48,44399000
1/28/2015,233.91,44352200
1/29/2015,233.51,32213400
1/30/2015,226.43,26605200
1/31/2015,217.46,23348200
2/1/2015,226.97,29128500
2/2/2015,238.23,30612100
2/3/2015,227.27,40783700
2/4/2015,226.85,26594300
2/5/2015,217.11,22516400
2/6/2015,222.27,24435300
2/7/2015,227.75,21604200
2/8/2015,223.41,17145200
2/9/2015,220.11,27791300
2/10/2015,219.84,21115100
2/11/2015,219.18,17201900
2/12/2015,221.76,15206200
2/13/2015,235.43,42744400
2/14/2015,257.32,49732500
2/15/2015,234.82,56552400
2/16/2015,233.84,28153700
2/17/2015,243.61,27363100
2/18/2015,236.33,25200800
2/19/2015,240.28,18270500
2/20/2015,243.78,23876700
2/21/2015,244.53,12284200
2/22/2015,235.98,19527000
2/23/2015,238.89,16400000
2/24/2015,238.74,14200400
2/25/2015,237.47,11496200
2/26/2015,236.43,13619400
2/27/2015,253.83,44013900
2/28/2015,254.26,13949300
3/1/2015,260.2,25213700
3/2/2015,275.67,40465700
3/3/2015,281.7,50461300
3/4/2015,273.09,41383000
3/5/2015,276.18,41302400
3/6/2015,272.72,28918900
3/7/2015,276.26,17825900
3/8/2015,274.35,22067900
3/9/2015,289.61,59178200
3/10/2015,291.76,67770800
3/11/2015,296.38,33963900
3/12/2015,294.35,32585200
3/13/2015,285.34,31421500
3/14/2015,281.89,22612300
3/15/2015,286.39,11970100
3/16/2015,290.59,21516100
3/17/2015,285.51,21497200
3/18/2015,256.3,57008000
3/19/2015,260.93,52732000
3/20/2015,261.75,18456700
3/21/2015,260.02,17130100
3/22/2015,267.96,18438100
3/23/2015,266.74,22811900
3/24/2015,245.6,40073700
3/25/2015,246.2,35866900
3/26/2015,248.53,25730000
3/27/2015,247.03,17274900
3/28/2015,252.8,16040900
3/29/2015,242.71,21699400
3/30/2015,247.53,23009600
3/31/2015,244.22,22672000
4/1/2015,247.27,22877200
4/2/2015,253.01,26272600
4/3/2015,254.32,23146600
4/4/2015,253.7,12493500
4/5/2015,260.6,19649200
4/6/2015,255.49,20034200
4/7/2015,253.18,18467400
4/8/2015,245.02,30086400
4/9/2015,243.68,21643500
4/10/2015,236.07,28882000
4/11/2015,236.55,16365200
4/12/2015,236.15,12387900
4/13/2015,224.59,31181800
4/14/2015,219.16,31719000
4/15/2015,223.83,22562000
4/16/2015,228.57,24805400
4/17/2015,222.88,20429800
4/18/2015,223.36,12939000
4/19/2015,222.6,15021500
4/20/2015,224.63,18364700
4/21/2015,235.27,24978000
4/22/2015,234.18,23847900
4/23/2015,236.46,17036000
4/24/2015,231.27,21448700
4/25/2015,226.39,13957200
4/26/2015,219.43,28943700
4/27/2015,229.29,38574000
4/28/2015,225.85,21469200
4/29/2015,225.81,18936500
4/30/2015,236.15,33818600
5/1/2015,232.08,18815300
5/2/2015,234.93,12535500
5/3/2015,240.36,18494100
5/4/2015,239.02,21223400
5/5/2015,236.12,23929100
5/6/2015,229.78,29587200
5/7/2015,237.33,29064400
5/8/2015,243.86,27445500
5/9/2015,241.83,19790500
5/10/2015,240.3,15019100
5/11/2015,242.16,20892300
5/12/2015,241.11,19282600
5/13/2015,236.38,27180100
5/14/2015,236.93,24413700
5/15/2015,237.6,16329400
5/16/2015,236.15,11089700
5/17/2015,236.8,11134300
5/18/2015,233.13,16780300
5/19/2015,231.95,14241900
5/20/2015,234.02,15499400
5/21/2015,235.34,15108900
5/22/2015,240.35,27003000
5/23/2015,238.87,14605000
5/24/2015,240.95,11508000
5/25/2015,237.11,14423900
5/26/2015,237.12,16425000
5/27/2015,237.28,18837000
5/28/2015,237.41,13829600
5/29/2015,237.1,14805000
5/30/2015,233.35,14098600
5/31/2015,230.19,14730800
6/1/2015,222.93,26090500
6/2/2015,225.8,20459000
6/3/2015,225.87,17752400
6/4/2015,224.32,14728100
6/5/2015,224.95,18056500
6/6/2015,225.62,11131500
6/7/2015,222.88,13318400
6/8/2015,228.49,23378400
6/9/2015,229.05,28353100
6/10/2015,228.8,15904800
6/11/2015,229.71,14416000
6/12/2015,229.98,14017700
6/13/2015,232.4,13305300
6/14/2015,233.54,12165900
6/15/2015,236.82,19912100
6/16/2015,250.9,41612000
6/17/2015,249.28,43858400
6/18/2015,249.01,30980200
6/19/2015,244.61,23965300
6/20/2015,245.21,20608100
6/21/2015,243.94,10600900
6/22/2015,246.99,17692500
6/23/2015,244.3,15108700
6/24/2015,240.51,17344900
6/25/2015,242.8,16133100
6/26/2015,243.59,13983500
6/27/2015,250.99,20488600
6/28/2015,249.01,15137600
6/29/2015,257.06,34742900
6/30/2015,263.07,44533800
7/1/2015,258.62,27029800
7/2/2015,255.41,21551900
7/3/2015,256.34,19033800
7/4/2015,260.89,15620400
7/5/2015,271.91,44156100
7/6/2015,269.03,49154800
7/7/2015,266.21,28857600
7/8/2015,270.79,36980200
7/9/2015,269.23,40301200
7/10/2015,284.89,100390000
7/11/2015,293.11,41109900
7/12/2015,310.87,56405000
7/13/2015,292.05,62053900
7/14/2015,287.46,28727200
7/15/2015,285.83,27486600
7/16/2015,278.09,49482600
7/17/2015,279.47,27591400
7/18/2015,274.9,25187100
7/19/2015,273.61,15332500
7/20/2015,278.98,22711400
7/21/2015,275.83,22930700
7/22/2015,277.22,19389800
7/23/2015,276.05,18531300
7/24/2015,288.28,37199400
7/25/2015,288.7,20662200
7/26/2015,292.69,16032300
7/27/2015,293.62,30592000
7/28/2015,294.43,25453600
7/29/2015,289.59,24672600
7/30/2015,287.72,21635800
7/31/2015,284.65,23629100
8/1/2015,281.6,18995000
8/2/2015,282.61,17722200
8/3/2015,281.23,21474100
8/4/2015,285.22,21908700
8/5/2015,281.88,20128000
8/6/2015,278.58,18792100
8/7/2015,279.58,42484800
8/8/2015,261,58533000
8/9/2015,265.08,23789600
8/10/2015,264.47,20979400
8/11/2015,270.39,25433900
8/12/2015,266.38,26815400
8/13/2015,264.08,27685500
8/14/2015,265.68,27091200
8/15/2015,261.55,19321100
8/16/2015,258.51,29717000
8/17/2015,257.98,21617900
8/18/2015,211.08,42147200
8/19/2015,226.68,60869200
8/20/2015,235.35,32275000
8/21/2015,232.57,23173800
8/22/2015,230.39,23205900
8/23/2015,228.17,18406600
8/24/2015,210.49,59220700
8/25/2015,221.61,61089200
8/26/2015,225.83,31808000
8/27/2015,224.77,21905400
8/28/2015,231.4,31336600
8/29/2015,229.78,17142500
8/30/2015,228.76,19412600
8/31/2015,230.06,20710700
9/1/2015,228.12,20575200
9/2/2015,229.28,18760400
9/3/2015,227.18,17482000
9/4/2015,230.3,20962400
9/5/2015,235.02,20671400
9/6/2015,239.84,25473700
9/7/2015,239.85,21192200
9/8/2015,243.61,26879200
9/9/2015,238.17,23635700
9/10/2015,238.48,21215500
9/11/2015,240.11,19224700
9/12/2015,235.23,17962600
9/13/2015,230.51,18478800
9/14/2015,230.64,20997800
9/15/2015,230.3,19177800
9/16/2015,229.09,20144200
9/17/2015,229.81,18935400
9/18/2015,232.98,20242200
9/19/2015,231.49,12712600
9/20/2015,231.21,14444700
9/21/2015,227.09,19678800
9/22/2015,230.62,25009300
9/23/2015,230.28,17254100
9/24/2015,234.53,25097800
9/25/2015,235.14,22363600
9/26/2015,234.34,13724100
9/27/2015,232.76,14179900
9/28/2015,239.14,24713000
9/29/2015,236.69,22691300
9/30/2015,236.06,19743500
10/1/2015,237.55,20488800
10/2/2015,237.29,19677900
10/3/2015,238.73,16482700
10/4/2015,238.26,12999000
10/5/2015,240.38,23335900
10/6/2015,246.06,27535100
10/7/2015,242.97,22999200
10/8/2015,242.3,18515300
10/9/2015,243.93,17353100
10/10/2015,244.94,15912700
10/11/2015,247.05,16827300
10/12/2015,245.31,17388300
10/13/2015,249.51,28198500
10/14/2015,251.99,27462600
10/15/2015,254.32,25223500
10/16/2015,262.87,35901500
10/17/2015,270.64,43199600
10/18/2015,261.64,22434300
10/19/2015,263.44,25258800
10/20/2015,269.46,30889800
10/21/2015,266.27,25637300
10/22/2015,274.02,37808600
10/23/2015,276.5,29442500
10/24/2015,281.65,25942400
10/25/2015,283.68,45717100
10/26/2015,285.3,32108800
10/27/2015,293.79,46331800
10/28/2015,304.62,50808100
10/29/2015,313.86,64495900
10/30/2015,328.02,78305000
10/31/2015,314.17,48598100
11/1/2015,325.43,37001100
11/2/2015,361.19,101918000
11/3/2015,403.42,206162000
11/4/2015,411.56,263900000
11/5/2015,386.35,151824992
11/6/2015,374.47,122687000
11/7/2015,386.48,56625100
11/8/2015,373.37,51817600
11/9/2015,380.26,68224400
11/10/2015,336.82,95797904
11/11/2015,311.08,107070000
11/12/2015,338.15,78477800
11/13/2015,336.75,52003000
11/14/2015,332.91,38612000
11/15/2015,320.17,44213100
11/16/2015,330.75,47980100
11/17/2015,335.09,51001600
11/18/2015,334.59,43783800
11/19/2015,326.15,45011100
11/20/2015,322.02,53152900
11/21/2015,326.93,28200500
11/22/2015,324.54,23439400
11/23/2015,323.05,27478900
11/24/2015,320.05,29362600
11/25/2015,328.21,41666900
11/26/2015,352.68,106105000
11/27/2015,358.04,55179100
11/28/2015,357.38,36816600
11/29/2015,371.29,40409300
11/30/2015,377.32,71701600
12/1/2015,362.49,60452200
12/2/2015,359.19,54160500
12/3/2015,361.05,50714900
12/4/2015,363.18,35784100
12/5/2015,388.95,66282200
12/6/2015,388.78,77762000
12/7/2015,395.54,63455800
12/8/2015,415.56,57801400
12/9/2015,417.56,90917200
12/10/2015,415.48,52138900
12/11/2015,451.94,110944000
12/12/2015,435,131969000
12/13/2015,433.76,55050600
12/14/2015,444.18,130496000
12/15/2015,465.32,83121104
12/16/2015,454.93,107944000
12/17/2015,456.08,47978400
12/18/2015,463.62,60220100
12/19/2015,462.32,47892700
12/20/2015,442.68,75409400
12/21/2015,438.64,77639696
12/22/2015,436.57,50840400
12/23/2015,442.4,47161400
12/24/2015,454.98,57157200
12/25/2015,455.65,39078500
12/26/2015,417.27,116166000
12/27/2015,422.82,53591200
12/28/2015,422.28,49638600
12/29/2015,432.98,51596500
12/30/2015,426.62,46889400
12/31/2015,430.57,45996600
1/1/2016,434.33,36278900
1/2/2016,433.44,30096600
1/3/2016,430.01,39633800
1/4/2016,433.09,38477500
1/5/2016,431.96,34522600
1/6/2016,429.11,34042500
1/7/2016,458.05,87562200
1/8/2016,453.23,56993000
1/9/2016,447.61,32278000
1/10/2016,447.99,35995900
1/11/2016,448.43,40450000
1/12/2016,435.69,115607000
1/13/2016,432.37,173888000
1/14/2016,430.31,43945500
1/15/2016,364.33,153351008
1/16/2016,387.54,120352000
1/17/2016,382.3,45319600
1/18/2016,387.17,54403900
1/19/2016,380.15,46819800
1/20/2016,420.23,121720000
1/21/2016,410.26,68338000
1/22/2016,382.49,91546600
1/23/2016,387.49,56247400
1/24/2016,402.97,54824800
1/25/2016,391.73,59062400
1/26/2016,392.15,58147000
1/27/2016,394.97,47424400
1/28/2016,380.29,59247900
1/29/2016,379.47,86125296
1/30/2016,378.26,30284400
1/31/2016,368.77,37894300
2/1/2016,373.06,51656700
2/2/2016,374.45,40378700
2/3/2016,369.95,45933400
2/4/2016,389.59,69285504
2/5/2016,386.55,43825000
2/6/2016,376.52,49249300
2/7/2016,376.62,37076300
2/8/2016,373.45,47671100
2/9/2016,376.03,55318500
2/10/2016,381.65,85130896
2/11/2016,379.65,74375600
2/12/2016,384.26,67042800
2/13/2016,391.86,61911700
2/14/2016,407.23,74469800
2/15/2016,400.18,74070496
2/16/2016,407.49,73093104
2/17/2016,416.32,83193600
2/18/2016,422.37,76752600
2/19/2016,420.79,55711300
2/20/2016,437.16,93992096
2/21/2016,438.8,89820704
2/22/2016,437.75,85385200
2/23/2016,420.74,85244896
2/24/2016,424.95,67743696
2/25/2016,424.54,70798000
2/26/2016,432.15,61486000
2/27/2016,432.52,41893600
2/28/2016,433.5,53033400
2/29/2016,437.7,60694700
3/1/2016,435.12,74895800
3/2/2016,423.99,74955296
3/3/2016,421.65,100484000
3/4/2016,410.94,90856096
3/5/2016,400.57,135384992
3/6/2016,407.71,91212496
3/7/2016,414.32,85762400
3/8/2016,413.97,70311696
3/9/2016,414.86,70012304
3/10/2016,417.13,81022896
3/11/2016,421.69,73969696
3/12/2016,411.62,92712896
3/13/2016,414.07,74322800
3/14/2016,416.44,95259400
3/15/2016,416.83,66781700
3/16/2016,417.01,65185800
3/17/2016,420.62,83528600
3/18/2016,409.55,104940000
3/19/2016,410.44,58423000
3/20/2016,413.76,45947900
3/21/2016,413.31,61655400
3/22/2016,418.09,66813300
3/23/2016,418.04,61444200
3/24/2016,416.39,68346704
3/25/2016,417.18,52560000
3/26/2016,417.95,44650400
3/27/2016,426.77,71229400
3/28/2016,424.23,68522800
3/29/2016,416.52,75411504
3/30/2016,414.82,66034100
3/31/2016,416.73,60215200
4/1/2016,417.96,51235700
4/2/2016,420.87,45681200
4/3/2016,420.9,38053700
4/4/2016,421.44,50634300
4/5/2016,424.03,60718000
4/6/2016,423.41,59091000
4/7/2016,422.74,57858600
4/8/2016,420.35,63454700
4/9/2016,419.41,49792700
4/10/2016,421.56,73478600
4/11/2016,422.48,50747500
4/12/2016,425.19,70728800
4/13/2016,423.73,69060400
4/14/2016,424.28,45281000
4/15/2016,429.71,54801500
4/16/2016,430.57,39392800
4/17/2016,427.4,52125900
4/18/2016,428.59,55670900
4/19/2016,435.51,52810500
4/20/2016,441.39,72890096
4/21/2016,449.42,68204704
4/22/2016,445.74,58804400
4/23/2016,450.28,50485400
4/24/2016,458.55,68198400
4/25/2016,461.43,87091800
4/26/2016,466.09,78971904
4/27/2016,444.69,93564896
4/28/2016,449.01,74064704
4/29/2016,455.1,49258500
4/30/2016,448.32,69322600
5/1/2016,451.88,40660100
5/2/2016,444.67,92127000
5/3/2016,450.3,59366400
5/4/2016,446.72,50407300
5/5/2016,447.98,50440800
5/6/2016,459.6,72796800
5/7/2016,458.54,38364500
5/8/2016,458.55,40315000
5/9/2016,460.48,55493100
5/10/2016,450.89,58956100
5/11/2016,452.73,50605200
5/12/2016,454.77,59849300
5/13/2016,455.67,60845000
5/14/2016,455.67,37209000
5/15/2016,457.57,28514000
5/16/2016,454.16,59171500
5/17/2016,453.78,64100300
5/18/2016,454.62,86850096
5/19/2016,438.71,96027400
5/20/2016,442.68,81987904
5/21/2016,443.19,42762300
5/22/2016,439.32,39657600
5/23/2016,444.15,50582500
5/24/2016,445.98,65783100
5/25/2016,449.6,65231000
5/26/2016,453.38,65203800
5/27/2016,473.46,164780992
5/28/2016,530.04,181199008
5/29/2016,526.23,148736992
5/30/2016,533.86,87958704
5/31/2016,531.39,138450000
6/1/2016,536.92,86061800
6/2/2016,537.97,60378200
6/3/2016,569.19,122020000
6/4/2016,572.73,94925296
6/5/2016,574.98,68874096
6/6/2016,585.54,72138896
6/7/2016,576.6,107770000
6/8/2016,581.65,80265800
6/9/2016,574.63,71301000
6/10/2016,577.47,66991900
6/11/2016,606.73,82357000
6/12/2016,672.78,277084992
6/13/2016,704.38,243295008
6/14/2016,685.56,186694000
6/15/2016,694.47,99223800
6/16/2016,766.31,271633984
6/17/2016,748.91,363320992
6/18/2016,756.23,252718000
6/19/2016,763.78,136184992
6/20/2016,737.23,174511008
6/21/2016,666.65,309944000
6/22/2016,596.12,266392992
6/23/2016,623.98,253462000
6/24/2016,665.3,224316992
6/25/2016,665.12,126656000
6/26/2016,629.37,109225000
6/27/2016,655.28,122134000
6/28/2016,647,138384992
6/29/2016,639.89,142456000
6/30/2016,673.34,138980000
7/1/2016,676.3,134431008
7/2/2016,703.7,112354000
7/3/2016,658.66,129512000
7/4/2016,683.66,92008400
7/5/2016,670.63,130476000
7/6/2016,677.33,134960992
7/7/2016,640.56,258091008
7/8/2016,666.52,141970000
7/9/2016,650.96,180536000
7/10/2016,649.36,102532000
7/11/2016,647.66,107910000
7/12/2016,664.55,138172992
7/13/2016,654.47,131449000
7/14/2016,658.08,98511400
7/15/2016,663.26,81673104
7/16/2016,660.77,50330200
7/17/2016,679.46,74407904
7/18/2016,673.11,69465000
7/19/2016,672.86,61203300
7/20/2016,665.68,94636400
7/21/2016,665.01,60491800
7/22/2016,650.62,134169000
7/23/2016,655.56,69532200
7/24/2016,661.28,118184000
7/25/2016,654.1,78176496
7/26/2016,651.78,225135008
7/27/2016,654.35,147460992
7/28/2016,655.03,86428400
7/29/2016,656.99,60703500
7/30/2016,655.05,38456100
7/31/2016,624.68,110818000
8/1/2016,606.27,121887000
8/2/2016,547.47,330932992
8/3/2016,566.35,207982000
8/4/2016,578.29,125292000
8/5/2016,575.04,66127900
8/6/2016,587.78,80797296
8/7/2016,592.69,82398400
8/8/2016,591.05,61194100
8/9/2016,587.8,92228096
8/10/2016,592.1,102905000
8/11/2016,589.12,74514400
8/12/2016,587.56,69218000
8/13/2016,585.59,43563000
8/14/2016,570.47,60851100
8/15/2016,567.24,57262300
8/16/2016,577.44,58405200
8/17/2016,573.22,54443000
8/18/2016,574.32,59896600
8/19/2016,575.63,50631600
8/20/2016,581.7,45301400
8/21/2016,581.31,38299400
8/22/2016,586.75,72844000
8/23/2016,583.41,85349200
8/24/2016,580.18,56328200
8/25/2016,577.76,136130000
8/26/2016,579.65,48856800
8/27/2016,569.95,59698300
8/28/2016,573.91,86301600
8/29/2016,574.11,110398000
8/30/2016,577.5,70342400
8/31/2016,575.47,75840896
9/1/2016,572.3,76923400
9/2/2016,575.54,79910800
9/3/2016,598.21,159014000
9/4/2016,608.63,97942896
9/5/2016,606.59,82446800
9/6/2016,610.44,78529104
9/7/2016,614.54,75032400
9/8/2016,626.32,86713000
9/9/2016,622.86,64550200
9/10/2016,623.51,45016800
9/11/2016,606.72,73610800
9/12/2016,608.24,72812304
9/13/2016,609.24,86920600
9/14/2016,610.68,47877700
9/15/2016,607.16,59464600
9/16/2016,606.97,64963400
9/17/2016,605.98,37140300
9/18/2016,609.87,48679400
9/19/2016,609.23,54796400
9/20/2016,608.31,72710896
9/21/2016,597.15,82776200
9/22/2016,596.3,67085300
9/23/2016,602.84,51067000
9/24/2016,602.62,35359500
9/25/2016,600.83,33977800
9/26/2016,608.04,59153800
9/27/2016,606.17,49422400
9/28/2016,604.73,48722600
9/29/2016,605.69,55658600
9/30/2016,609.73,56122400
10/1/2016,613.98,56357000
10/2/2016,610.89,39249800
10/3/2016,612.13,46798300
10/4/2016,610.2,49801600
10/5/2016,612.51,68077504
10/6/2016,613.02,56812100
10/7/2016,617.12,64071400
10/8/2016,619.11,42345900
10/9/2016,616.75,39243400
10/10/2016,618.99,67481104
10/11/2016,641.07,103590000
10/12/2016,636.19,92370200
10/13/2016,636.79,61620700
10/14/2016,640.38,58144600
10/15/2016,638.65,39035400
10/16/2016,641.63,40298100
10/17/2016,639.19,58063600
10/18/2016,637.96,65546700
10/19/2016,630.52,69381696
10/20/2016,630.86,56957300
10/21/2016,632.83,55951000
10/22/2016,657.29,78556496
10/23/2016,657.07,54474600
10/24/2016,653.76,62218200
10/25/2016,657.59,90378800
10/26/2016,678.3,88877104
10/27/2016,688.31,96105296
10/28/2016,689.65,81145504
10/29/2016,714.48,134760992
10/30/2016,701.86,100665000
10/31/2016,700.97,97064400
11/1/2016,729.79,130527000
11/2/2016,740.83,84865200
11/3/2016,688.7,172808000
11/4/2016,703.23,99907696
11/5/2016,703.42,53752300
11/6/2016,711.52,59902200
11/7/2016,703.13,65047100
11/8/2016,709.85,79660800
11/9/2016,723.27,132429000
11/10/2016,715.53,68807800
11/11/2016,716.41,63119700
11/12/2016,705.05,64622500
11/13/2016,702.03,80318096
11/14/2016,705.02,62993000
11/15/2016,711.62,72038496
11/16/2016,744.2,141294000
11/17/2016,740.98,108579000
11/18/2016,751.59,87363104
11/19/2016,751.62,110608000
11/20/2016,731.03,154116000
11/21/2016,739.25,60802400
11/22/2016,751.35,129906000
11/23/2016,744.59,76543800
11/24/2016,740.29,85919296
11/25/2016,741.65,67807600
11/26/2016,735.38,54962700
11/27/2016,732.03,52601800
11/28/2016,735.81,61888600
11/29/2016,735.6,68511104
11/30/2016,745.69,84070800
12/1/2016,756.77,80461904
12/2/2016,777.94,127605000
12/3/2016,771.16,69547296
12/4/2016,773.87,60557900
12/5/2016,758.7,106363000
12/6/2016,764.22,116218000
12/7/2016,768.13,96426096
12/8/2016,770.81,80111904
12/9/2016,772.79,68705296
12/10/2016,774.65,53843100
12/11/2016,769.73,57313400
12/12/2016,780.09,76571000
12/13/2016,780.56,81645600
12/14/2016,781.48,75979000
12/15/2016,778.09,81580096
12/16/2016,784.91,83608200
12/17/2016,790.83,78989800
12/18/2016,790.53,60524400
12/19/2016,792.71,74886400
12/20/2016,800.88,99629296
12/21/2016,834.28,155576000
12/22/2016,864.54,200027008
12/23/2016,921.98,275564000
12/24/2016,898.82,137727008
12/25/2016,896.18,143664992
12/26/2016,907.61,123771000
12/27/2016,933.2,167308000
12/28/2016,975.92,236630000
12/29/2016,973.5,199320000
12/30/2016,961.24,187474000
12/31/2016,963.74,99135104
1/1/2017,998.33,147775008
1/2/2017,1021.75,222184992
1/3/2017,1043.84,185168000
1/4/2017,1154.73,344945984
1/5/2017,1013.38,510199008
1/6/2017,902.2,351876000
1/7/2017,908.59,279550016
1/8/2017,911.2,158715008
1/9/2017,902.83,141876992
1/10/2017,907.68,115808000
1/11/2017,777.76,310928992
1/12/2017,804.83,222326000
1/13/2017,823.98,168968000
1/14/2017,818.41,93063296
1/15/2017,821.8,71013600
1/16/2017,831.53,82755200
1/17/2017,907.94,155095008
1/18/2017,886.62,225676992
1/19/2017,899.07,105625000
1/20/2017,895.03,86728400
1/21/2017,921.79,111158000
1/22/2017,924.67,116573000
1/23/2017,921.01,73588600
1/24/2017,892.69,111349000
1/25/2017,901.54,120831000
1/26/2017,917.59,131958000
1/27/2017,919.75,125594000
1/28/2017,921.59,68979600
1/29/2017,919.5,60851700
1/30/2017,920.38,78227296
1/31/2017,970.4,164582000
2/1/2017,989.02,150110000
2/2/2017,1011.8,145820992
2/3/2017,1029.91,201278000
2/4/2017,1042.9,155064000
2/5/2017,1027.34,114208000
2/6/2017,1038.15,111762000
2/7/2017,1061.35,146007008
2/8/2017,1063.07,201855008
2/9/2017,994.38,407220000
2/10/2017,988.67,190452000
2/11/2017,1004.45,102261000
2/12/2017,999.18,67530000
2/13/2017,990.64,100607000
2/14/2017,1004.55,137946000
2/15/2017,1007.48,89759400
2/16/2017,1027.44,122277000
2/17/2017,1046.21,136474000
2/18/2017,1054.42,99073504
2/19/2017,1047.87,77423296
2/20/2017,1079.98,109478000
2/21/2017,1115.3,186868992
2/22/2017,1117.44,136100000
2/23/2017,1166.72,189454000
2/24/2017,1173.68,330759008
2/25/2017,1143.84,139960992
2/26/2017,1165.2,116486000
2/27/2017,1179.97,131570000
2/28/2017,1179.97,184956000
3/1/2017,1222.5,229056992
3/2/2017,1251.01,368275008
3/3/2017,1274.99,315739008
3/4/2017,1255.15,183270000
3/5/2017,1267.12,134127000
3/6/2017,1272.83,153656992
3/7/2017,1223.54,291256000
3/8/2017,1150,332603008
3/9/2017,1188.49,212283008
3/10/2017,1116.72,563795968
3/11/2017,1175.83,283320000
3/12/2017,1221.38,227176000
3/13/2017,1231.92,380276992
3/14/2017,1240,245306000
3/15/2017,1249.61,297804992
3/16/2017,1187.81,638568000
3/17/2017,1100.23,706598976
3/18/2017,973.82,621302016
3/19/2017,1036.74,406648000
3/20/2017,1054.23,286529984
3/21/2017,1120.54,337391008
3/22/2017,1049.14,380840992
3/23/2017,1038.59,248540000
3/24/2017,937.52,491038016
3/25/2017,972.78,435803008
3/26/2017,966.72,303668000
3/27/2017,1045.77,372535008
3/28/2017,1047.15,326332000
3/29/2017,1039.97,298457984
3/30/2017,1026.43,352968992
3/31/2017,1071.79,447287008
4/1/2017,1080.5,289633984
4/2/2017,1102.17,514187008
4/3/2017,1143.81,580444032
4/4/2017,1133.25,436310016
4/5/2017,1124.78,414784000
4/6/2017,1182.68,511222016
4/7/2017,1176.9,317022016
4/8/2017,1175.95,209312000
4/9/2017,1187.87,242343008
4/10/2017,1187.13,215883008
4/11/2017,1205.01,216182000
4/12/2017,1200.37,288702016
4/13/2017,1169.28,351968992
4/14/2017,1167.54,254827008
4/15/2017,1172.52,203559008
4/16/2017,1182.94,183231008
4/17/2017,1193.91,253206000
4/18/2017,1211.67,270524000
4/19/2017,1210.29,288060992
4/20/2017,1229.08,315108000
4/21/2017,1222.05,272167008
4/22/2017,1231.71,249320000
4/23/2017,1207.21,258951008
4/24/2017,1250.15,235806000
4/25/2017,1265.49,242556000
4/26/2017,1281.08,329631008
4/27/2017,1317.73,449196992
4/28/2017,1316.48,527488992
4/29/2017,1321.79,422705984
4/30/2017,1347.89,413115008
5/1/2017,1421.6,713624000
5/2/2017,1452.82,477337984
5/3/2017,1490.09,583795968
5/4/2017,1537.67,933548992
5/5/2017,1555.45,946035968
5/6/2017,1578.8,582529984
5/7/2017,1596.71,1080029952
5/8/2017,1723.35,1340320000
5/9/2017,1755.36,1167920000
5/10/2017,1787.13,915723008
5/11/2017,1848.57,799489984
5/12/2017,1724.24,740984000
5/13/2017,1804.91,579635008
5/14/2017,1808.91,437196000
5/15/2017,1738.43,731529024
5/16/2017,1734.45,959044992
5/17/2017,1839.09,1064729984
5/18/2017,1888.65,894321024
5/19/2017,1987.71,1157289984
5/20/2017,2084.73,961336000
5/21/2017,2041.2,1147859968
5/22/2017,2173.4,1942220032
5/23/2017,2320.42,1378749952
5/24/2017,2443.64,1725379968
5/25/2017,2304.98,2406700032
5/26/2017,2202.42,1763480064
5/27/2017,2038.87,1700480000
5/28/2017,2155.8,1147139968
5/29/2017,2255.61,994625024
5/30/2017,2175.47,1443970048
5/31/2017,2286.41,1544829952
6/1/2017,2407.88,1653180032
6/2/2017,2488.55,1317030016
6/3/2017,2515.35,1514950016
6/4/2017,2511.81,1355120000
6/5/2017,2686.81,1369309952
6/6/2017,2863.2,2089609984
6/7/2017,2732.16,1517709952
6/8/2017,2805.62,1281170048
6/9/2017,2823.81,1348950016
6/10/2017,2947.71,2018889984
6/11/2017,2958.11,1752400000
6/12/2017,2659.63,2569530112
6/13/2017,2717.02,1781200000
6/14/2017,2506.37,1696560000
6/15/2017,2464.58,2026259968
6/16/2017,2518.56,1195190016
6/17/2017,2655.88,1534509952
6/18/2017,2548.29,1178659968
6/19/2017,2589.6,1446840064
6/20/2017,2721.79,1854189952
6/21/2017,2689.1,1626579968
6/22/2017,2705.41,1097939968
6/23/2017,2744.91,961318976
6/24/2017,2608.72,982750016
6/25/2017,2589.41,1161100032
6/26/2017,2478.45,1663280000
6/27/2017,2552.45,1489789952
6/28/2017,2574.79,1183869952
6/29/2017,2539.32,949979008
6/30/2017,2480.84,860273024
7/1/2017,2434.55,779913984
7/2/2017,2506.47,803747008
7/3/2017,2564.06,964112000
7/4/2017,2601.64,985516032
7/5/2017,2601.99,941566016
7/6/2017,2608.56,761956992
7/7/2017,2518.66,917411968
7/8/2017,2571.34,733329984
7/9/2017,2518.44,527856000
7/10/2017,2372.56,1111200000
7/11/2017,2337.79,1329760000
7/12/2017,2398.84,1117410048
7/13/2017,2357.9,835769984
7/14/2017,2233.34,882502976
7/15/2017,1998.86,993608000
7/16/2017,1929.82,1182870016
7/17/2017,2228.41,1201760000
7/18/2017,2318.88,1512450048
7/19/2017,2273.43,1245100032
7/20/2017,2817.6,2249260032
7/21/2017,2667.76,1489449984
7/22/2017,2810.12,1177129984
7/23/2017,2730.4,1072840000
7/24/2017,2754.86,866473984
7/25/2017,2576.48,1460089984
7/26/2017,2529.45,937404032
7/27/2017,2671.78,789104000
7/28/2017,2809.01,1380099968
7/29/2017,2726.45,803745984
7/30/2017,2757.18,705942976
7/31/2017,2875.34,860574976
8/1/2017,2718.26,1324669952
8/2/2017,2710.67,1094950016
8/3/2017,2804.73,804796992
8/4/2017,2895.89,1002120000
8/5/2017,3252.91,1945699968
8/6/2017,3213.94,1105030016
8/7/2017,3378.94,1482279936
8/8/2017,3419.94,1752760064
8/9/2017,3342.47,1468960000
8/10/2017,3381.28,1515110016
8/11/2017,3650.62,2021190016
8/12/2017,3884.71,2219589888
8/13/2017,4073.26,3159089920
8/14/2017,4325.13,2463089920
8/15/2017,4181.93,3258050048
8/16/2017,4376.63,2272039936
8/17/2017,4331.69,2553359872
8/18/2017,4160.62,2941710080
8/19/2017,4193.7,2975820032
8/20/2017,4087.66,2109769984
8/21/2017,4001.74,2800890112
8/22/2017,4100.52,3764239872
8/23/2017,4151.52,2369819904
8/24/2017,4334.68,2037750016
8/25/2017,4371.6,1727970048
8/26/2017,4352.4,1511609984
8/27/2017,4382.88,1537459968
8/28/2017,4382.66,1959330048
8/29/2017,4579.02,2486080000
8/30/2017,4565.3,1937849984
8/31/2017,4703.39,1944930048
9/1/2017,4892.01,2599079936
9/2/2017,4578.77,2722139904
9/3/2017,4582.96,1933190016
9/4/2017,4236.31,2987330048
9/5/2017,4376.53,2697969920
9/6/2017,4597.12,2172100096
9/7/2017,4599.88,1844620032
9/8/2017,4228.75,2700890112
9/9/2017,4226.06,1386230016
9/10/2017,4122.94,1679090048
9/11/2017,4161.27,1557330048
9/12/2017,4130.81,1864530048
9/13/2017,3882.59,2219409920
9/14/2017,3154.95,2716310016
9/15/2017,3637.52,4148069888
9/16/2017,3625.04,1818400000
9/17/2017,3582.88,1239149952
9/18/2017,4065.2,1943209984
9/19/2017,3924.97,1563980032
9/20/2017,3905.95,1213830016
9/21/2017,3631.04,1411480064
9/22/2017,3630.7,1194829952
9/23/2017,3792.4,928113984
9/24/2017,3682.84,768014976
9/25/2017,3926.07,1374210048
9/26/2017,3892.35,1043740032
9/27/2017,4200.67,1686880000
9/28/2017,4174.73,1712320000
9/29/2017,4163.07,1367049984
9/30/2017,4338.71,1207449984
10/1/2017,4403.74,1208210048
10/2/2017,4409.32,1431730048
10/3/2017,4317.48,1288019968
10/4/2017,4229.36,1116770048
10/5/2017,4328.41,1161769984
10/6/2017,4370.81,1069939968
10/7/2017,4426.89,906928000
10/8/2017,4610.48,1313869952
10/9/2017,4772.02,1968739968
10/10/2017,4781.99,1597139968
10/11/2017,4826.48,1222279936
10/12/2017,5446.91,2791610112
10/13/2017,5647.21,3615480064
10/14/2017,5831.79,1669030016
10/15/2017,5678.19,1976039936
10/16/2017,5725.59,2008070016
10/17/2017,5605.51,1821570048
10/18/2017,5590.69,2399269888
10/19/2017,5708.52,1780540032
10/20/2017,6011.45,2354429952
10/21/2017,6031.6,2207099904
10/22/2017,6008.42,2034630016
10/23/2017,5930.32,2401840128
10/24/2017,5526.64,2735699968
10/25/2017,5750.8,1966989952
10/26/2017,5904.83,1905040000
10/27/2017,5780.9,1710130048
10/28/2017,5753.09,1403920000
10/29/2017,6153.85,2859040000
10/30/2017,6130.53,1772150016
10/31/2017,6468.4,2311379968
11/1/2017,6767.31,2870320128
11/2/2017,7078.5,4653770240
11/3/2017,7207.76,3369860096
11/4/2017,7379.95,2483800064
11/5/2017,7407.41,2380410112
11/6/2017,7022.76,3111899904
11/7/2017,7144.38,2326340096
11/8/2017,7459.69,4602200064
11/9/2017,7143.58,3226249984
11/10/2017,6618.14,5208249856
11/11/2017,6357.6,4908680192
11/12/2017,5950.07,8957349888
11/13/2017,6559.49,6263249920
11/14/2017,6635.75,3197110016
11/15/2017,7315.54,4200880128
11/16/2017,7871.69,5123809792
11/17/2017,7708.99,4651670016
11/18/2017,7790.15,3667190016
11/19/2017,8036.49,3149319936
11/20/2017,8200.64,3488450048
11/21/2017,8071.26,4277609984
11/22/2017,8253.55,3633530112
11/23/2017,8038.77,4225179904
11/24/2017,8253.69,5058610176
11/25/2017,8790.92,4342060032
11/26/2017,9330.55,5475579904
11/27/2017,9818.35,5653320192
11/28/2017,10058.8,6348819968
11/29/2017,9888.61,11568799744
11/30/2017,10233.6,8310689792
12/1/2017,10975.6,6783119872
12/2/2017,11074.6,5138500096
12/3/2017,11323.2,6608309760
12/4/2017,11657.2,6132409856
12/5/2017,11916.7,6895260160
12/6/2017,14291.5,12656300032
12/7/2017,17899.7,17950699520
12/8/2017,16569.4,21135998976
12/9/2017,15178.2,13911300096
12/10/2017,15455.4,13433299968
12/11/2017,16936.8,12153900032
12/12/2017,17415.4,14603799552
12/13/2017,16408.2,12976900096
12/14/2017,16564,13777399808
12/15/2017,17706.9,14309999616
12/16/2017,19497.4,12740599808
12/17/2017,19140.8,13314599936
12/18/2017,19114.2,14839499776
12/19/2017,17776.7,16894499840
12/20/2017,16624.6,22149699584
12/21/2017,15802.9,16516599808
12/22/2017,13831.8,22197999616
12/23/2017,14699.2,13086000128
12/24/2017,13925.8,11572299776
12/25/2017,14026.6,10664699904
12/26/2017,16099.8,13454300160
12/27/2017,15838.5,12487600128
12/28/2017,14606.5,12336499712
12/29/2017,14656.2,13025500160
12/30/2017,12952.2,14452599808
12/31/2017,14156.4,12136299520
1/1/2018,13657.2,10291200000
1/2/2018,14982.1,16846600192
1/3/2018,15201,16871900160
1/4/2018,15599.2,21783199744
1/5/2018,17429.5,23840899072
1/6/2018,17527,18314600448
1/7/2018,16477.6,15866000384
1/8/2018,15170.1,18413899776
1/9/2018,14595.4,16659999744
1/10/2018,14973.3,18500800512
1/11/2018,13405.8,16534099968
1/12/2018,13980.6,12065699840
1/13/2018,14360.2,12763599872
1/14/2018,13772,11084099584
1/15/2018,13819.8,12750799872
1/16/2018,11490.5,18853799936
1/17/2018,11188.6,18830600192
1/18/2018,11474.9,15020399616
1/19/2018,11607.4,10740400128
1/20/2018,12899.2,11801700352
1/21/2018,11600.1,9935179776
1/22/2018,10931.4,10537400320
1/23/2018,10868.4,9660609536
1/24/2018,11359.4,9940989952
1/25/2018,11259.4,8873169920
1/26/2018,11171.4,9746199552
1/27/2018,11440.7,7583269888
1/28/2018,11786.3,8350360064
1/29/2018,11296.4,7107359744
1/30/2018,10106.3,8637859840
1/31/2018,10221.1,8041160192
2/1/2018,9170.54,9959400448
2/2/2018,8830.75,12726899712
2/3/2018,9174.91,7263790080
2/4/2018,8277.01,7073549824
2/5/2018,6955.27,9285289984
2/6/2018,7754,13999800320
2/7/2018,7621.3,9169280000
2/8/2018,8265.59,9346750464
2/9/2018,8736.98,6784820224
2/10/2018,8621.9,7780960256
2/11/2018,8129.97,6122189824
2/12/2018,8926.57,6256439808
2/13/2018,8598.31,5696719872
2/14/2018,9494.63,7909819904
2/15/2018,10166.4,9062540288
2/16/2018,10233.9,7296159744
2/17/2018,11112.7,8660880384
2/18/2018,10551.8,8744009728
2/19/2018,11225.3,7652089856
2/20/2018,11403.7,9926540288
2/21/2018,10690.4,9405339648
2/22/2018,10005,8040079872
2/23/2018,10301.1,7739500032
2/24/2018,9813.07,6917929984
2/25/2018,9664.73,5706939904
2/26/2018,10366.7,7287690240
2/27/2018,10725.6,6966179840
2/28/2018,10397.9,6936189952
3/1/2018,10951,7317279744
3/2/2018,11086.4,7620590080
3/3/2018,11489.7,6690570240
3/4/2018,11512.6,6084149760
3/5/2018,11573.3,6468539904
3/6/2018,10779.9,6832169984
3/7/2018,9965.57,8797910016
3/8/2018,9395.01,7186089984
3/9/2018,9337.55,8704190464
3/10/2018,8866,5386319872
3/11/2018,9578.63,6296370176
3/12/2018,9205.12,6457399808
3/13/2018,9194.85,5991139840
3/14/2018,8269.81,6438230016
3/15/2018,8300.86,6834429952
3/16/2018,8338.35,5289379840
3/17/2018,7916.88,4426149888
3/18/2018,8223.68,6639190016
3/19/2018,8630.65,6729110016
3/20/2018,8913.47,6361789952
3/21/2018,8929.28,6043129856
3/22/2018,8728.47,5530390016
3/23/2018,8879.62,5954120192
3/24/2018,8668.12,5664600064
3/25/2018,8495.78,4569880064
3/26/2018,8209.4,5921039872
3/27/2018,7833.04,5378250240
3/28/2018,7954.48,4935289856
3/29/2018,7165.7,6361229824
3/30/2018,6890.52,6289509888
3/31/2018,6973.53,4553269760
4/1/2018,6844.23,4532100096
4/2/2018,7083.8,4333440000
4/3/2018,7456.11,5499700224
4/4/2018,6853.84,4936000000
4/5/2018,6811.47,5639320064
4/6/2018,6636.32,3766810112
4/7/2018,6911.09,3976610048
4/8/2018,7023.52,3652499968
4/9/2018,6770.73,4894060032
4/10/2018,6834.76,4272750080
4/11/2018,6968.32,4641889792
4/12/2018,7889.25,8906250240
4/13/2018,7895.96,7764460032
4/14/2018,7986.24,5191430144
4/15/2018,8329.11,5244480000
4/16/2018,8058.67,5631309824
4/17/2018,7902.09,6900879872
4/18/2018,8163.42,6529909760
4/19/2018,8294.31,7063209984
4/20/2018,8845.83,8438110208
4/21/2018,8895.58,7548550144
4/22/2018,8802.46,6629899776
4/23/2018,8930.88,6925190144
4/24/2018,9697.5,10678800384
4/25/2018,8845.74,11083100160
4/26/2018,9281.51,8970559488
4/27/2018,8987.05,7566289920
4/28/2018,9348.48,7805479936
4/29/2018,9419.08,8853000192
4/30/2018,9240.55,8673920000
5/1/2018,9119.01,7713019904
5/2/2018,9235.92,7558159872
5/3/2018,9743.86,10207299584
5/4/2018,9700.76,8217829888
5/5/2018,9858.15,7651939840
5/6/2018,9654.8,7222280192
5/7/2018,9373.01,7394019840
5/8/2018,9234.82,7415869952
5/9/2018,9325.18,7226890240
5/10/2018,9043.94,6906699776
5/11/2018,8441.49,8488520192
5/12/2018,8504.89,6821380096
5/13/2018,8723.94,5866379776
5/14/2018,8716.79,7364149760
5/15/2018,8510.38,6705710080
5/16/2018,8368.83,6760220160
5/17/2018,8094.32,5862530048
5/18/2018,8250.97,5764190208
5/19/2018,8247.18,4712399872
5/20/2018,8513.25,5191059968
5/21/2018,8418.99,5154990080
5/22/2018,8041.78,5137010176
5/23/2018,7557.82,6491120128
5/24/2018,7587.34,6049220096
5/25/2018,7480.14,4867829760
5/26/2018,7355.88,4051539968
5/27/2018,7368.22,4056519936
5/28/2018,7135.99,5040600064
5/29/2018,7472.59,5662660096
5/30/2018,7406.52,4922540032
5/31/2018,7494.17,5127130112
6/1/2018,7541.45,4921460224
6/2/2018,7643.45,4939299840
6/3/2018,7720.25,4851760128
6/4/2018,7514.47,4993169920
6/5/2018,7633.76,4961739776
6/6/2018,7653.98,4692259840
6/7/2018,7678.24,4485799936
6/8/2018,7624.92,4227579904
6/9/2018,7531.98,3845220096
6/10/2018,6786.02,5804839936
6/11/2018,6906.92,4745269760
6/12/2018,6582.36,4654380032
6/13/2018,6349.9,5052349952
6/14/2018,6675.35,5138710016
6/15/2018,6456.58,3955389952
6/16/2018,6550.16,3194170112
6/17/2018,6499.27,3104019968
6/18/2018,6734.82,4039200000
6/19/2018,6769.94,4057029888
6/20/2018,6776.55,3888640000
6/21/2018,6729.74,3529129984
6/22/2018,6083.69,5079810048
6/23/2018,6162.48,3431360000
6/24/2018,6173.23,4566909952
6/25/2018,6249.18,5500810240
6/26/2018,6093.67,3279759872
6/27/2018,6157.13,3296219904
6/28/2018,5903.44,3467800064
6/29/2018,6218.3,3966230016
6/30/2018,6404,4543860224
7/1/2018,6385.82,4788259840
7/2/2018,6614.18,4396930048
7/3/2018,6529.59,4672309760
7/4/2018,6597.55,4176689920
7/5/2018,6639.14,4999240192
7/6/2018,6673.5,4313959936
7/7/2018,6856.93,3961080064
7/8/2018,6773.88,3386210048
7/9/2018,6741.75,3718129920
7/10/2018,6329.95,4052430080
7/11/2018,6394.71,3644859904
7/12/2018,6228.81,3770170112
7/13/2018,6238.05,3805400064
7/14/2018,6276.12,2923670016
7/15/2018,6359.64,3285459968
7/16/2018,6741.75,4725799936
7/17/2018,7321.04,5961950208
7/18/2018,7370.78,6103410176
7/19/2018,7466.86,5111629824
7/20/2018,7354.13,4936869888
7/21/2018,7419.29,3726609920
7/22/2018,7418.49,3695460096
7/23/2018,7711.11,5132480000
7/24/2018,8424.27,7277689856
7/25/2018,8181.39,5845400064
7/26/2018,7951.58,4899089920
7/27/2018,8165.01,5195879936
7/28/2018,8192.15,3988750080
7/29/2018,8218.46,4107190016
7/30/2018,8180.48,5551400000
7/31/2018,7780.44,5287530000
8/1/2018,7624.91,4797620000
8/2/2018,7567.15,4214110000
8/3/2018,7434.39,4627150000
8/4/2018,7032.85,4268390000
8/5/2018,7068.48,3679110000
8/6/2018,6951.8,3925900000
8/7/2018,6753.12,4682800000
8/8/2018,6305.8,5064430000
8/9/2018,6568.23,4267040000
8/10/2018,6184.71,4528680000
8/11/2018,6295.73,4047850000
8/12/2018,6322.69,5665250000
8/13/2018,6297.57,4083980000
8/14/2018,6199.71,5301700000
8/15/2018,6308.52,4895450000
8/16/2018,6334.73,4328420000
8/17/2018,6580.63,4992990000
8/18/2018,6423.76,3984520000
8/19/2018,6506.07,3311170000
8/20/2018,6308.53,3665100000
8/21/2018,6488.76,3377180000
8/22/2018,6376.71,4668110000
8/23/2018,6534.88,3426180000
8/24/2018,6719.96,4097820000
8/25/2018,6763.19,3312600000
8/26/2018,6707.26,3295500000
8/27/2018,6884.64,4019000000
8/28/2018,7096.28,4659940000
8/29/2018,7047.16,4145880000
8/30/2018,6978.23,4463250000
8/31/2018,7037.58,4495650000
9/1/2018,7193.25,4116050000
9/2/2018,7272.72,4329540000
9/3/2018,7260.06,4087760000
9/4/2018,7361.66,4273640000
9/5/2018,6792.83,5800460000
9/6/2018,6529.17,5523470000
9/7/2018,6467.07,4264680000
9/8/2018,6225.98,3835060000
9/9/2018,6300.86,3671890000
9/10/2018,6329.7,3714100000
9/11/2018,6321.2,3849910000
9/12/2018,6351.8,4064230000
9/13/2018,6517.31,4210910000
9/14/2018,6512.71,4076220000
9/15/2018,6543.2,3216300000
9/16/2018,6517.18,3273730000
9/17/2018,6281.2,3910780000
9/18/2018,6371.3,4180090000
9/19/2018,6398.54,4431340000
9/20/2018,6519.67,4348110000
9/21/2018,6734.95,6531940000
9/22/2018,6721.98,4509660000
9/23/2018,6710.63,4197500000
9/24/2018,6595.41,4177310000
9/25/2018,6446.47,4726180000
9/26/2018,6495,4437300000
9/27/2018,6676.75,4606810000
9/28/2018,6644.13,5014430000
9/29/2018,6601.96,4363690000
9/30/2018,6625.56,4002280000
10/1/2018,6589.62,4000970000
10/2/2018,6556.1,3979260000
10/3/2018,6502.59,3887310000
10/4/2018,6576.69,3838410000
10/5/2018,6622.48,3671500000
10/6/2018,6588.31,3259740000
10/7/2018,6602.95,3306630000
10/8/2018,6652.23,3979460000
10/9/2018,6642.64,3580810000
10/10/2018,6585.53,3787650000
10/11/2018,6256.24,5181640000
10/12/2018,6274.58,3783500000
10/13/2018,6285.99,3064030000
10/14/2018,6290.93,3085320000
10/15/2018,6596.54,7370770000
10/16/2018,6596.11,4074800000
10/17/2018,6544.43,4088420000
10/18/2018,6476.71,3924080000
10/19/2018,6465.41,3578870000
10/20/2018,6489.19,3379130000
10/21/2018,6482.35,3253610000
10/22/2018,6487.16,3672860000
10/23/2018,6475.74,3716150000
10/24/2018,6495.84,3424670000
10/25/2018,6476.29,3230550000
10/26/2018,6474.75,3306050000
10/27/2018,6480.38,3393250000
10/28/2018,6486.39,3445190000
10/29/2018,6332.63,4199910000
10/30/2018,6334.27,3781100000
10/31/2018,6317.61,4191240000
11/1/2018,6377.78,3789400000
11/2/2018,6388.44,4234870000
11/3/2018,6361.26,3658640000
11/4/2018,6376.13,4390020000
11/5/2018,6419.66,4174800000
11/6/2018,6461.01,4700040000
11/7/2018,6530.14,4941260000
11/8/2018,6453.72,4665260000
11/9/2018,6385.62,4346820000
11/10/2018,6409.22,3705320000
11/11/2018,6411.27,3939060000
11/12/2018,6371.27,4295770000
11/13/2018,6359.49,4503800000
11/14/2018,5738.35,7398940000
11/15/2018,5648.03,7032140000
11/16/2018,5575.55,5279320000
11/17/2018,5554.33,4303150000
11/18/2018,5623.54,4159680000
11/19/2018,4871.49,7039560000
11/20/2018,4451.87,8428290000
11/21/2018,4602.17,6120120000
11/22/2018,4365.94,4569370000
11/23/2018,4347.11,4871490000
11/24/2018,3880.76,4679500000
11/25/2018,4009.97,6825640000
11/26/2018,3779.13,6476900000
11/27/2018,3820.72,5998720000
11/28/2018,4257.42,7280280000
11/29/2018,4278.85,6503347767
11/30/2018,4017.27,6048016717
12/1/2018,4214.67,5375314093
12/2/2018,4139.88,5262697895
12/3/2018,3894.13,5089570994
12/4/2018,3956.89,5028069239
12/5/2018,3753.99,5302481574
12/6/2018,3521.1,5878333109
12/7/2018,3419.94,6835615448
12/8/2018,3476.11,5305024497
12/9/2018,3614.23,4947372847
12/10/2018,3502.66,5020968740
12/11/2018,3424.59,4696765188
12/12/2018,3486.95,4139364829
12/13/2018,3313.68,4343372456
12/14/2018,3242.48,4372763663
12/15/2018,3236.76,3551763561
12/16/2018,3252.84,3744248994
12/17/2018,3545.86,5409247918
12/18/2018,3696.06,5911325473
12/19/2018,3745.95,6810689119
12/20/2018,4134.44,8927129279
12/21/2018,3896.54,7206015706
12/22/2018,4014.18,5605823233
12/23/2018,3998.98,6151275490
12/24/2018,4078.6,7240968501
12/25/2018,3815.49,6158207293
12/26/2018,3857.3,5326547918
12/27/2018,3654.83,5130222366
12/28/2018,3923.92,5631554348
12/29/2018,3820.41,4991655917
12/30/2018,3865.95,4770578575
12/31/2018,3742.7,4661840806
1/1/2019,3843.52,4324200990
1/2/2019,3943.41,5244856836
1/3/2019,3836.74,4530215219
1/4/2019,3857.72,4847965467
1/5/2019,3845.19,5137609824
1/6/2019,4076.63,5597027440
1/7/2019,4025.25,5228625637
1/8/2019,4030.85,5306593305
1/9/2019,4035.3,5115905225
1/10/2019,3678.92,6874143796
1/11/2019,3687.37,5538712865
1/12/2019,3661.3,4778170883
1/13/2019,3552.95,4681302466
1/14/2019,3706.05,5651384490
1/15/2019,3630.68,5537192302
1/16/2019,3655.01,5394457145
1/17/2019,3678.56,5464420383
1/18/2019,3657.84,5002961727
1/19/2019,3728.57,5955691380
1/20/2019,3601.01,5582489560
1/21/2019,3576.03,5004347059
1/22/2019,3604.58,5313623556
1/23/2019,3585.12,5433755649
1/24/2019,3600.87,5262869046
1/25/2019,3599.77,5265847539
1/26/2019,3602.46,5098183235
1/27/2019,3583.97,5570752966
1/28/2019,3470.45,6908930483
1/29/2019,3448.12,5897159493
1/30/2019,3486.18,5955112627
1/31/2019,3457.79,5831198271
2/1/2019,3487.95,5422926707
2/2/2019,3521.06,5071623601
2/3/2019,3464.01,5043937584
2/4/2019,3459.15,5332718886
2/5/2019,3466.36,5227549545
2/6/2019,3413.77,5482196038
2/7/2019,3399.47,5004962683
2/8/2019,3666.78,7735623101
2/9/2019,3671.2,6158833645
2/10/2019,3690.19,6282256903
2/11/2019,3648.43,6277056434
2/12/2019,3653.53,6480384532
2/13/2019,3632.07,6438903823
2/14/2019,3616.88,6271044418
2/15/2019,3620.81,6091952231
2/16/2019,3629.79,5934744052
2/17/2019,3673.84,7039512503
2/18/2019,3915.71,9908216640
2/19/2019,3947.09,9933626655
2/20/2019,3999.82,8693373948
2/21/2019,3954.12,7775128102
2/22/2019,4005.53,7826525254
2/23/2019,4142.53,8922258316
2/24/2019,3810.43,10794227451
2/25/2019,3882.7,9318796067
2/26/2019,3854.36,7931218996
2/27/2019,3851.05,8301309684
2/28/2019,3854.79,8399767798
3/1/2019,3859.58,7661247975
3/2/2019,3864.42,7578786076
3/3/2019,3847.18,7253558152
3/4/2019,3761.56,9029175788
3/5/2019,3896.38,10174126415
3/6/2019,3903.94,9175291529
3/7/2019,3911.48,9584165519
3/8/2019,3901.13,10638638944
3/9/2019,3963.31,10796103518
3/10/2019,3951.6,9713267607
3/11/2019,3905.23,10125901903
3/12/2019,3909.16,9809887079
3/13/2019,3906.72,9469184841
3/14/2019,3924.37,10480789570
3/15/2019,3960.91,9394210605
3/16/2019,4048.73,9856166973
3/17/2019,4025.23,8221625400
3/18/2019,4032.51,9646954186
3/19/2019,4071.19,9344919956
3/20/2019,4087.48,10175916388
3/21/2019,4029.33,10831212662
3/22/2019,4023.97,9252935969
3/23/2019,4035.83,9578850549
3/24/2019,4022.17,9144851065
3/25/2019,3963.07,10359818883
3/26/2019,3985.08,10707678815
3/27/2019,4087.07,10897131934
3/28/2019,4069.11,9353915899
3/29/2019,4098.37,10918665557
3/30/2019,4106.66,9732688060
3/31/2019,4105.4,9045122443
4/1/2019,4158.18,10157794171
4/2/2019,4879.88,21315047816
4/3/2019,4973.02,22899891582
4/4/2019,4922.8,18251810240
4/5/2019,5036.68,16837325387
4/6/2019,5059.82,16929795194
4/7/2019,5198.9,16655416140
4/8/2019,5289.77,17154113634
4/9/2019,5204.96,14722104361
4/10/2019,5324.55,15504590933
4/11/2019,5064.49,16555616019
4/12/2019,5089.54,13675206313
4/13/2019,5096.59,10823289598
4/14/2019,5167.72,10391952498
4/15/2019,5067.11,12290155061
4/16/2019,5235.56,11618660197
4/17/2019,5251.94,12438480677
4/18/2019,5298.39,13256489918
4/19/2019,5303.81,13780238655
4/20/2019,5337.89,13169647522
4/21/2019,5314.53,13731844223
4/22/2019,5399.37,14601631648
4/23/2019,5572.36,15867308108
4/24/2019,5464.87,17048033399
4/25/2019,5210.52,15330283408
4/26/2019,5279.35,16812108040
4/27/2019,5268.29,13111274675
4/28/2019,5285.14,12819992056
4/29/2019,5247.35,13735490672
4/30/2019,5350.73,13878964574
5/1/2019,5402.7,13679528236
5/2/2019,5505.28,14644460907
5/3/2019,5768.29,18720780006
5/4/2019,5831.17,17567780766
5/5/2019,5795.71,14808830723
5/6/2019,5746.81,15737171804
5/7/2019,5829.5,18026409033
5/8/2019,5982.46,15320605300
5/9/2019,6174.53,16784645411
5/10/2019,6378.85,19419875368
5/11/2019,7204.77,28867562329
5/12/2019,6972.37,27773333680
5/13/2019,7814.92,28677672181
5/14/2019,7994.42,32031452227
5/15/2019,8205.17,28344112920
5/16/2019,7884.91,33167197581
5/17/2019,7343.9,30066644905
5/18/2019,7271.21,21354286562
5/19/2019,8197.69,25902422040
5/20/2019,7978.31,23843404340
5/21/2019,7963.33,25127245056
5/22/2019,7680.07,24719473175
5/23/2019,7881.85,24457107820
5/24/2019,7987.37,25919126991
5/25/2019,8052.54,22256813107
5/26/2019,8673.22,26677970092
5/27/2019,8805.78,27949839564
5/28/2019,8719.96,24226919267
5/29/2019,8659.49,23473479966
5/30/2019,8319.47,29246528551
5/31/2019,8574.5,25365190957
6/1/2019,8564.02,22488303544
6/2/2019,8742.96,20266216022
6/3/2019,8208.99,22004511436
6/4/2019,7707.77,24609731549
6/5/2019,7824.23,21760923463
6/6/2019,7822.02,19474611077
6/7/2019,8043.95,19141423231
6/8/2019,7954.13,16522722810
6/9/2019,7688.08,16610726547
6/10/2019,8000.33,18689275117
6/11/2019,7927.71,17107279932
6/12/2019,8145.86,19034432883
6/13/2019,8230.92,18669407147
6/14/2019,8693.83,19831162906
6/15/2019,8838.38,18371033226
6/16/2019,8994.49,23348550311
6/17/2019,9320.35,15562951919
6/18/2019,9081.76,15848210536
6/19/2019,9273.52,15546809946
6/20/2019,9527.16,17846823784
6/21/2019,10144.56,20624008643
6/22/2019,10701.69,29995204861
6/23/2019,10855.37,20998326502
6/24/2019,11011.1,19271652365
6/25/2019,11790.92,24879684533
6/26/2019,13016.23,45105733173
6/27/2019,11182.81,39977475223
6/28/2019,12407.33,35087757766
6/29/2019,11959.37,29923961128
6/30/2019,10817.16,27256473494
7/1/2019,10583.13,29378589324
7/2/2019,10801.68,31015895223
7/3/2019,11961.27,30796494294
7/4/2019,11215.44,25920294033
7/5/2019,10978.46,23838480210
7/6/2019,11208.55,21092024306
7/7/2019,11450.85,19369044277
7/8/2019,12285.96,23482551458
7/9/2019,12573.81,28167921523
7/10/2019,12156.51,33627574244
7/11/2019,11358.66,28595327690
7/12/2019,11815.99,23534692797
7/13/2019,11392.38,21042616384
7/14/2019,10256.06,22486000001
7/15/2019,10895.09,25384047207
7/16/2019,9477.64,24151199070
7/17/2019,9693.8,24569921549
7/18/2019,10666.48,25187024648
7/19/2019,10530.73,20727426310
7/20/2019,10767.14,20206615155
7/21/2019,10599.11,17130580467
7/22/2019,10343.11,16334414913
7/23/2019,9900.77,17851916995
7/24/2019,9811.93,17398734322
7/25/2019,9911.84,15821952090
7/26/2019,9870.3,14495714483
7/27/2019,9477.68,16817809536
7/28/2019,9552.86,13738687093
7/29/2019,9519.15,13791445323
7/30/2019,9607.42,13829811132
7/31/2019,10085.63,16631520648
8/1/2019,10399.67,17165337858
8/2/2019,10518.17,17489094082
8/3/2019,10821.73,15352685061
8/4/2019,10970.18,16530894787
8/5/2019,11805.65,23875988832
8/6/2019,11478.17,23635107660
8/7/2019,11941.97,22194988641
8/8/2019,11966.41,19481591730
8/9/2019,11862.94,18339989960
8/10/2019,11354.02,18125355447
8/11/2019,11523.58,15774371518
8/12/2019,11382.62,13647198229
8/13/2019,10895.83,16681503537
8/14/2019,10051.7,19990838300
8/15/2019,10311.55,22899115082
8/16/2019,10374.34,20228207096
8/17/2019,10231.74,13778035685
8/18/2019,10345.81,12999813869
8/19/2019,10916.05,16038264603
8/20/2019,10763.23,15053082175
8/21/2019,10138.05,19473084768
8/22/2019,10131.06,17097508856
8/23/2019,10407.97,15627023886
8/24/2019,10159.96,15451030650
8/25/2019,10138.52,14153856610
8/26/2019,10370.82,18438654080
8/27/2019,10185.5,14762609503
8/28/2019,9754.42,17603790323
8/29/2019,9510.2,17045878501
8/30/2019,9598.17,13595263986
8/31/2019,9630.66,11454806419
9/1/2019,9757.97,11445355859
9/2/2019,10346.76,17248102294
9/3/2019,10623.54,19384917989
9/4/2019,10594.49,16742664769
9/5/2019,10575.53,14551239508
9/6/2019,10353.3,19536574783
9/7/2019,10517.25,15307366476
9/8/2019,10441.28,13670567493
9/9/2019,10334.97,17595943368
9/10/2019,10115.98,14906809639
9/11/2019,10178.37,15428063426
9/12/2019,10410.13,15323563925
9/13/2019,10360.55,14109864675
9/14/2019,10358.05,13468713124
9/15/2019,10347.71,12043433567
9/16/2019,10276.79,15160167779
9/17/2019,10241.27,15304603363
9/18/2019,10198.25,16169268880
9/19/2019,10266.41,19937691247
9/20/2019,10181.64,14734189639
9/21/2019,10019.72,13425266806
9/22/2019,10070.39,13199651698
9/23/2019,9729.32,15144925408
9/24/2019,8620.57,25002886689
9/25/2019,8486.99,21744728353
9/26/2019,8118.97,19258205289
9/27/2019,8251.85,16408941156
9/28/2019,8245.92,14141152736
9/29/2019,8104.19,13034629109
9/30/2019,8293.87,17115474183
10/1/2019,8343.28,15305343413
10/2/2019,8393.04,13125712443
10/3/2019,8259.99,13668823409
10/4/2019,8205.94,13139456229
10/5/2019,8151.5,12200497197
10/6/2019,7988.16,13160830305
10/7/2019,8245.62,18009742607
10/8/2019,8228.78,15592264032
10/9/2019,8595.74,19384942333
10/10/2019,8586.47,17618660671
10/11/2019,8321.76,19604381101
10/12/2019,8336.56,14532641605
10/13/2019,8321.01,13808286059
10/14/2019,8374.69,15151387859
10/15/2019,8205.37,15220412632
10/16/2019,8047.53,16071646996
10/17/2019,8103.91,14313052244
10/18/2019,7973.21,15651592610
10/19/2019,7988.56,13797825640
10/20/2019,8222.08,15504249442
10/21/2019,8243.72,15868748866
10/22/2019,8078.2,16803377857
10/23/2019,7514.67,21942878958
10/24/2019,7493.49,16268708849
10/25/2019,8660.7,28705065488
10/26/2019,9244.97,44496255609
10/27/2019,9551.71,32593129501
10/28/2019,9256.15,30948255332
10/29/2019,9427.69,28426779937
10/30/2019,9205.73,27706531577
10/31/2019,9199.58,26583653947
11/1/2019,9261.1,24324691031
11/2/2019,9324.72,21242676385
11/3/2019,9235.35,21132220847
11/4/2019,9412.61,26170255634
11/5/2019,9342.53,26198609048
11/6/2019,9360.88,23133895765
11/7/2019,9267.56,22700383839
11/8/2019,8804.88,24333037836
11/9/2019,8813.58,17578630606
11/10/2019,9055.53,20587919881
11/11/2019,8757.79,20265510765
11/12/2019,8815.66,20309769107
11/13/2019,8808.26,17545755405
11/14/2019,8708.1,19084739975
11/15/2019,8491.99,21796856471
11/16/2019,8550.76,16495389808
11/17/2019,8577.98,18668638897
11/18/2019,8309.29,21579470673
11/19/2019,8206.15,21083613816
11/20/2019,8027.27,20764300437
11/21/2019,7642.75,22514243371
11/22/2019,7296.58,34242315785
11/23/2019,7397.8,21008924418
11/24/2019,7047.92,30433517289
11/25/2019,7146.13,42685231262
11/26/2019,7218.37,21129505542
11/27/2019,7531.66,23991412764
11/28/2019,7463.11,19050116751
11/29/2019,7761.24,19709695456
11/30/2019,7569.63,17158194786
12/1/2019,7424.29,18720708479
12/2/2019,7321.99,17082040706
12/3/2019,7320.15,14797485769
12/4/2019,7252.03,21664240918
12/5/2019,7448.31,18816085231
12/6/2019,7547,18104466307
12/7/2019,7556.24,15453520564
12/8/2019,7564.35,15409908086
12/9/2019,7400.9,17872021272
12/10/2019,7278.12,18249031195
12/11/2019,7217.43,16350490689
12/12/2019,7243.13,18927080224
12/13/2019,7269.68,17125736940
12/14/2019,7124.67,17137029730
12/15/2019,7152.3,16881129804
12/16/2019,6932.48,20213265950
12/17/2019,6640.52,22363804217
12/18/2019,7276.8,31836522778
12/19/2019,7202.84,25904604416
12/20/2019,7218.82,22633815180
12/21/2019,7191.16,19312552168
12/22/2019,7511.59,23134537956
12/23/2019,7355.63,27831788041
12/24/2019,7322.53,22991622105
12/25/2019,7275.16,21559505149
12/26/2019,7238.97,22787010034
12/27/2019,7290.09,22777360996
12/28/2019,7317.99,21365673026
12/29/2019,7422.65,22445257702
12/30/2019,7293,22874131672
12/31/2019,7193.6,21167946112
1/1/2020,7200.17,18565664997
1/2/2020,6985.47,20802083465
1/3/2020,7344.88,28111481032
1/4/2020,7410.66,18444271275
1/5/2020,7411.32,19725074095
1/6/2020,7769.22,23276261598
1/7/2020,8163.69,28767291327
1/8/2020,8079.86,31672559265
1/9/2020,7879.07,24045990466
1/10/2020,8166.55,28714583844
1/11/2020,8037.54,25521165085
1/12/2020,8192.49,22903438381
1/13/2020,8144.19,22482910688
1/14/2020,8827.76,44841784107
1/15/2020,8807.01,40102834650
1/16/2020,8723.79,31313981931
1/17/2020,8929.04,36372139320
1/18/2020,8942.81,32337772627
1/19/2020,8706.25,34217320471
1/20/2020,8657.64,26422375678
1/21/2020,8745.89,24097418512
1/22/2020,8680.88,22600204051
1/23/2020,8406.52,25770680779
1/24/2020,8445.43,24397913026
1/25/2020,8367.85,19647331549
1/26/2020,8596.83,22177678796
1/27/2020,8909.82,28647338393
1/28/2020,9358.59,34398744403
1/29/2020,9316.63,30682598115
1/30/2020,9508.99,32378792851
1/31/2020,9350.53,29432489719
2/1/2020,9392.88,25922656496
2/2/2020,9344.37,30835736946
2/3/2020,9293.52,30934096509
2/4/2020,9180.96,29893183716
2/5/2020,9613.42,35222060874
2/6/2020,9729.8,37628823716
2/7/2020,9795.94,34522718159
2/8/2020,9865.12,35172043762
2/9/2020,10116.67,35807884663
2/10/2020,9856.61,39386548075
2/11/2020,10208.24,37648059389
2/12/2020,10326.05,43444303830
2/13/2020,10214.38,49356071373
2/14/2020,10312.12,43338264162
2/15/2020,9889.42,43865054831
2/16/2020,9934.43,43374780305
2/17/2020,9690.14,45998298413
2/18/2020,10142,47271023953
2/19/2020,9633.39,46992019710
2/20/2020,9608.48,44925260237
2/21/2020,9686.44,40930547513
2/22/2020,9663.18,35838025154
2/23/2020,9924.52,41185185761
2/24/2020,9650.17,45080496648
2/25/2020,9341.71,42515259129
2/26/2020,8820.52,50420050762
2/27/2020,8784.49,45470195695
2/28/2020,8672.46,44605450443
2/29/2020,8599.51,35792392544
3/1/2020,8562.45,35349164300
3/2/2020,8869.67,42857674409
3/3/2020,8787.79,42386715821
3/4/2020,8755.25,34746706368
3/5/2020,9078.76,39698054597
3/6/2020,9122.55,40826885651
3/7/2020,8909.95,36216930370
3/8/2020,8108.12,39973102121
3/9/2020,7923.64,46936995808
3/10/2020,7909.73,42213940994
3/11/2020,7911.43,38682762605
3/12/2020,4970.79,53980357243
3/13/2020,5563.71,74156772075
3/14/2020,5200.37,36154506008
3/15/2020,5392.31,33997889639
3/16/2020,5014.48,45368026430
3/17/2020,5225.63,38622642935
3/18/2020,5238.44,37878801016
3/19/2020,6191.19,51000731797
3/20/2020,6198.78,54442976103
3/21/2020,6185.07,42494390880
3/22/2020,5830.25,40099664740
3/23/2020,6416.31,46491916000
3/24/2020,6734.8,48221910672
3/25/2020,6681.06,44590107888
3/26/2020,6716.44,35319797642
3/27/2020,6469.8,34585598367
3/28/2020,6242.19,34885225901
3/29/2020,5922.04,28373690931
3/30/2020,6429.84,37101651525
3/31/2020,6438.64,32786468812
4/1/2020,6606.78,40346426266
4/2/2020,6793.62,47660646124
4/3/2020,6733.39,38976504903
4/4/2020,6867.53,33185988584
4/5/2020,6791.13,29510409856
4/6/2020,7271.78,46896904615
4/7/2020,7176.41,44243482668
4/8/2020,7334.1,37563249549
4/9/2020,7302.09,34815139178
4/10/2020,6865.49,43622840992
4/11/2020,6859.08,31222085946
4/12/2020,6971.09,35759567632
4/13/2020,6845.04,38619308647
4/14/2020,6842.43,34110434052
4/15/2020,6642.11,32288311031
4/16/2020,7116.8,46783242377
4/17/2020,7096.18,32513423567
4/18/2020,7257.66,32447188386
4/19/2020,7189.42,31311210215
4/20/2020,6881.96,37747113936
4/21/2020,6880.32,32589741511
4/22/2020,7117.21,33249153866
4/23/2020,7429.72,43500782316
4/24/2020,7550.9,34636526286
4/25/2020,7569.94,32941541447
4/26/2020,7679.87,33070154491
4/27/2020,7795.6,36162144725
4/28/2020,7807.06,33187959921
4/29/2020,8801.04,60201052203
4/30/2020,8658.55,66964629541
5/1/2020,8864.77,44068389997
5/2/2020,8988.6,40134388683
5/3/2020,8897.47,47101785174
5/4/2020,8912.65,45718796276
5/5/2020,9003.07,43148462663
5/6/2020,9268.76,49371886931
5/7/2020,9951.52,61112700562
5/8/2020,9842.67,51780748042
5/9/2020,9593.9,46566121841
5/10/2020,8756.43,63325279337
5/11/2020,8601.8,57119858802
5/12/2020,8804.48,42142717533
5/13/2020,9269.99,45558144023
5/14/2020,9733.72,56426907637
5/15/2020,9328.2,48158802327
5/16/2020,9377.01,36164766408
5/17/2020,9670.74,40084250663
5/18/2020,9726.57,41827139896
5/19/2020,9729.04,39254288955
5/20/2020,9522.98,36546239703
5/21/2020,9081.76,39326160532
5/22/2020,9182.58,29810773699
5/23/2020,9209.29,27727866812
5/24/2020,8790.37,32518803300
5/25/2020,8906.93,31288157264
5/26/2020,8835.05,29584186947
5/27/2020,9181.02,32740536902
5/28/2020,9525.75,34367073114
5/29/2020,9439.12,32896642044
5/30/2020,9700.41,32722975141
5/31/2020,9461.06,27773290299
6/1/2020,10167.27,35198901068
6/2/2020,9529.8,39137252109
6/3/2020,9656.72,25007459262
6/4/2020,9800.64,25921805072
6/5/2020,9665.53,23509628646
6/6/2020,9653.68,20438419222
6/7/2020,9758.85,25015250846
6/8/2020,9771.49,21486346312
6/9/2020,9795.7,23717842783
6/10/2020,9870.09,25706567601
6/11/2020,9321.78,30247143440
6/12/2020,9480.84,22610564515
6/13/2020,9475.28,17564322315
6/14/2020,9386.79,18991732746
6/15/2020,9450.7,26699704768
6/16/2020,9538.02,21565537209
6/17/2020,9480.26,20177709879
6/18/2020,9411.84,17770083003
6/19/2020,9288.02,19632223107
6/20/2020,9332.34,17130541557
6/21/2020,9303.63,15324301169
6/22/2020,9648.72,21104009514
6/23/2020,9629.66,17006433272
6/24/2020,9313.61,18961716076
6/25/2020,9264.81,18616048626
6/26/2020,9162.92,18341465837
6/27/2020,9045.39,17273093144
6/28/2020,9143.58,14560870760
6/29/2020,9190.85,16460547078
6/30/2020,9137.99,15735797744
7/1/2020,9228.33,15971550355
7/2/2020,9123.41,16338916796
7/3/2020,9087.3,13078970999
7/4/2020,9132.49,12290528515
7/5/2020,9073.94,12903406143
7/6/2020,9375.47,17889263252
7/7/2020,9252.28,13839652595
7/8/2020,9428.33,19702359883
7/9/2020,9277.97,18000702524
7/10/2020,9278.81,16860035605
7/11/2020,9240.35,13249910444
7/12/2020,9276.5,14452361907
7/13/2020,9243.61,17519821266
7/14/2020,9243.21,18085038362
7/15/2020,9192.84,15844731575
7/16/2020,9132.23,15713967523
7/17/2020,9151.39,13944570750
7/18/2020,9159.04,12252601475
7/19/2020,9185.82,12939002784
7/20/2020,9164.23,13755604146
7/21/2020,9374.89,18069581956
7/22/2020,9525.36,16532254884
7/23/2020,9581.07,18146399002
7/24/2020,9536.89,16552768325
7/25/2020,9677.11,16610070933
7/26/2020,9905.17,20507998997
7/27/2020,10990.87,35359749590
7/28/2020,10912.82,28766551142
7/29/2020,11100.47,24617249715
7/30/2020,11111.21,22857247901
7/31/2020,11323.47,23160469766
8/1/2020,11759.59,26075670303
8/2/2020,11053.61,27410067336
8/3/2020,11246.35,20271713443
8/4/2020,11205.89,21250197042
8/5/2020,11747.02,24411254471
8/6/2020,11779.77,23400740340
8/7/2020,11601.47,23132312867
8/8/2020,11754.05,17572057837
8/9/2020,11675.74,17489608833
8/10/2020,11878.11,26114112569
8/11/2020,11410.53,27039782640
8/12/2020,11584.93,25064548486
8/13/2020,11784.14,27522199497
8/14/2020,11768.87,24237958589
8/15/2020,11865.7,23354924400
8/16/2020,11892.8,20583375490
8/17/2020,12254.4,28227687027
8/18/2020,11991.23,26043227672
8/19/2020,11758.28,24502851117
8/20/2020,11878.37,20175242945
8/21/2020,11592.49,23762425999
8/22/2020,11681.83,20224191306
8/23/2020,11664.85,18482062658
8/24/2020,11774.6,20681511755
8/25/2020,11366.14,26301509932
8/26/2020,11488.36,22466660958
8/27/2020,11323.4,23240415076
8/28/2020,11542.5,19807127588
8/29/2020,11506.87,17485597759
8/30/2020,11711.51,19760127945
8/31/2020,11680.82,22285928250
9/1/2020,11970.48,27311555343
9/2/2020,11414.03,28037405299
9/3/2020,10245.3,31927261555
9/4/2020,10511.81,29965130374
9/5/2020,10169.57,44916565292
9/6/2020,10280.35,37071460174
9/7/2020,10369.56,33703098409
9/8/2020,10131.52,33430927462
9/9/2020,10242.35,24128292755
9/10/2020,10363.14,54406443211
9/11/2020,10400.91,45201121775
9/12/2020,10442.17,36750077324
9/13/2020,10323.76,36506852789
9/14/2020,10680.84,35453581940
9/15/2020,10796.95,32509451925
9/16/2020,10974.9,30769986455
9/17/2020,10948.99,38151810523
9/18/2020,10944.59,26341903912
9/19/2020,11094.35,22764204008
9/20/2020,10938.27,24699523788
9/21/2020,10462.26,28884999244
9/22/2020,10538.46,23621787804
9/23/2020,10246.19,23788661867
9/24/2020,10760.07,47144380902
9/25/2020,10692.72,39348590957
9/26/2020,10750.72,46852525493
9/27/2020,10775.27,53745972818
9/28/2020,10709.65,47762394731
9/29/2020,10844.64,46582396602
9/30/2020,10784.49,44171073700
10/1/2020,10619.45,40023134100
10/2/2020,10575.98,48661453918
10/3/2020,10549.33,44660271563
10/4/2020,10669.58,71251776995
10/5/2020,10793.34,47537578009
10/6/2020,10604.41,42623695307
10/7/2020,10668.97,37799458436
10/8/2020,10915.69,63314794397
10/9/2020,11064.46,22799117613
10/10/2020,11296.36,22877978588
10/11/2020,11384.18,19968627060
10/12/2020,11555.36,26163972642
10/13/2020,11425.9,24241420251
10/14/2020,11429.51,24103426719
10/15/2020,11495.35,24487233058
10/16/2020,11322.12,25635480772
10/17/2020,11358.1,19130430174
10/18/2020,11483.36,18283314340
10/19/2020,11742.04,23860769928
10/20/2020,11916.34,30915821592
10/21/2020,12823.69,43414712626
10/22/2020,12965.89,34729759598
10/23/2020,12931.54,28974975003
10/24/2020,13108.06,24542317940
10/25/2020,13031.17,24406920575
10/26/2020,13075.25,29461458313
10/27/2020,13654.22,33749878156
10/28/2020,13271.29,35867318895
10/29/2020,13437.88,56499499598
10/30/2020,13546.52,30581485201
10/31/2020,13780.99,30306464719
11/1/2020,13737.11,24453857900
11/2/2020,13550.49,30771455468
11/3/2020,13950.3,29869951617
11/4/2020,14133.71,35116364962
11/5/2020,15579.85,40856321439
11/6/2020,15565.88,39837841971
11/7/2020,14833.75,35024953706
11/8/2020,15479.57,26632075029
11/9/2020,15332.32,34149115566
11/10/2020,15290.9,25574938143
11/11/2020,15701.34,29772374934
11/12/2020,16276.34,34175758344
11/13/2020,16317.81,31599492172
11/14/2020,16068.14,27481710135
11/15/2020,15955.59,23653867583
11/16/2020,16716.11,31526766675
11/17/2020,17645.41,39006849170
11/18/2020,17804.01,49064800278
11/19/2020,17817.09,36985055355
11/20/2020,18621.31,36992873940
11/21/2020,18642.23,39650210707
11/22/2020,18370,41280434226
11/23/2020,18364.12,42741112308
11/24/2020,19107.46,51469565009
11/25/2020,18732.12,43710357371
11/26/2020,17150.62,61396835737
11/27/2020,17108.4,38886494645
11/28/2020,17717.42,32601040734
11/29/2020,18177.48,31133957704
11/30/2020,19625.84,47728480399
12/1/2020,18803,49633658712
12/2/2020,19201.09,37387697139
12/3/2020,19445.4,31930317405
12/4/2020,18699.77,33872388058
12/5/2020,19154.23,27242455064
12/6/2020,19345.12,25293775714
12/7/2020,19191.63,26896357742
12/8/2020,18321.14,31692288756
12/9/2020,18553.92,34420373071
12/10/2020,18264.99,25547132265
12/11/2020,18058.9,27919640985
12/12/2020,18803.66,21752580802
12/13/2020,19142.38,25450468637
12/14/2020,19246.64,22473997681
12/15/2020,19417.08,26741982542
12/16/2020,21310.6,44409011479
12/17/2020,22805.16,71378606374
12/18/2020,23137.96,40387896275
12/19/2020,23869.83,38487546580
12/20/2020,23477.3,37844228422
12/21/2020,22803.08,45852713981
12/22/2020,23783.03,44171632681
12/23/2020,23241.34,51146161904
12/24/2020,23735.95,41080759713
12/25/2020,24664.79,42068395846
12/26/2020,26437.04,48332647295
12/27/2020,26272.29,66479895605
12/28/2020,27084.81,49056742893
12/29/2020,27362.44,45265946774
12/30/2020,28840.95,51287442704
12/31/2020,29001.72,46754964848
1/1/2021,29374.15,40730301359
1/2/2021,32127.27,67865420765
1/3/2021,32782.02,78665235202
1/4/2021,31971.91,81163475344
1/5/2021,33992.43,67547324782
1/6/2021,36824.36,75289433811
1/7/2021,39371.04,84762141031
1/8/2021,40797.61,88107519480
1/9/2021,40254.55,61984162837
1/10/2021,38356.44,79980747690
1/11/2021,35566.66,1.23321E+11
1/12/2021,33922.96,74773277909
1/13/2021,37316.36,69364315979
1/14/2021,39187.33,63615990033
1/15/2021,36825.37,67760757881
1/16/2021,36178.14,57706187875
1/17/2021,35791.28,52359854336
1/18/2021,36630.08,49511702429
1/19/2021,36069.81,57244195486
1/20/2021,35547.75,66834573161
1/21/2021,30825.7,75643067688
1/22/2021,33005.76,77207272511
1/23/2021,32067.64,48354737975
1/24/2021,32289.38,48643830599
1/25/2021,32366.39,59897054838
1/26/2021,32569.85,60255421470
1/27/2021,30432.55,62576762015
1/28/2021,33466.1,76517157706
1/29/2021,34316.39,1.17895E+11
1/30/2021,34269.52,65141828798
1/31/2021,33114.36,52754542671
2/1/2021,33537.18,61400400660
2/2/2021,35510.29,63088585433
2/3/2021,37472.09,61166818159
2/4/2021,36926.06,68838074392
2/5/2021,38144.31,58598066402
2/6/2021,39266.01,71326033653
2/7/2021,38903.44,65500641143
2/8/2021,46196.46,1.01467E+11
2/9/2021,46481.1,91809846886
2/10/2021,44918.18,87301089896
2/11/2021,47909.33,81388911810
2/12/2021,47504.85,76555041196
2/13/2021,47105.52,70250456155
2/14/2021,48717.29,71248675228
2/15/2021,47945.06,77069903166
2/16/2021,49199.87,77049582886
2/17/2021,52149.01,80820545404
2/18/2021,51679.8,52054723579
2/19/2021,55888.13,63495496918
2/20/2021,56099.52,68145460026
2/21/2021,57539.94,51897585191
2/22/2021,54207.32,92052420332
2/23/2021,48824.43,1.06102E+11
2/24/2021,49705.33,63695521388
2/25/2021,47093.85,54506565949
2/26/2021,46339.76,3.50968E+11
2/27/2021,46188.45,45910946382
2/28/2021,45137.77,53443887451
3/1/2021,49631.24,53891300112
3/2/2021,48378.99,47530897720
3/3/2021,50538.24,53220811975
3/4/2021,48561.17,52343816680
3/5/2021,48927.3,48625928883
3/6/2021,48912.38,34363564661
3/7/2021,51206.69,43137459378
3/8/2021,52246.52,48597428048
3/9/2021,54824.12,50912227385
3/10/2021,56008.55,57295577614
3/11/2021,57805.12,56772343595
3/12/2021,57332.09,55689944702
3/13/2021,61243.08,60669829814
3/14/2021,59302.32,43901225564
3/15/2021,55907.2,66419369890
3/16/2021,56804.9,59749798599
3/17/2021,58870.89,60258313191
3/18/2021,57858.92,55746041000
3/19/2021,58346.65,49063873786
3/20/2021,58313.64,50361731222
3/21/2021,57523.42,51943414539
3/22/2021,54529.15,56521454974
3/23/2021,54738.94,56435023914
3/24/2021,52774.26,70567223787
3/25/2021,51704.16,67999812841
3/26/2021,55137.31,56652197978
3/27/2021,55973.51,47266542233
3/28/2021,55950.75,47686580918
3/29/2021,57750.2,57625587027
3/30/2021,58917.69,54414116432
3/31/2021,58918.83,65520826225
4/1/2021,59095.81,61669163792
4/2/2021,59384.31,58727860620
4/3/2021,57603.89,59641344484
4/4/2021,58758.56,50749662970
4/5/2021,59057.88,60706272115
4/6/2021,58192.36,66058027988
4/7/2021,56048.94,75645303584
4/8/2021,58323.95,53053855641
4/9/2021,58245,46655208546
4/10/2021,59793.24,58238470525
4/11/2021,60204.96,46280252580
4/12/2021,59893.45,51828688519
4/13/2021,63503.46,69983454362
4/14/2021,63109.7,77451779687
4/15/2021,63314.01,60954381579
4/16/2021,61572.79,84293007468
4/17/2021,60683.82,66138759198
4/18/2021,56216.19,97468872758
4/19/2021,55724.27,65344865159
4/20/2021,56473.03,67849323955
4/21/2021,53906.09,54926612466
4/22/2021,51762.27,74798630778
4/23/2021,51093.65,86668667320
4/24/2021,50050.87,49014494781
4/25/2021,49004.25,46117114240
4/26/2021,54021.75,58284039825
4/27/2021,55033.12,49448222757
4/28/2021,54824.7,48000572955
4/29/2021,53555.11,46088929780
4/30/2021,57750.18,52395931985
5/1/2021,57828.05,42836427360
5/2/2021,56631.08,38177405335
5/3/2021,57200.29,51713139031
5/4/2021,53333.54,68564706967
5/5/2021,57424.01,69241316747
5/6/2021,56396.51,69523285106
5/7/2021,57356.4,68434023376
5/8/2021,58803.78,65382980634
5/9/2021,58232.32,65906690347
5/10/2021,55859.8,71776546298
5/11/2021,56704.57,61308396325
5/12/2021,49150.53,75215403907
5/13/2021,49716.19,96721152926
5/14/2021,49880.53,55737497453
5/15/2021,46760.19,59161047474
5/16/2021,46456.06,64047871555
5/17/2021,43537.51,74903638450
5/18/2021,42909.4,56187365084
5/19/2021,37002.44,1.26358E+11
5/20/2021,40782.74,88281943359
5/21/2021,37304.69,82051616861
5/22/2021,37536.63,57377273240
5/23/2021,34770.58,78469274361
5/24/2021,38705.98,67359584098
5/25/2021,38402.22,56211915803
5/26/2021,39294.2,51346735160
5/27/2021,38436.97,43210968721
5/28/2021,35697.61,55200191952
5/29/2021,34616.07,45231013335
5/30/2021,35678.13,31646080921
5/31/2021,37332.85,39009847639
6/1/2021,36684.92,34639423297
6/2/2021,37575.18,33070867190
6/3/2021,39208.77,35460750427
6/4/2021,36894.41,41831090187
6/5/2021,35551.96,35959473399
6/6/2021,35862.38,28913440585
6/7/2021,33560.71,33683936663
6/8/2021,33472.63,49902050442
6/9/2021,37345.12,53972919008
6/10/2021,36702.6,43576032854
6/11/2021,37334.4,38699736985
6/12/2021,35552.52,37924228550
6/13/2021,39097.86,40669112838
6/14/2021,40218.48,43148914673
6/15/2021,40406.27,46420149185
6/16/2021,38347.06,39211635100
6/17/2021,38053.5,37096670047
6/18/2021,35787.24,36200887275
6/19/2021,35615.87,31207279719
6/20/2021,35698.3,36664034054
6/21/2021,31676.69,52809038594
6/22/2021,32505.66,58964353058
6/23/2021,33723.03,46317108925
6/24/2021,34662.44,33123368116
6/25/2021,31637.78,40230904226
6/26/2021,32186.28,38585385521
6/27/2021,34649.64,35511640894
6/28/2021,34434.34,33892523752
6/29/2021,35867.78,37901460044
6/30/2021,35040.84,34059036099
7/1/2021,33572.12,37838957079
7/2/2021,33897.05,38728974942
7/3/2021,34668.55,24383958643
7/4/2021,35287.78,24924307911
7/5/2021,33746,26721554282
7/6/2021,34235.19,26501259870
7/7/2021,33855.33,24796027477
7/8/2021,32877.37,29910396946
7/9/2021,33798.01,27436021028
7/10/2021,33520.52,22971873468
7/11/2021,34240.19,20108729370
7/12/2021,33155.85,24321499537
7/13/2021,32702.03,19120856669
7/14/2021,32822.35,21376531210
7/15/2021,31780.73,21300524237
7/16/2021,31421.54,23699476918
7/17/2021,31533.07,18895018942
7/18/2021,31796.81,18787986667
7/19/2021,30817.83,20434789545
7/20/2021,29807.35,23148267245
7/21/2021,32110.69,28203024559
7/22/2021,32313.11,19555230518
7/23/2021,33581.55,22552046192
7/24/2021,34292.45,21664706865
7/25/2021,35350.19,20856685287
7/26/2021,37337.53,51022126212
7/27/2021,39406.94,35097370560
7/28/2021,39995.91,38702404695
7/29/2021,40008.42,27167146027
7/30/2021,42235.55,33072782960
7/31/2021,41626.2,25802845343
8/1/2021,39974.9,26688438115
8/2/2021,39201.95,25595265436
8/3/2021,38152.98,26189830450
8/4/2021,39747.51,25372562724
8/5/2021,40869.55,35185031017
8/6/2021,42816.5,38226483046
8/7/2021,44555.8,40030862141
8/8/2021,43798.12,36302664750
8/9/2021,46365.4,38734079049
8/10/2021,45585.03,33546019517
8/11/2021,45593.64,34319709073
8/12/2021,44428.29,33723620826
8/13/2021,47793.32,31744259539
8/14/2021,47096.95,31211354442
8/15/2021,47047,30988958446
8/16/2021,46004.48,32776876610
8/17/2021,44695.36,33451362600
8/18/2021,44801.19,32194123075
8/19/2021,46717.58,37204312299
8/20/2021,49339.18,34706867452
8/21/2021,48905.49,40585205312
8/22/2021,49321.65,25370975378
8/23/2021,49546.15,34305053719
8/24/2021,47706.12,35361168834
8/25/2021,48960.79,32646349931
8/26/2021,46942.22,32666549568
8/27/2021,49058.67,34511076995
8/28/2021,48902.4,28568103401
8/29/2021,48829.83,25889650240
8/30/2021,47054.98,31847007016
8/31/2021,47166.69,34730363427
9/1/2021,48847.03,39139399125
9/2/2021,49327.72,39508070319
9/3/2021,50025.37,43206179619
9/4/2021,49944.63,37471327794
9/5/2021,51753.41,30322676319
9/6/2021,52633.54,38884105426
9/7/2021,46811.13,65210059683
9/8/2021,46091.39,49007762488
9/9/2021,46391.42,38672657013
9/10/2021,44883.91,39154666597
9/11/2021,45201.46,34499835245
9/12/2021,46063.27,27881980161
9/13/2021,44963.07,40969943253
9/14/2021,47092.49,38652152880
9/15/2021,48176.35,30484496466
9/16/2021,47783.36,31764293754
9/17/2021,47267.52,28727713711
9/18/2021,48278.36,28575630451
9/19/2021,47260.22,26967722648
9/20/2021,42843.8,43909845642
9/21/2021,40693.68,48701090088
9/22/2021,43574.51,38139709246
9/23/2021,44895.1,34244064430
9/24/2021,42839.75,42839345714
9/25/2021,42716.59,31604717236
9/26/2021,43208.54,30661222077
9/27/2021,42235.73,30980029059
9/28/2021,41034.54,30214940550
9/29/2021,41564.36,30602359905
9/30/2021,43790.9,31141681925
